gasoline_shock_pct,diesel_shock_pct,direct_index_increment,indirect_index_increment,indirect_log_change,september_cpi_w_all_items,q3_cpi_w_average,cola_raw_pct,cola_rounded_pct
0.0,0.0,0.0,0.0,0.0,329.0081819737615,328.1977273245872,3.4460379004030006,3.4
0.0,5.0,0.01760193773559624,0.04056185289237851,0.00012327764165512376,329.0663457643895,328.2171152547965,3.4521488646061655,3.5
0.0,10.0,0.03520387547119248,0.07924106789395854,0.0002408193206975169,329.1226269171267,328.23587563904226,3.458062029927365,3.5
0.0,15.000000000000002,0.05280581320678873,0.11620487526398286,0.0003531351644834896,329.1771926622323,328.2540642207441,3.4637949663721788,3.5
0.0,20.0,0.07040775094238497,0.15159915972895432,0.0004606701356117005,329.23018888443283,328.2717296281443,3.4693630012831624,3.5
0.0,25.0,0.0880096886779812,0.18555194609533962,0.0005638146791438648,329.28174360853484,328.2889145361783,3.4747795855547534,3.5
0.0,30.000000000000004,0.10561162641357746,0.21817620113332484,0.0006629132803450848,329.3319698013084,328.3056566004361,3.480056588012579,3.5
0.0,35.0,0.1232135641491737,0.24957210662670173,0.0007582714064800886,329.3809676445374,328.3219892148458,3.485204534230886,3.5
0.0,40.0,0.14081550188476993,0.2798289190282821,0.0008501611855423006,329.42882639467456,328.33794213155824,3.4902328019166737,3.5
0.0,45.0,0.15841743962036617,0.30902650278887844,0.0009388260880393777,329.47562591617077,328.3535419720569,3.4951497820085886,3.5
0.0,50.0,0.1760193773559624,0.3372366037561246,0.001024484814755565,329.5214379548736,328.3688126516245,3.4999630124663157,3.5
0.0,55.00000000000001,0.19362131509155867,0.36452391379333504,0.0011073345468013572,329.5663272026464,328.3837757342155,3.5046792901243866,3.5
0.0,60.00000000000001,0.21122325282715493,0.3909469663968819,0.0011875536794988771,329.61035219298554,328.3984507309952,3.509304764790034,3.5
0.0,65.0,0.22882519056275114,0.41655889451953976,0.0012653041354530824,329.6535660588438,328.41285535294793,3.5138450188637314,3.5
0.0,70.0,0.2464271282983474,0.4414080752840401,0.0013407333322217152,329.6960171773439,328.4270057257813,3.5183051350758734,3.5
0.0,75.0,0.2640290660339436,0.46553868126116543,0.0014139758646861647,329.7377497210567,328.44091657368557,3.522689754406603,3.5
0.0,80.0,0.28163100376953987,0.4889911541062257,0.0014851549503672656,329.77880413163723,328.45460137721244,3.5270031258483874,3.5
0.0,85.00000000000001,0.29923294150513613,0.511802613318115,0.0015543836766726492,329.8192175285848,328.46807250952827,3.531249149352159,3.5
0.0,90.0,0.31683487924073234,0.5340072105020212,0.0016217660817809455,329.85902406350425,328.4813413545014,3.5354314130478137,3.5
0.0,95.0,0.3344368169763286,0.5556364376290646,0.0016873980951006497,329.8982552283669,328.49441840945565,3.5395532256314937,3.5
0.0,100.0,0.3520387547119248,0.5767193962808003,0.0017513683586427415,329.93694012475424,328.5073133749181,3.5436176446536134,3.5
0.0,105.0,0.369640692447521,0.5972830336585808,0.001813758946956273,329.97510569986764,328.5200352332892,3.547627501315169,3.5
0.0,110.00000000000001,0.38724263018311733,0.6173523501627401,0.0018746460002978652,330.0127769541073,328.53259231803577,3.5515854222770242,3.6
0.0,115.00000000000001,0.40484456791871354,0.636950582555108,0.0019341002832887417,330.04997712423534,328.5449923747451,3.555493848903796,3.6
0.0,120.00000000000001,0.42244650565430986,0.6560993660724632,0.0019921876793402584,330.08672784548827,328.55724261516275,3.559355054296237,3.6
0.0,125.0,0.440048443389906,0.6748188783287943,0.0020489696295111297,330.1230492954802,328.5693497651601,3.563171158410367,3.6
0.0,130.0,0.45765038112550227,0.6931279674076186,0.002104503523126231,330.15896032229466,328.58132010743157,3.5669441415153673,3.6
0.0,135.0,0.47525231886109853,0.7110442661841468,0.002158843046383104,330.1944785588068,328.5931595196023,3.57067585620491,3.6
0.0,140.0,0.4928542565966948,0.7285842946164696,0.002212038494254442,330.2296205249747,328.60487350832494,3.5743680381442733,3.6
0.0,145.00000000000003,0.5104561943322911,0.7457635514939485,0.0022641370502284653,330.26440171958774,328.61646723986263,3.5780223157099083,3.6
0.0,150.0,0.5280581320678872,0.7625965969205369,0.002315183037786606,330.29883670274995,328.6279455675833,3.581640218655508,3.6
0.0,155.0,0.5456600698034835,0.7790971266336753,0.0023652181469772803,330.3329391701987,328.6393130567329,3.5852231859203463,3.6
0.0,160.0,0.5632620075390797,0.7952780391097863,0.0024142816389878265,330.3667220204104,328.6505740068035,3.588772572679647,3.6
0.0,165.0,0.580863945274676,0.8111514962806357,0.0024624105312297064,330.4001974153168,328.66173247177227,3.5922896567237115,3.6
0.0,170.00000000000003,0.5984658830102723,0.8267289785769486,0.002509639765122831,330.4333768353487,328.6727922784496,3.5957756442411797,3.6
0.0,175.0,0.6160678207458684,0.8420213349237,0.002556002358484123,330.46627112943105,328.6837570431437,3.599231675071625,3.6
0.0,180.0,0.6336697584814647,0.8570388282327301,0.002601529544185043,330.4988905604757,328.69463018682524,3.6026588274853366,3.6
0.0,185.0,0.6512716962170609,0.8717911768707427,0.0026462508965365106,330.5312448468493,328.7054149489498,3.606058122540115,3.6
0.0,190.0,0.6688736339526572,0.8862875925225709,0.0026901944466821196,330.5633432002368,328.71611440007894,3.609430528059316,3.6
0.0,195.00000000000003,0.6864755716882535,0.9005368148193272,0.00273338678812715,330.5951943602691,328.72673145342304,3.6127769622701136,3.6
0.0,200.0,0.7040775094238496,0.91454714305761,0.0027758531733983074,330.62680662624297,328.7372688754144,3.6160982971360602,3.6
0.0,205.00000000000003,0.7216794471594459,0.9283264652981803,0.002817617602713905,330.65818788621914,328.7477292954064,3.619395361414255,3.6
0.0,210.0,0.739281384895042,0.9418822850997156,0.002858702905444099,330.68934564375627,328.7581152145854,3.622668943464271,3.6
0.0,215.0,0.7568833226306384,0.9552217461146112,0.0028991308150534303,330.72028704250675,328.76842901416893,3.6259197938321597,3.6
0.0,220.00000000000003,0.7744852603662347,0.9683516547487961,0.002938922038141619,330.75101888887656,328.77867296295886,3.6291486276312597,3.6
0.0,225.0,0.7920871981018308,0.9812785010656083,0.002978096318131691,330.781547672929,328.7888492243097,3.632356126738464,3.6
0.0,230.00000000000003,0.8096891358374271,0.9940084780945325,0.0030166724940958235,330.81187958769345,328.7989598625645,3.635542941822876,3.6
0.0,235.0,0.8272910735730234,1.0065474996886927,0.0030546685551576754,330.8420205470232,328.80900684900774,3.6387096942219963,3.6
0.0,240.00000000000003,0.8448930113086197,1.018901217060056,0.003092101690864457,330.87197620213016,328.8189920673767,3.6418569776790157,3.6
0.0,245.00000000000003,0.8624949490442159,1.0310750341081436,0.003128988337881796,330.90175195691387,328.82891731897126,3.6449853599532953,3.6
0.0,250.0,0.880096886779812,1.0430741216463757,0.0031653442233289066,330.9313529821877,328.8387843273959,3.6480953843150696,3.6
0.0,255.00000000000003,0.8976988245154084,1.0549034306198393,0.0032011844050400125,330.9607842288968,328.8485947429656,3.651187570934135,3.7
0.0,260.0,0.9153007622510045,1.0665677043990962,0.003236523309010007,330.9900504404116,328.85835014680384,3.654262418171538,3.7
0.0,265.00000000000006,0.9329026999866009,1.0780714902264725,0.003271374764257398,331.01915616397457,328.8680520546582,3.6573204037821987,3.7
0.0,270.0,0.9505046377221971,1.08941914988399,0.003305752035315391,331.0481057613677,328.8777019204559,3.660361986035603,3.7
0.0,275.0,0.9681065754577932,1.1006148696456173,0.003339667852542171,331.0769034188649,328.8873011396217,3.663387604761653,3.7
0.0,280.0,0.9857085131933896,1.1116626695706915,0.0033731344404236883,331.1055531565256,328.89685105217524,3.6663976823268256,3.7
0.0,285.0,1.0033104509289859,1.122566412190166,0.0034061635440264235,331.1340588368807,328.9063529456269,3.669392624546992,3.7
0.0,290.00000000000006,1.0209123886645821,1.1333298106326888,0.0034387664537433916,331.16242417305875,328.91580805768626,3.6723728215410967,3.7
0.0,295.0,1.0385143264001782,1.1439564362332981,0.003470954028463816,331.19065273639495,328.9252175787983,3.6753386485305652,3.7
0.0,300.0,1.0561162641357744,1.1544497256637842,0.0035027367172854834,331.21874796356104,328.9345826545204,3.678290466588492,3.7
5.0,0.0,0.6532457453089036,0.0,0.0,329.6614277190704,328.4154759063568,3.514671002241078,3.5
5.0,5.0,0.6708476830444998,0.04056185289237851,0.00012327764165512376,329.7195915096984,328.43486383656614,3.520781966444261,3.5
5.0,10.0,0.688449620780096,0.07924106789395854,0.0002408193206975169,329.7758726624356,328.4536242208119,3.52669513176546,3.5
5.0,15.000000000000002,0.7060515585156923,0.11620487526398286,0.0003531351644834896,329.8304384075412,328.47181280251374,3.5324280682102738,3.5
5.0,20.0,0.7236534962512885,0.15159915972895432,0.0004606701356117005,329.88343462974177,328.4894782099139,3.5379961031212397,3.5
5.0,25.0,0.7412554339868848,0.18555194609533962,0.0005638146791438648,329.9349893538438,328.50666311794794,3.5434126873928484,3.5
5.0,30.000000000000004,0.758857371722481,0.21817620113332484,0.0006629132803450848,329.98521554661727,328.52340518220575,3.548689689850674,3.5
5.0,35.0,0.7764593094580772,0.24957210662670173,0.0007582714064800886,330.0342133898463,328.53973779661544,3.553837636068981,3.6
5.0,40.0,0.7940612471936735,0.2798289190282821,0.0008501611855423006,330.08207213998344,328.5556907133278,3.558865903754751,3.6
5.0,45.0,0.8116631849292698,0.30902650278887844,0.0009388260880393777,330.12887166147965,328.5712905538266,3.563782883846702,3.6
5.0,50.0,0.829265122664866,0.3372366037561246,0.001024484814755565,330.1746837001825,328.5865612333942,3.568596114304429,3.6
5.0,55.00000000000001,0.8468670604004622,0.36452391379333504,0.0011073345468013572,330.2195729479553,328.60152431598516,3.5733123919625,3.6
5.0,60.00000000000001,0.8644689981360585,0.3909469663968819,0.0011875536794988771,330.2635979382944,328.6161993127648,3.577937866628129,3.6
5.0,65.0,0.8820709358716546,0.41655889451953976,0.0012653041354530824,330.3068118041527,328.63060393471756,3.582478120701827,3.6
5.0,70.0,0.899672873607251,0.4414080752840401,0.0013407333322217152,330.34926292265277,328.64475430755095,3.586938236913969,3.6
5.0,75.0,0.9172748113428473,0.46553868126116543,0.0014139758646861647,330.39099546636555,328.6586651554552,3.5913228562446986,3.6
5.0,80.0,0.9348767490784434,0.4889911541062257,0.0014851549503672656,330.43204987694617,328.67234995898207,3.5956362276864824,3.6
5.0,85.00000000000001,0.9524786868140397,0.511802613318115,0.0015543836766726492,330.4724632738937,328.6858210912979,3.599882251190254,3.6
5.0,90.0,0.9700806245496358,0.5340072105020212,0.0016217660817809455,330.51226980881313,328.69908993627104,3.6040645148859087,3.6
5.0,95.0,0.9876825622852322,0.5556364376290646,0.0016873980951006497,330.5515009736758,328.7121669912253,3.608186327469589,3.6
5.0,100.0,1.0052845000208284,0.5767193962808003,0.0017513683586427415,330.5901858700631,328.72506195668774,3.612250746491709,3.6
5.0,105.0,1.0228864377564246,0.5972830336585808,0.001813758946956273,330.6283514451765,328.7377838150589,3.6162606031532816,3.6
5.0,110.00000000000001,1.040488375492021,0.6173523501627401,0.0018746460002978652,330.66602269941626,328.75034089980545,3.6202185241151374,3.6
5.0,115.00000000000001,1.0580903132276172,0.636950582555108,0.0019341002832887417,330.7032228695443,328.7627409565148,3.624126950741909,3.6
5.0,120.00000000000001,1.0756922509632134,0.6560993660724632,0.0019921876793402584,330.73997359079715,328.7749911969324,3.6279881561343323,3.6
5.0,125.0,1.0932941886988097,0.6748188783287943,0.0020489696295111297,330.7762950407891,328.7870983469297,3.631804260248462,3.6
5.0,130.0,1.1108961264344057,0.6931279674076186,0.002104503523126231,330.81220606760354,328.7990686892012,3.6355772433534623,3.6
5.0,135.0,1.128498064170002,0.7110442661841468,0.002158843046383104,330.8477243041157,328.8109081013719,3.6393089580430056,3.6
5.0,140.0,1.1461000019055985,0.7285842946164696,0.002212038494254442,330.8828662702836,328.8226220900945,3.6430011399823505,3.6
5.0,145.00000000000003,1.1637019396411945,0.7457635514939485,0.0022641370502284653,330.9176474648967,328.8342158216322,3.6466554175479855,3.6
5.0,150.0,1.1813038773767908,0.7625965969205369,0.002315183037786606,330.95208244805883,328.84569414935294,3.6502733204936035,3.7
5.0,155.0,1.198905815112387,0.7790971266336753,0.0023652181469772803,330.9861849155076,328.85706163850256,3.653856287758459,3.7
5.0,160.0,1.2165077528479833,0.7952780391097863,0.0024142816389878265,331.0199677657193,328.8683225885731,3.6574056745177423,3.7
5.0,165.0,1.2341096905835796,0.8111514962806357,0.0024624105312297064,331.0534431606257,328.8794810535419,3.6609227585618065,3.7
5.0,170.00000000000003,1.2517116283191758,0.8267289785769486,0.002509639765122831,331.08662258065766,328.89054086021923,3.664408746079275,3.7
5.0,175.0,1.269313566054772,0.8420213349237,0.002556002358484123,331.11951687474,328.90150562491334,3.66786477690972,3.7
5.0,180.0,1.2869155037903681,0.8570388282327301,0.002601529544185043,331.15213630578455,328.91237876859486,3.671291929323432,3.7
5.0,185.0,1.3045174415259644,0.8717911768707427,0.0026462508965365106,331.18449059215817,328.9231635307194,3.67469122437821,3.7
5.0,190.0,1.3221193792615606,0.8862875925225709,0.0026901944466821196,331.21658894554565,328.93386298184856,3.678063629897411,3.7
5.0,195.00000000000003,1.3397213169971571,0.9005368148193272,0.00273338678812715,331.24844010557797,328.94448003519267,3.6814100641082086,3.7
5.0,200.0,1.3573232547327534,0.91454714305761,0.0027758531733983074,331.2800523715519,328.95501745718394,3.6847313989741375,3.7
5.0,205.00000000000003,1.3749251924683494,0.9283264652981803,0.002817617602713905,331.3114336315281,328.96547787717606,3.688028463252368,3.7
5.0,210.0,1.3925271302039457,0.9418822850997156,0.002858702905444099,331.3425913890652,328.9758637963551,3.6913020453023844,3.7
5.0,215.0,1.4101290679395417,0.9552217461146112,0.0028991308150534303,331.37353278781563,328.98617759593856,3.694552895670255,3.7
5.0,220.00000000000003,1.4277310056751382,0.9683516547487961,0.002938922038141619,331.40426463418544,328.9964215447285,3.6977817294693547,3.7
5.0,225.0,1.4453329434107345,0.9812785010656083,0.002978096318131691,331.43479341823786,329.0065978060793,3.700989228576559,3.7
5.0,230.00000000000003,1.4629348811463307,0.9940084780945325,0.0030166724940958235,331.4651253330024,329.01670844433414,3.704176043660971,3.7
5.0,235.0,1.480536818881927,1.0065474996886927,0.0030546685551576754,331.49526629233213,329.0267554307774,3.7073427960601095,3.7
5.0,240.00000000000003,1.498138756617523,1.018901217060056,0.003092101690864457,331.5252219474391,329.0367406491464,3.710490079517129,3.7
5.0,245.00000000000003,1.5157406943531193,1.0310750341081436,0.003128988337881796,331.55499770222275,329.04666590074095,3.7136184617914085,3.7
5.0,250.0,1.5333426320887154,1.0430741216463757,0.0031653442233289066,331.5845987274966,329.0565329091655,3.716728486153165,3.7
5.0,255.00000000000003,1.550944569824312,1.0549034306198393,0.0032011844050400125,331.61402997420566,329.0663433247352,3.7198206727722303,3.7
5.0,260.0,1.5685465075599083,1.0665677043990962,0.003236523309010007,331.64329618572054,329.0760987285735,3.722895520009651,3.7
5.0,265.00000000000006,1.5861484452955044,1.0780714902264725,0.003271374764257398,331.6724019092835,329.08580063642785,3.725953505620294,3.7
5.0,270.0,1.6037503830311006,1.08941914988399,0.003305752035315391,331.70135150667664,329.09545050222556,3.728995087873716,3.7
5.0,275.0,1.6213523207666967,1.1006148696456173,0.003339667852542171,331.7301491641738,329.10504972139125,3.73202070659973,3.7
5.0,280.0,1.6389542585022931,1.1116626695706915,0.0033731344404236883,331.7587989018345,329.11459963394486,3.7350307841649206,3.7
5.0,285.0,1.6565561962378894,1.122566412190166,0.0034061635440264235,331.78730458218956,329.12410152739653,3.738025726385087,3.7
5.0,290.00000000000006,1.6741581339734857,1.1333298106326888,0.0034387664537433916,331.8156699183677,329.1335566394559,3.7410059233791917,3.7
5.0,295.0,1.691760071709082,1.1439564362332981,0.003470954028463816,331.8438984817039,329.142966160568,3.7439717503686785,3.7
5.0,300.0,1.709362009444678,1.1544497256637842,0.0035027367172854834,331.87199370887,329.15233123628997,3.746923568426569,3.7
10.0,0.0,1.3064914906178071,0.0,0.0,330.3146734643793,328.6332244881265,3.583304104079191,3.6
10.0,5.0,1.3240934283534034,0.04056185289237851,0.00012327764165512376,330.3728372550073,328.65261241833576,3.589415068282356,3.6
10.0,10.0,1.3416953660889996,0.07924106789395854,0.0002408193206975169,330.4291184077445,328.6713728025815,3.5953282336035555,3.6
10.0,15.000000000000002,1.359297303824596,0.11620487526398286,0.0003531351644834896,330.48368415285006,328.68956138428337,3.601061170048369,3.6
10.0,20.0,1.376899241560192,0.15159915972895432,0.0004606701356117005,330.53668037505065,328.7072267916836,3.6066292049593525,3.6
10.0,25.0,1.3945011792957884,0.18555194609533962,0.0005638146791438648,330.58823509915266,328.72441169971756,3.612045789230944,3.6
10.0,30.000000000000004,1.4121031170313847,0.21817620113332484,0.0006629132803450848,330.6384612919262,328.74115376397543,3.617322791688787,3.6
10.0,35.0,1.4297050547669807,0.24957210662670173,0.0007582714064800886,330.6874591351552,328.75748637838507,3.6224707379070766,3.6
10.0,40.0,1.447306992502577,0.2798289190282821,0.0008501611855423006,330.7353178852924,328.7734392950975,3.627499005592864,3.6
10.0,45.0,1.4649089302381733,0.30902650278887844,0.0009388260880393777,330.78211740678853,328.78903913559617,3.632415985684779,3.6
10.0,50.0,1.4825108679737695,0.3372366037561246,0.001024484814755565,330.8279294454914,328.80430981516383,3.6372292161425244,3.6
10.0,55.00000000000001,1.500112805709366,0.36452391379333504,0.0011073345468013572,330.8728186932642,328.81927289775473,3.641945493800577,3.6
10.0,60.00000000000001,1.517714743444962,0.3909469663968819,0.0011875536794988771,330.91684368360336,328.83394789453445,3.6465709684662246,3.6
10.0,65.0,1.5353166811805583,0.41655889451953976,0.0012653041354530824,330.9600575494616,328.84835251648724,3.6511112225399396,3.7
10.0,70.0,1.5529186189161543,0.4414080752840401,0.0013407333322217152,331.0025086679617,328.8625028893206,3.655571338752064,3.7
10.0,75.0,1.5705205566517508,0.46553868126116543,0.0014139758646861647,331.04424121167443,328.8764137372248,3.6599559580827936,3.7
10.0,80.0,1.588122494387347,0.4889911541062257,0.0014851549503672656,331.08529562225505,328.8900985407517,3.664269329524578,3.7
10.0,85.00000000000001,1.6057244321229431,0.511802613318115,0.0015543836766726492,331.1257090192026,328.9035696730675,3.668515353028349,3.7
10.0,90.0,1.6233263698585396,0.5340072105020212,0.0016217660817809455,331.16551555412207,328.9168385180407,3.672697616724022,3.7
10.0,95.0,1.6409283075941357,0.5556364376290646,0.0016873980951006497,331.2047467189847,328.92991557299496,3.676819429307702,3.7
10.0,100.0,1.658530245329732,0.5767193962808003,0.0017513683586427415,331.24343161537206,328.94281053845737,3.680883848329804,3.7
10.0,105.0,1.676132183065328,0.5972830336585808,0.001813758946956273,331.2815971904854,328.95553239682846,3.6848937049913593,3.7
10.0,110.00000000000001,1.6937341208009244,0.6173523501627401,0.0018746460002978652,331.31926844472514,328.9680894815751,3.6888516259532325,3.7
10.0,115.00000000000001,1.7113360585365207,0.636950582555108,0.0019341002832887417,331.35646861485316,328.9804895382844,3.692760052580004,3.7
10.0,120.00000000000001,1.728937996272117,0.6560993660724632,0.0019921876793402584,331.3932193361061,328.99273977870206,3.696621257972445,3.7
10.0,125.0,1.7465399340077132,0.6748188783287943,0.0020489696295111297,331.429540786098,329.00484692869935,3.7004373620865576,3.7
10.0,130.0,1.7641418717433093,0.6931279674076186,0.002104503523126231,331.4654518129125,329.0168172709709,3.7042103451915755,3.7
10.0,135.0,1.7817438094789055,0.7110442661841468,0.002158843046383104,331.50097004942455,329.0286566831415,3.707942059881083,3.7
10.0,140.0,1.799345747214502,0.7285842946164696,0.002212038494254442,331.5361120155925,329.0403706718642,3.7116342418204638,3.7
10.0,145.00000000000003,1.816947684950098,0.7457635514939485,0.0022641370502284653,331.57089321020555,329.0519644034019,3.7152885193860987,3.7
10.0,150.0,1.8345496226856945,0.7625965969205369,0.002315183037786606,331.60532819336777,329.0634427311226,3.7189064223317168,3.7
10.0,155.0,1.8521515604212906,0.7790971266336753,0.0023652181469772803,331.6394306608165,329.0748102202722,3.7224893895965545,3.7
10.0,160.0,1.8697534981568869,0.7952780391097863,0.0024142816389878265,331.6732135110282,329.0860711703428,3.7260387763558556,3.7
10.0,165.0,1.887355435892483,0.8111514962806357,0.0024624105312297064,331.7066889059346,329.0972296353115,3.7295558603999015,3.7
10.0,170.00000000000003,1.9049573736280794,0.8267289785769486,0.002509639765122831,331.73986832596654,329.10828944198886,3.73304184791737,3.7
10.0,175.0,1.9225593113636756,0.8420213349237,0.002556002358484123,331.77276262004887,329.11925420668297,3.736497878747815,3.7
10.0,180.0,1.9401612490992717,0.8570388282327301,0.002601529544185043,331.8053820510935,329.1301273503645,3.739925031161527,3.7
10.0,185.0,1.9577631868348682,0.8717911768707427,0.0026462508965365106,331.8377363374671,329.14091211248905,3.743324326216305,3.7
10.0,190.0,1.9753651245704644,0.8862875925225709,0.0026901944466821196,331.8698346908546,329.1516115636182,3.7466967317355064,3.7
10.0,195.00000000000003,1.9929670623060605,0.9005368148193272,0.00273338678812715,331.90168585088685,329.1622286169623,3.7500431659463036,3.8
10.0,200.0,2.0105690000416567,0.91454714305761,0.0027758531733983074,331.9332981168608,329.1727660389536,3.7533645008122507,3.8
10.0,205.00000000000003,2.028170937777253,0.9283264652981803,0.002817617602713905,331.96467937683695,329.1832264589457,3.7566615650904636,3.8
10.0,210.0,2.0457728755128493,0.9418822850997156,0.002858702905444099,331.9958371343741,329.1936123781247,3.7599351471404794,3.8
10.0,215.0,2.0633748132484455,0.9552217461146112,0.0028991308150534303,332.02677853312457,329.2039261777082,3.76318599750835,3.8
10.0,220.00000000000003,2.080976750984042,0.9683516547487961,0.002938922038141619,332.0575103794944,329.2141701264981,3.76641483130745,3.8
10.0,225.0,2.098578688719638,0.9812785010656083,0.002978096318131691,332.08803916354674,329.2243463878489,3.769622330414654,3.8
10.0,230.00000000000003,2.1161806264552343,0.9940084780945325,0.0030166724940958235,332.11837107831127,329.23445702610377,3.772809145499066,3.8
10.0,235.0,2.1337825641908306,1.0065474996886927,0.0030546685551576754,332.148512037641,329.244504012547,3.7759758978981868,3.8
10.0,240.00000000000003,2.151384501926427,1.018901217060056,0.003092101690864457,332.178467692748,329.254489230916,3.779123181355224,3.8
10.0,245.00000000000003,2.168986439662023,1.0310750341081436,0.003128988337881796,332.2082434475317,329.2644144825106,3.782251563629504,3.8
10.0,250.0,2.1865883773976194,1.0430741216463757,0.0031653442233289066,332.23784447280553,329.2742814909352,3.785361587991278,3.8
10.0,255.00000000000003,2.2041903151332156,1.0549034306198393,0.0032011844050400125,332.26727571951454,329.2840919065049,3.7884537746103435,3.8
10.0,260.0,2.2217922528688114,1.0665677043990962,0.003236523309010007,332.2965419310294,329.29384731034315,3.791528621847746,3.8
10.0,265.00000000000006,2.239394190604408,1.0780714902264725,0.003271374764257398,332.3256476545924,329.3035492181975,3.794586607458389,3.8
10.0,270.0,2.256996128340004,1.08941914988399,0.003305752035315391,332.3545972519855,329.3131990839952,3.797628189711811,3.8
10.0,275.0,2.2745980660756002,1.1006148696456173,0.003339667852542171,332.3833949094827,329.32279830316094,3.8006538084378434,3.8
10.0,280.0,2.292200003811197,1.1116626695706915,0.0033731344404236883,332.41204464714343,329.3323482157145,3.803663886003016,3.8
10.0,285.0,2.3098019415467927,1.122566412190166,0.0034061635440264235,332.44055032749844,329.34185010916616,3.806658828223182,3.8
10.0,290.00000000000006,2.327403879282389,1.1333298106326888,0.0034387664537433916,332.46891566367657,329.3513052212256,3.809639025217305,3.8
10.0,295.0,2.3450058170179853,1.1439564362332981,0.003470954028463816,332.49714422701277,329.3607147423376,3.8126048522067735,3.8
10.0,300.0,2.3626077547535815,1.1544497256637842,0.0035027367172854834,332.52523945417886,329.37007981805965,3.8155566702646824,3.8
15.000000000000002,0.0,1.9597372359267107,0.0,0.0,330.9679192096882,328.8509730698961,3.651937205917286,3.7
15.000000000000002,5.0,1.977339173662307,0.04056185289237851,0.00012327764165512376,331.0260830003162,328.87036100010545,3.6580481701204692,3.7
15.000000000000002,10.0,1.9949411113979032,0.07924106789395854,0.0002408193206975169,331.0823641530534,328.88912138435114,3.6639613354416505,3.7
15.000000000000002,15.000000000000002,2.0125430491334995,0.11620487526398286,0.0003531351644834896,331.136929898159,328.907309966053,3.6696942718864642,3.7
15.000000000000002,20.0,2.0301449868690957,0.15159915972895432,0.0004606701356117005,331.1899261203596,328.9249753734532,3.675262306797448,3.7
15.000000000000002,25.0,2.047746924604692,0.18555194609533962,0.0005638146791438648,331.24148084446153,328.9421602814872,3.680678891069039,3.7
15.000000000000002,30.000000000000004,2.0653488623402882,0.21817620113332484,0.0006629132803450848,331.2917070372351,328.958902345745,3.6859558935268644,3.7
15.000000000000002,35.0,2.0829508000758845,0.24957210662670173,0.0007582714064800886,331.3407048804641,328.9752349601547,3.6911038397451716,3.7
15.000000000000002,40.0,2.1005527378114808,0.2798289190282821,0.0008501611855423006,331.38856363060125,328.9911878768671,3.696132107430959,3.7
15.000000000000002,45.0,2.118154675547077,0.30902650278887844,0.0009388260880393777,331.43536315209747,329.00678771736585,3.7010490875228923,3.7
15.000000000000002,50.0,2.1357566132826733,0.3372366037561246,0.001024484814755565,331.48117519080034,329.02205839693346,3.7058623179806194,3.7
15.000000000000002,55.00000000000001,2.153358551018269,0.36452391379333504,0.0011073345468013572,331.5260644385731,329.03702147952436,3.710578595638672,3.7
15.000000000000002,60.00000000000001,2.170960488753866,0.3909469663968819,0.0011875536794988771,331.57008942891224,329.05169647630413,3.7152040703043374,3.7
15.000000000000002,65.0,2.1885624264894616,0.41655889451953976,0.0012653041354530824,331.6133032947705,329.06610109825687,3.719744324378035,3.7
15.000000000000002,70.0,2.2061643642250583,0.4414080752840401,0.0013407333322217152,331.6557544132706,329.0802514710902,3.7242044405901593,3.7
15.000000000000002,75.0,2.2237663019606546,0.46553868126116543,0.0014139758646861647,331.69748695698337,329.09416231899445,3.728589059920889,3.7
15.000000000000002,80.0,2.2413682396962504,0.4889911541062257,0.0014851549503672656,331.738541367564,329.1078471225214,3.7329024313626906,3.7
15.000000000000002,85.00000000000001,2.2589701774318467,0.511802613318115,0.0015543836766726492,331.77895476451147,329.12131825483715,3.7371484548664444,3.7
15.000000000000002,90.0,2.276572115167443,0.5340072105020212,0.0016217660817809455,331.81876129943095,329.1345870998103,3.741330718562099,3.7
15.000000000000002,95.0,2.294174052903039,0.5556364376290646,0.0016873980951006497,331.8579924642936,329.1476641547645,3.745452531145779,3.7
15.000000000000002,100.0,2.3117759906386355,0.5767193962808003,0.0017513683586427415,331.89667736068094,329.160559120227,3.749516950167899,3.7
15.000000000000002,105.0,2.3293779283742317,0.5972830336585808,0.001813758946956273,331.93484293579434,329.17328097859814,3.753526806829472,3.8
15.000000000000002,110.00000000000001,2.346979866109828,0.6173523501627401,0.0018746460002978652,331.9725141900341,329.1858380633447,3.7574847277913275,3.8
15.000000000000002,115.00000000000001,2.3645818038454243,0.636950582555108,0.0019341002832887417,332.00971436016204,329.198238120054,3.7613931544180814,3.8
15.000000000000002,120.00000000000001,2.3821837415810205,0.6560993660724632,0.0019921876793402584,332.04646508141496,329.21048836047163,3.7652543598105224,3.8
15.000000000000002,125.0,2.399785679316617,0.6748188783287943,0.0020489696295111297,332.0827865314069,329.222595510469,3.7690704639246526,3.8
15.000000000000002,130.0,2.417387617052213,0.6931279674076186,0.002104503523126231,332.11869755822136,329.23456585274045,3.772843447029653,3.8
15.000000000000002,135.0,2.4349895547878093,0.7110442661841468,0.002158843046383104,332.1542157947335,329.2464052649112,3.7765751617191956,3.8
15.000000000000002,140.0,2.4525914925234056,0.7285842946164696,0.002212038494254442,332.18935776090143,329.2581192536338,3.7802673436585588,3.8
15.000000000000002,145.00000000000003,2.470193430259002,0.7457635514939485,0.0022641370502284653,332.2241389555145,329.2697129851715,3.7839216212241937,3.8
15.000000000000002,150.0,2.4877953679945977,0.7625965969205369,0.002315183037786606,332.25857393867665,329.2811913128922,3.787539524169794,3.8
15.000000000000002,155.0,2.5053973057301944,0.7790971266336753,0.0023652181469772803,332.2926764061254,329.2925588020418,3.7911224914346495,3.8
15.000000000000002,160.0,2.52299924346579,0.7952780391097863,0.0024142816389878265,332.3264592563371,329.30381975211236,3.794671878193933,3.8
15.000000000000002,165.0,2.540601181201387,0.8111514962806357,0.0024624105312297064,332.3599346512435,329.3149782170812,3.7981889622380147,3.8
15.000000000000002,170.00000000000003,2.558203118936983,0.8267289785769486,0.002509639765122831,332.3931140712755,329.3260380237585,3.801674949755465,3.8
15.000000000000002,175.0,2.575805056672579,0.8420213349237,0.002556002358484123,332.4260083653578,329.3370027884526,3.8051309805859104,3.8
15.000000000000002,180.0,2.5934069944081752,0.8570388282327301,0.002601529544185043,332.45862779640237,329.3478759321342,3.8085581329996403,3.8
15.000000000000002,185.0,2.6110089321437715,0.8717911768707427,0.0026462508965365106,332.490982082776,329.3586606942587,3.8119574280544004,3.8
15.000000000000002,190.0,2.6286108698793678,0.8862875925225709,0.0026901944466821196,332.52308043616347,329.3693601453878,3.8153298335736014,3.8
15.000000000000002,195.00000000000003,2.6462128076149645,0.9005368148193272,0.00273338678812715,332.5549315961958,329.3799771987319,3.818676267784399,3.8
15.000000000000002,200.0,2.6638147453505603,0.91454714305761,0.0027758531733983074,332.5865438621697,329.39051462072325,3.8219976026503457,3.8
15.000000000000002,205.00000000000003,2.6814166830861565,0.9283264652981803,0.002817617602713905,332.6179251221459,329.4009750407153,3.8252946669285586,3.8
15.000000000000002,210.0,2.699018620821753,0.9418822850997156,0.002858702905444099,332.64908287968296,329.41136095989435,3.828568248978575,3.8
15.000000000000002,215.0,2.716620558557349,0.9552217461146112,0.0028991308150534303,332.68002427843345,329.4216747594778,3.8318190993464456,3.8
15.000000000000002,220.00000000000003,2.734222496292946,0.9683516547487961,0.002938922038141619,332.71075612480325,329.4319187082678,3.835047933145563,3.8
15.000000000000002,225.0,2.751824434028541,0.9812785010656083,0.002978096318131691,332.7412849088557,329.4420949696186,3.838255432252767,3.8
15.000000000000002,230.00000000000003,2.769426371764138,0.9940084780945325,0.0030166724940958235,332.7716168236202,329.4522056078734,3.8414422473371617,3.8
15.000000000000002,235.0,2.787028309499734,1.0065474996886927,0.0030546685551576754,332.80175778294995,329.4622525943167,3.8446089997363,3.8
15.000000000000002,240.00000000000003,2.8046302472353304,1.018901217060056,0.003092101690864457,332.83171343805685,329.4722378126856,3.8477562831933017,3.8
15.000000000000002,245.00000000000003,2.822232184970926,1.0310750341081436,0.003128988337881796,332.86148919284057,329.4821630642802,3.850884665467599,3.9
15.000000000000002,250.0,2.8398341227065225,1.0430741216463757,0.0031653442233289066,332.8910902181144,329.49203007270484,3.8539946898293733,3.9
15.000000000000002,255.00000000000003,2.857436060442119,1.0549034306198393,0.0032011844050400125,332.9205214648235,329.50184048827447,3.8570868764484207,3.9
15.000000000000002,260.0,2.8750379981777154,1.0665677043990962,0.003236523309010007,332.94978767633836,329.5115958921128,3.860161723685841,3.9
15.000000000000002,265.00000000000006,2.8926399359133117,1.0780714902264725,0.003271374764257398,332.9788933999013,329.52129779996716,3.8632197092965024,3.9
15.000000000000002,270.0,2.9102418736489075,1.08941914988399,0.003305752035315391,333.0078429972944,329.5309476657648,3.8662612915499066,3.9
15.000000000000002,275.0,2.927843811384504,1.1006148696456173,0.003339667852542171,333.0366406547916,329.54054688493056,3.869286910275939,3.9
15.000000000000002,280.0,2.9454457491201005,1.1116626695706915,0.0033731344404236883,333.0652903924523,329.5500967974841,3.872296987841111,3.9
15.000000000000002,285.0,2.9630476868556963,1.122566412190166,0.0034061635440264235,333.0937960728074,329.55959869093584,3.8752919300612954,3.9
15.000000000000002,290.00000000000006,2.980649624591293,1.1333298106326888,0.0034387664537433916,333.1221614089855,329.56905380299514,3.878272127055382,3.9
15.000000000000002,295.0,2.9982515623268893,1.1439564362332981,0.003470954028463816,333.1503899723217,329.57846332410725,3.881237954044869,3.9
15.000000000000002,300.0,3.015853500062485,1.1544497256637842,0.0035027367172854834,333.17848519948774,329.5878283998293,3.8841897721027774,3.9
20.0,0.0,2.6129829812356142,0.0,0.0,331.62116495499714,329.0687216516657,3.7205703077553816,3.7
20.0,5.0,2.6305849189712105,0.04056185289237851,0.00012327764165512376,331.6793287456251,329.088109581875,3.7266812719585465,3.7
20.0,10.0,2.6481868567068068,0.07924106789395854,0.0002408193206975169,331.73560989836227,329.10686996612077,3.732594437279746,3.7
20.0,15.000000000000002,2.6657887944424026,0.11620487526398286,0.0003531351644834896,331.7901756434679,329.1250585478226,3.7383273737245593,3.7
20.0,20.0,2.6833907321779993,0.15159915972895432,0.0004606701356117005,331.84317186566847,329.14272395522283,3.743895408635543,3.7
20.0,25.0,2.7009926699135955,0.18555194609533962,0.0005638146791438648,331.89472658977047,329.1599088632568,3.749311992907134,3.7
20.0,30.000000000000004,2.718594607649192,0.21817620113332484,0.0006629132803450848,331.944952782544,329.1766509275147,3.7545889953649776,3.8
20.0,35.0,2.736196545384788,0.24957210662670173,0.0007582714064800886,331.99395062577304,329.1929835419244,3.759736941583285,3.8
20.0,40.0,2.753798483120384,0.2798289190282821,0.0008501611855423006,332.04180937591013,329.20893645863674,3.7647652092690542,3.8
20.0,45.0,2.77140042085598,0.30902650278887844,0.0009388260880393777,332.08860889740635,329.2245362991355,3.7696821893609873,3.8
20.0,50.0,2.789002358591577,0.3372366037561246,0.001024484814755565,332.1344209361092,329.2398069787031,3.7744954198187144,3.8
20.0,55.00000000000001,2.806604296327173,0.36452391379333504,0.0011073345468013572,332.179310183882,329.25477006129404,3.7792116974767853,3.8
20.0,60.00000000000001,2.8242062340627694,0.3909469663968819,0.0011875536794988771,332.2233351742212,329.2694450580737,3.7838371721424147,3.8
20.0,65.0,2.841808171798365,0.41655889451953976,0.0012653041354530824,332.26654904007944,329.2838496800265,3.78837742621613,3.8
20.0,70.0,2.8594101095339615,0.4414080752840401,0.0013407333322217152,332.30900015857947,329.29800005285983,3.7928375424282543,3.8
20.0,75.0,2.8770120472695577,0.46553868126116543,0.0014139758646861647,332.35073270229225,329.3119109007641,3.797222161758984,3.8
20.0,80.0,2.894613985005154,0.4889911541062257,0.0014851549503672656,332.39178711287286,329.32559570429095,3.801535533200768,3.8
20.0,85.00000000000001,2.9122159227407507,0.511802613318115,0.0015543836766726492,332.4322005098204,329.33906683660683,3.805781556704557,3.8
20.0,90.0,2.9298178604763465,0.5340072105020212,0.0016217660817809455,332.4720070447399,329.35233568158,3.8099638204002124,3.8
20.0,95.0,2.9474197982119428,0.5556364376290646,0.0016873980951006497,332.51123820960254,329.3654127365342,3.8140856329838924,3.8
20.0,100.0,2.965021735947539,0.5767193962808003,0.0017513683586427415,332.5499231059898,329.3783077019966,3.8181500520059943,3.8
20.0,105.0,2.9826236736831353,0.5972830336585808,0.001813758946956273,332.5880886811032,329.39102956036777,3.8221599086675675,3.8
20.0,110.00000000000001,3.000225611418732,0.6173523501627401,0.0018746460002978652,332.62575993534296,329.40358664511433,3.826117829629423,3.8
20.0,115.00000000000001,3.017827549154328,0.636950582555108,0.0019341002832887417,332.662960105471,329.41598670182367,3.8300262562561946,3.8
20.0,120.00000000000001,3.035429486889924,0.6560993660724632,0.0019921876793402584,332.6997108267239,329.4282369422413,3.8338874616486356,3.8
20.0,125.0,3.0530314246255204,0.6748188783287943,0.0020489696295111297,332.73603227671583,329.4403440922386,3.837703565762748,3.8
20.0,130.0,3.0706333623611166,0.6931279674076186,0.002104503523126231,332.77194330353024,329.4523144345101,3.841476548867748,3.8
20.0,135.0,3.0882353000967124,0.7110442661841468,0.002158843046383104,332.80746154004237,329.4641538466808,3.845208263557291,3.8
20.0,140.0,3.1058372378323087,0.7285842946164696,0.002212038494254442,332.8426035062103,329.47586783540345,3.848900445496654,3.8
20.0,145.00000000000003,3.1234391755679054,0.7457635514939485,0.0022641370502284653,332.87738470082337,329.48746156694114,3.852554723062289,3.9
20.0,150.0,3.1410411133035017,0.7625965969205369,0.002315183037786606,332.9118196839856,329.4989398946619,3.856172626007907,3.9
20.0,155.0,3.158643051039098,0.7790971266336753,0.0023652181469772803,332.94592215143433,329.5103073838115,3.8597555932727627,3.9
20.0,160.0,3.176244988774694,0.7952780391097863,0.0024142816389878265,332.979705001646,329.521568333882,3.863304980032028,3.9
20.0,165.0,3.19384692651029,0.8111514962806357,0.0024624105312297064,333.0131803965524,329.5327267988508,3.866822064076092,3.9
20.0,170.00000000000003,3.2114488642458863,0.8267289785769486,0.002509639765122831,333.04635981658436,329.5437866055281,3.8703080515935606,3.9
20.0,175.0,3.2290508019814825,0.8420213349237,0.002556002358484123,333.0792541106667,329.5547513702222,3.8737640824240054,3.9
20.0,180.0,3.2466527397170792,0.8570388282327301,0.002601529544185043,333.1118735417113,329.56562451390374,3.8771912348377175,3.9
20.0,185.0,3.2642546774526755,0.8717911768707427,0.0026462508965365106,333.1442278280849,329.5764092760283,3.8805905298924954,3.9
20.0,190.0,3.2818566151882713,0.8862875925225709,0.0026901944466821196,333.17632618147235,329.5871087271575,3.8839629354117147,3.9
20.0,195.00000000000003,3.2994585529238676,0.9005368148193272,0.00273338678812715,333.20817734150467,329.59772578050155,3.887309369622494,3.9
20.0,200.0,3.317060490659464,0.91454714305761,0.0027758531733983074,333.2397896074786,329.6082632024929,3.890630704488441,3.9
20.0,205.00000000000003,3.3346624283950606,0.9283264652981803,0.002817617602713905,333.27117086745477,329.61872362248494,3.8939277687666536,3.9
20.0,210.0,3.352264366130656,0.9418822850997156,0.002858702905444099,333.3023286249919,329.629109541664,3.89720135081667,3.9
20.0,215.0,3.3698663038662526,0.9552217461146112,0.0028991308150534303,333.3332700237424,329.6394233412475,3.9004522011845584,3.9
20.0,220.00000000000003,3.387468241601849,0.9683516547487961,0.002938922038141619,333.36400187011213,329.64966729003737,3.90368103498364,3.9
20.0,225.0,3.405070179337445,0.9812785010656083,0.002978096318131691,333.39453065416456,329.6598435513882,3.9068885340908444,3.9
20.0,230.00000000000003,3.4226721170730414,0.9940084780945325,0.0030166724940958235,333.4248625689291,329.669954189643,3.9100753491752567,3.9
20.0,235.0,3.4402740548086372,1.0065474996886927,0.0030546685551576754,333.4550035282588,329.6800011760863,3.913242101574395,3.9
20.0,240.00000000000003,3.457875992544234,1.018901217060056,0.003092101690864457,333.4849591833658,329.6899863944553,3.9163893850314144,3.9
20.0,245.00000000000003,3.47547793027983,1.0310750341081436,0.003128988337881796,333.5147349381495,329.6999116460499,3.919517767305712,3.9
20.0,250.0,3.4930798680154265,1.0430741216463757,0.0031653442233289066,333.5443359634233,329.7097786544744,3.9226277916674506,3.9
20.0,255.00000000000003,3.5106818057510227,1.0549034306198393,0.0032011844050400125,333.57376721013236,329.71958907004415,3.9257199782865335,3.9
20.0,260.0,3.5282837434866186,1.0665677043990962,0.003236523309010007,333.60303342164724,329.72934447388246,3.9287948255239544,3.9
20.0,265.00000000000006,3.5458856812222153,1.0780714902264725,0.003271374764257398,333.6321391452102,329.7390463817367,3.9318528111345796,3.9
20.0,270.0,3.563487618957811,1.08941914988399,0.003305752035315391,333.66108874260334,329.7486962475345,3.9348943933880194,3.9
20.0,275.0,3.581089556693408,1.1006148696456173,0.003339667852542171,333.68988640010053,329.7582954667002,3.937920012114034,3.9
20.0,280.0,3.598691494429004,1.1116626695706915,0.0033731344404236883,333.7185361377612,329.76784537925374,3.940930089679206,3.9
20.0,285.0,3.6162934321646,1.122566412190166,0.0034061635440264235,333.74704181811626,329.7773472727054,3.9439250318993726,3.9
20.0,290.00000000000006,3.633895369900196,1.1333298106326888,0.0034387664537433916,333.7754071542944,329.7868023847648,3.9469052288934954,3.9
20.0,295.0,3.6514973076357924,1.1439564362332981,0.003470954028463816,333.8036357176306,329.7962119058769,3.949871055882964,3.9
20.0,300.0,3.669099245371389,1.1544497256637842,0.0035027367172854834,333.8317309447967,329.8055769815989,3.9528228739408724,4.0
25.0,0.0,3.2662287265445173,0.0,0.0,332.274410700306,329.28647023343535,3.7892034095934766,3.8
25.0,5.0,3.2838306642801136,0.04056185289237851,0.00012327764165512376,332.332574490934,329.3058581636447,3.7953143737966597,3.8
25.0,10.0,3.30143260201571,0.07924106789395854,0.0002408193206975169,332.3888556436712,329.3246185478904,3.801227539117841,3.8
25.0,15.000000000000002,3.319034539751306,0.11620487526398286,0.0003531351644834896,332.4434213887768,329.3428071295923,3.8069604755626725,3.8
25.0,20.0,3.336636477486903,0.15159915972895432,0.0004606701356117005,332.49641761097735,329.36047253699246,3.812528510473638,3.8
25.0,25.0,3.354238415222499,0.18555194609533962,0.0005638146791438648,332.54797233507935,329.37765744502644,3.8179450947452294,3.8
25.0,30.000000000000004,3.371840352958095,0.21817620113332484,0.0006629132803450848,332.5981985278529,329.3943995092843,3.8232220972030726,3.8
25.0,35.0,3.389442290693691,0.24957210662670173,0.0007582714064800886,332.6471963710819,329.410732123694,3.82837004342138,3.8
25.0,40.0,3.4070442284292874,0.2798289190282821,0.0008501611855423006,332.69505512121907,329.42668504040637,3.8333983111071497,3.8
25.0,45.0,3.4246461661648837,0.30902650278887844,0.0009388260880393777,332.7418546427153,329.4422848809051,3.8383152911990823,3.8
25.0,50.0,3.4422481039004804,0.3372366037561246,0.001024484814755565,332.7876666814181,329.4575555604727,3.84312852165681,3.8
25.0,55.00000000000001,3.4598500416360762,0.36452391379333504,0.0011073345468013572,332.8325559291909,329.47251864306367,3.8478447993148803,3.8
25.0,60.00000000000001,3.4774519793716725,0.3909469663968819,0.0011875536794988771,332.87658091953006,329.4871936398434,3.852470273980528,3.9
25.0,65.0,3.4950539171072688,0.41655889451953976,0.0012653041354530824,332.9197947853883,329.5015982617961,3.857010528054225,3.9
25.0,70.0,3.512655854842865,0.4414080752840401,0.0013407333322217152,332.9622459038884,329.51574863462946,3.8614706442663493,3.9
25.0,75.0,3.530257792578461,0.46553868126116543,0.0014139758646861647,333.0039784476012,329.52965948253376,3.8658552635970973,3.9
25.0,80.0,3.5478597303140575,0.4889911541062257,0.0014851549503672656,333.04503285818174,329.5433442860606,3.8701686350388633,3.9
25.0,85.00000000000001,3.565461668049654,0.511802613318115,0.0015543836766726492,333.0854462551293,329.5568154183764,3.8744146585426344,3.9
25.0,90.0,3.58306360578525,0.5340072105020212,0.0016217660817809455,333.12525279004876,329.5700842633496,3.8785969222383074,3.9
25.0,95.0,3.6006655435208463,0.5556364376290646,0.0016873980951006497,333.1644839549114,329.58316131830384,3.8827187348219874,3.9
25.0,100.0,3.618267481256442,0.5767193962808003,0.0017513683586427415,333.20316885129876,329.59605628376625,3.8867831538440893,3.9
25.0,105.0,3.6358694189920384,0.5972830336585808,0.001813758946956273,333.24133442641215,329.6087781421374,3.8907930105056625,3.9
25.0,110.00000000000001,3.6534713567276347,0.6173523501627401,0.0018746460002978652,333.27900568065184,329.62133522688396,3.894750931467518,3.9
25.0,115.00000000000001,3.6710732944632314,0.636950582555108,0.0019341002832887417,333.31620585077985,329.6337352835933,3.89865935809429,3.9
25.0,120.00000000000001,3.6886752321988276,0.6560993660724632,0.0019921876793402584,333.3529565720328,329.64598552401094,3.9025205634867306,3.9
25.0,125.0,3.7062771699344235,0.6748188783287943,0.0020489696295111297,333.3892780220247,329.65809267400823,3.906336667600843,3.9
25.0,130.0,3.7238791076700197,0.6931279674076186,0.002104503523126231,333.4251890488392,329.67006301627976,3.910109650705861,3.9
25.0,135.0,3.741481045405616,0.7110442661841468,0.002158843046383104,333.4607072853513,329.6819024284504,3.913841365395386,3.9
25.0,140.0,3.7590829831412127,0.7285842946164696,0.002212038494254442,333.49584925151925,329.69361641717313,3.917533547334767,3.9
25.0,145.00000000000003,3.776684920876809,0.7457635514939485,0.0022641370502284653,333.53063044613225,329.70521014871076,3.921187824900384,3.9
25.0,150.0,3.794286858612405,0.7625965969205369,0.002315183037786606,333.56506542929446,329.7166884764315,3.9248057278460022,3.9
25.0,155.0,3.811888796348001,0.7790971266336753,0.0023652181469772803,333.5991678967432,329.72805596558106,3.92838869511084,3.9
25.0,160.0,3.8294907340835973,0.7952780391097863,0.0024142816389878265,333.6329507469549,329.73931691565167,3.931938081870141,3.9
25.0,165.0,3.8470926718191936,0.8111514962806357,0.0024624105312297064,333.66642614186134,329.75047538062046,3.935455165914205,3.9
25.0,170.00000000000003,3.8646946095547894,0.8267289785769486,0.002509639765122831,333.6996055618933,329.7615351872978,3.9389411534316734,3.9
25.0,175.0,3.882296547290386,0.8420213349237,0.002556002358484123,333.73249985597556,329.77249995199185,3.9423971842621004,3.9
25.0,180.0,3.8998984850259824,0.8570388282327301,0.002601529544185043,333.7651192870202,329.7833730956734,3.9458243366758303,3.9
25.0,185.0,3.9175004227615786,0.8717911768707427,0.0026462508965365106,333.7974735733938,329.7941578577979,3.949223631730591,3.9
25.0,190.0,3.935102360497175,0.8862875925225709,0.0026901944466821196,333.8295719267813,329.80485730892707,3.952596037249792,4.0
25.0,195.00000000000003,3.9527042982327707,0.9005368148193272,0.00273338678812715,333.8614230868136,329.81547436227123,3.9559424714606073,4.0
25.0,200.0,3.970306235968367,0.91454714305761,0.0027758531733983074,333.89303535278754,329.82601178426256,3.959263806326554,4.0
25.0,205.00000000000003,3.987908173703963,0.9283264652981803,0.002817617602713905,333.92441661276365,329.83647220425456,3.962560870604749,4.0
25.0,210.0,4.00551011143956,0.9418822850997156,0.002858702905444099,333.9555743703008,329.8468581234336,3.965834452654765,4.0
25.0,215.0,4.023112049175156,0.9552217461146112,0.0028991308150534303,333.98651576905127,329.8571719230171,3.969085303022654,4.0
25.0,220.00000000000003,4.0407139869107525,0.9683516547487961,0.002938922038141619,334.01724761542107,329.86741587180705,3.9723141368217534,4.0
25.0,225.0,4.058315924646348,0.9812785010656083,0.002978096318131691,334.0477763994735,329.87759213315786,3.9755216359289576,4.0
25.0,230.00000000000003,4.075917862381944,0.9940084780945325,0.0030166724940958235,334.078108314238,329.8877027714127,3.97870845101337,4.0
25.0,235.0,4.093519800117542,1.0065474996886927,0.0030546685551576754,334.1082492735677,329.89774975785593,3.9818752034124905,4.0
25.0,240.00000000000003,4.1111217378531375,1.018901217060056,0.003092101690864457,334.13820492867467,329.9077349762249,3.98502248686951,4.0
25.0,245.00000000000003,4.128723675588733,1.0310750341081436,0.003128988337881796,334.1679806834584,329.91766022781945,3.9881508691437895,4.0
25.0,250.0,4.14632561332433,1.0430741216463757,0.0031653442233289066,334.19758170873223,329.9275272362441,3.9912608935055633,4.0
25.0,255.00000000000003,4.163927551059926,1.0549034306198393,0.0032011844050400125,334.2270129554413,329.9373376518138,3.994353080124629,4.0
25.0,260.0,4.181529488795522,1.0665677043990962,0.003236523309010007,334.2562791669562,329.94709305565203,3.9974279273620317,4.0
25.0,265.00000000000006,4.199131426531118,1.0780714902264725,0.003271374764257398,334.2853848905191,329.95679496350635,4.000485912972675,4.0
25.0,270.0,4.216733364266715,1.08941914988399,0.003305752035315391,334.3143344879122,329.96644482930407,4.003527495226097,4.0
25.0,275.0,4.234335302002311,1.1006148696456173,0.003339667852542171,334.3431321454094,329.9760440484698,4.006553113952129,4.0
25.0,280.0,4.251937239737908,1.1116626695706915,0.0033731344404236883,334.3717818830701,329.98559396102337,4.009563191517302,4.0
25.0,285.0,4.269539177473503,1.122566412190166,0.0034061635440264235,334.4002875634252,329.9950958544751,4.012558133737485,4.0
25.0,290.00000000000006,4.287141115209099,1.1333298106326888,0.0034387664537433916,334.4286528996033,330.00455096653445,4.015538330731591,4.0
25.0,295.0,4.304743052944696,1.1439564362332981,0.003470954028463816,334.45688146293946,330.0139604876465,4.018504157721059,4.0
25.0,300.0,4.322344990680292,1.1544497256637842,0.0035027367172854834,334.48497669010555,330.02332556336853,4.021455975778967,4.0
30.000000000000004,0.0,3.9194744718534213,0.0,0.0,332.92765644561496,329.504218815205,3.8578365114315716,3.9
30.000000000000004,5.0,3.9370764095890176,0.04056185289237851,0.00012327764165512376,332.9858202362429,329.5236067454143,3.8639474756347547,3.9
30.000000000000004,10.0,3.954678347324614,0.07924106789395854,0.0002408193206975169,333.0421013889801,329.54236712966,3.869860640955936,3.9
30.000000000000004,15.000000000000002,3.9722802850602097,0.11620487526398286,0.0003531351644834896,333.0966671340857,329.5605557113619,3.8755935774007675,3.9
30.000000000000004,20.0,3.9898822227958064,0.15159915972895432,0.0004606701356117005,333.1496633562863,329.5782211187621,3.8811616123117334,3.9
30.000000000000004,25.0,4.007484160531403,0.18555194609533962,0.0005638146791438648,333.2012180803883,329.5954060267961,3.886578196583342,3.9
30.000000000000004,30.000000000000004,4.025086098266999,0.21817620113332484,0.0006629132803450848,333.25144427316184,329.61214809105394,3.891855199041168,3.9
30.000000000000004,35.0,4.042688036002595,0.24957210662670173,0.0007582714064800886,333.3004421163908,329.6284807054636,3.897003145259457,3.9
30.000000000000004,40.0,4.0602899737381914,0.2798289190282821,0.0008501611855423006,333.34830086652795,329.644433622176,3.9020314129452447,3.9
30.000000000000004,45.0,4.077891911473787,0.30902650278887844,0.0009388260880393777,333.39510038802416,329.66003346267473,3.906948393037178,3.9
30.000000000000004,50.0,4.095493849209384,0.3372366037561246,0.001024484814755565,333.44091242672704,329.67530414224234,3.911761623494905,3.9
30.000000000000004,55.00000000000001,4.11309578694498,0.36452391379333504,0.0011073345468013572,333.48580167449984,329.6902672248333,3.916477901152976,3.9
30.000000000000004,60.00000000000001,4.1306977246805765,0.3909469663968819,0.0011875536794988771,333.529826664839,329.704942221613,3.9211033758186233,3.9
30.000000000000004,65.0,4.148299662416172,0.41655889451953976,0.0012653041354530824,333.5730405306972,329.71934684356575,3.9256436298923205,3.9
30.000000000000004,70.0,4.165901600151769,0.4414080752840401,0.0013407333322217152,333.6154916491973,329.73349721639914,3.9301037461044626,3.9
30.000000000000004,75.0,4.183503537887365,0.46553868126116543,0.0014139758646861647,333.65722419291006,329.74740806430333,3.9344883654351746,3.9
30.000000000000004,80.0,4.2011054756229615,0.4889911541062257,0.0014851549503672656,333.6982786034907,329.76109286783026,3.9388017368769765,3.9
30.000000000000004,85.00000000000001,4.218707413358557,0.511802613318115,0.0015543836766726492,333.7386920004382,329.7745640001461,3.9430477603807477,3.9
30.000000000000004,90.0,4.236309351094154,0.5340072105020212,0.0016217660817809455,333.7784985353577,329.7878328451192,3.9472300240764024,3.9
30.000000000000004,95.0,4.25391128882975,0.5556364376290646,0.0016873980951006497,333.8177297002203,329.80090990007346,3.951351836660083,4.0
30.000000000000004,100.0,4.271513226565347,0.5767193962808003,0.0017513683586427415,333.85641459660764,329.81380486553593,3.9554162556822026,4.0
30.000000000000004,105.0,4.289115164300942,0.5972830336585808,0.001813758946956273,333.89458017172103,329.826526723907,3.9594261123437575,4.0
30.000000000000004,110.00000000000001,4.306717102036538,0.6173523501627401,0.0018746460002978652,333.93225142596077,329.8390838086536,3.9633840333056134,4.0
30.000000000000004,115.00000000000001,4.324319039772135,0.636950582555108,0.0019341002832887417,333.9694515960888,329.8514838653629,3.967292459932385,4.0
30.000000000000004,120.00000000000001,4.341920977507732,0.6560993660724632,0.0019921876793402584,334.0062023173417,329.86373410578057,3.971153665324826,4.0
30.000000000000004,125.0,4.3595229152433275,0.6748188783287943,0.0020489696295111297,334.0425237673336,329.87584125577786,3.974969769438938,4.0
30.000000000000004,130.0,4.377124852978923,0.6931279674076186,0.002104503523126231,334.07843479414805,329.8878115980494,3.978742752543956,4.0
30.000000000000004,135.0,4.39472679071452,0.7110442661841468,0.002158843046383104,334.1139530306602,329.8996510102201,3.9824744672334993,4.0
30.000000000000004,140.0,4.412328728450117,0.7285842946164696,0.002212038494254442,334.1490949968281,329.9113649989427,3.9861666491728442,4.0
30.000000000000004,145.00000000000003,4.4299306661857125,0.7457635514939485,0.0022641370502284653,334.1838761914412,329.9229587304804,3.989820926738479,4.0
30.000000000000004,150.0,4.447532603921309,0.7625965969205369,0.002315183037786606,334.2183111746034,329.9344370582011,3.9934388296840972,4.0
30.000000000000004,155.0,4.465134541656905,0.7790971266336753,0.0023652181469772803,334.2524136420521,329.9458045473507,3.997021796948935,4.0
30.000000000000004,160.0,4.482736479392501,0.7952780391097863,0.0024142816389878265,334.2861964922638,329.9570654974213,4.000571183708236,4.0
30.000000000000004,165.0,4.500338417128098,0.8111514962806357,0.0024624105312297064,334.3196718871702,329.9682239623901,4.004088267752301,4.0
30.000000000000004,170.00000000000003,4.517940354863693,0.8267289785769486,0.002509639765122831,334.3528513072022,329.9792837690674,4.007574255269769,4.0
30.000000000000004,175.0,4.53554229259929,0.8420213349237,0.002556002358484123,334.3857456012845,329.99024853376153,4.011030286100214,4.0
30.000000000000004,180.0,4.553144230334886,0.8570388282327301,0.002601529544185043,334.4183650323291,330.00112167744305,4.014457438513926,4.0
30.000000000000004,185.0,4.570746168070483,0.8717911768707427,0.0026462508965365106,334.4507193187027,330.01190643956755,4.017856733568686,4.0
30.000000000000004,190.0,4.588348105806078,0.8862875925225709,0.0026901944466821196,334.48281767209016,330.02260589069675,4.021229139087905,4.0
30.000000000000004,195.00000000000003,4.605950043541675,0.9005368148193272,0.00273338678812715,334.5146688321225,330.0332229440408,4.0245755732986845,4.0
30.000000000000004,200.0,4.623551981277271,0.91454714305761,0.0027758531733983074,334.5462810980964,330.04376036603213,4.027896908164632,4.0
30.000000000000004,205.00000000000003,4.641153919012867,0.9283264652981803,0.002817617602713905,334.5776623580726,330.0542207860242,4.0311939724428445,4.0
30.000000000000004,210.0,4.6587558567484635,0.9418822850997156,0.002858702905444099,334.6088201156097,330.06460670520323,4.03446755449286,4.0
30.000000000000004,215.0,4.67635779448406,0.9552217461146112,0.0028991308150534303,334.63976151436015,330.0749205047867,4.037718404860731,4.0
30.000000000000004,220.00000000000003,4.693959732219656,0.9683516547487961,0.002938922038141619,334.67049336072995,330.0851644535767,4.040947238659848,4.0
30.000000000000004,225.0,4.711561669955252,0.9812785010656083,0.002978096318131691,334.70102214478237,330.0953407149275,4.044154737767053,4.0
30.000000000000004,230.00000000000003,4.7291636076908485,0.9940084780945325,0.0030166724940958235,334.7313540595469,330.10545135318233,4.047341552851465,4.0
30.000000000000004,235.0,4.746765545426445,1.0065474996886927,0.0030546685551576754,334.76149501887664,330.11549833962556,4.0505083052505855,4.1
30.000000000000004,240.00000000000003,4.764367483162041,1.018901217060056,0.003092101690864457,334.7914506739836,330.1254835579945,4.0536555887076045,4.1
30.000000000000004,245.00000000000003,4.781969420897638,1.0310750341081436,0.003128988337881796,334.82122642876726,330.1354088095891,4.0567839709818845,4.1
30.000000000000004,250.0,4.799571358633234,1.0430741216463757,0.0031653442233289066,334.8508274540411,330.1452758180137,4.059893995343659,4.1
30.000000000000004,255.00000000000003,4.817173296368829,1.0549034306198393,0.0032011844050400125,334.8802587007502,330.1550862335834,4.062986181962724,4.1
30.000000000000004,260.0,4.834775234104426,1.0665677043990962,0.003236523309010007,334.90952491226506,330.1648416374217,4.066061029200145,4.1
30.000000000000004,265.00000000000006,4.852377171840022,1.0780714902264725,0.003271374764257398,334.938630635828,330.17454354527604,4.069119014810788,4.1
30.000000000000004,270.0,4.869979109575619,1.08941914988399,0.003305752035315391,334.96758023322116,330.18419341107375,4.07216059706421,4.1
30.000000000000004,275.0,4.8875810473112145,1.1006148696456173,0.003339667852542171,334.9963778907183,330.19379263023944,4.075186215790224,4.1
30.000000000000004,280.0,4.905182985046811,1.1116626695706915,0.0033731344404236883,335.025027628379,330.203342542793,4.078196293355397,4.1
30.000000000000004,285.0,4.922784922782407,1.122566412190166,0.0034061635440264235,335.0535333087341,330.2128444362447,4.081191235575581,4.1
30.000000000000004,290.00000000000006,4.940386860518004,1.1333298106326888,0.0034387664537433916,335.0818986449122,330.2222995483041,4.084171432569685,4.1
30.000000000000004,295.0,4.9579887982535995,1.1439564362332981,0.003470954028463816,335.1101272082484,330.2317090694161,4.087137259559154,4.1
30.000000000000004,300.0,4.975590735989195,1.1544497256637842,0.0035027367172854834,335.1382224354145,330.24107414513816,4.090089077617063,4.1
35.0,0.0,4.572720217162325,0.0,0.0,333.58090219092384,329.7219673969746,3.926469613269667,3.9
35.0,5.0,4.590322154897922,0.04056185289237851,0.00012327764165512376,333.6390659815518,329.74135532718395,3.9325805774728497,3.9
35.0,10.0,4.607924092633517,0.07924106789395854,0.0002408193206975169,333.695347134289,329.7601157114297,3.938493742794049,3.9
35.0,15.000000000000002,4.625526030369114,0.11620487526398286,0.0003531351644834896,333.74991287939457,329.7783042931315,3.9442266792388447,3.9
35.0,20.0,4.643127968104711,0.15159915972895432,0.0004606701356117005,333.80290910159516,329.7959697005317,3.9497947141498284,3.9
35.0,25.0,4.660729905840307,0.18555194609533962,0.0005638146791438648,333.85446382569717,329.81315460856575,3.9552112984214376,4.0
35.0,30.000000000000004,4.6783318435759025,0.21817620113332484,0.0006629132803450848,333.9046900184707,329.8298966728236,3.960488300879281,4.0
35.0,35.0,4.695933781311499,0.24957210662670173,0.0007582714064800886,333.95368786169973,329.84622928723326,3.9656362470975703,4.0
35.0,40.0,4.713535719047095,0.2798289190282821,0.0008501611855423006,334.0015466118369,329.8621822039456,3.97066451478334,4.0
35.0,45.0,4.731137656782691,0.30902650278887844,0.0009388260880393777,334.04834613333304,329.87778204444436,3.975581494875273,4.0
35.0,50.0,4.7487395945182875,0.3372366037561246,0.001024484814755565,334.0941581720359,329.89305272401197,3.980394725333,4.0
35.0,55.00000000000001,4.766341532253884,0.36452391379333504,0.0011073345468013572,334.1390474198087,329.9080158066029,3.985111002991071,4.0
35.0,60.00000000000001,4.78394346998948,0.3909469663968819,0.0011875536794988771,334.1830724101479,329.92269080338264,3.9897364776567183,4.0
35.0,65.0,4.801545407725077,0.41655889451953976,0.0012653041354530824,334.22628627600614,329.9370954253354,3.9942767317304155,4.0
35.0,70.0,4.819147345460673,0.4414080752840401,0.0013407333322217152,334.2687373945062,329.9512457981687,3.99873684794254,4.0
35.0,75.0,4.836749283196268,0.46553868126116543,0.0014139758646861647,334.31046993821894,329.965156646073,4.003121467273288,4.0
35.0,80.0,4.854351220931865,0.4889911541062257,0.0014851549503672656,334.35152434879956,329.9788414495999,4.007434838715072,4.0
35.0,85.00000000000001,4.871953158667462,0.511802613318115,0.0015543836766726492,334.3919377457471,329.9923125819157,4.011680862218843,4.0
35.0,90.0,4.889555096403058,0.5340072105020212,0.0016217660817809455,334.4317442806666,330.0055814268889,4.015863125914516,4.0
35.0,95.0,4.9071570341386535,0.5556364376290646,0.0016873980951006497,334.47097544552923,330.0186584818431,4.019984938498178,4.0
35.0,100.0,4.92475897187425,0.5767193962808003,0.0017513683586427415,334.5096603419166,330.0315534473055,4.02404935752028,4.0
35.0,105.0,4.942360909609846,0.5972830336585808,0.001813758946956273,334.5478259170299,330.04427530567665,4.0280592141818525,4.0
35.0,110.00000000000001,4.959962847345443,0.6173523501627401,0.0018746460002978652,334.58549717126965,330.05683239042327,4.032017135143726,4.0
35.0,115.00000000000001,4.977564785081039,0.636950582555108,0.0019341002832887417,334.62269734139767,330.0692324471326,4.035925561770498,4.0
35.0,120.00000000000001,4.995166722816635,0.6560993660724632,0.0019921876793402584,334.6594480626506,330.08148268755025,4.039786767162939,4.0
35.0,125.0,5.012768660552231,0.6748188783287943,0.0020489696295111297,334.6957695126425,330.09358983754754,4.043602871277051,4.0
35.0,130.0,5.030370598287828,0.6931279674076186,0.002104503523126231,334.731680539457,330.105560179819,4.047375854382051,4.0
35.0,135.0,5.0479725360234236,0.7110442661841468,0.002158843046383104,334.7671987759691,330.1173995919897,4.0511075690715765,4.1
35.0,140.0,5.06557447375902,0.7285842946164696,0.002212038494254442,334.802340742137,330.1291135807123,4.05479975101094,4.1
35.0,145.00000000000003,5.083176411494617,0.7457635514939485,0.0022641370502284653,334.83712193675007,330.14070731225,4.058454028576574,4.1
35.0,150.0,5.100778349230213,0.7625965969205369,0.002315183037786606,334.8715569199123,330.1521856399708,4.06207193152221,4.1
35.0,155.0,5.118380286965809,0.7790971266336753,0.0023652181469772803,334.905659387361,330.1635531291204,4.065654898787048,4.1
35.0,160.0,5.135982224701405,0.7952780391097863,0.0024142816389878265,334.93944223757273,330.1748140791909,4.0692042855463315,4.1
35.0,165.0,5.153584162437002,0.8111514962806357,0.0024624105312297064,334.97291763247915,330.1859725441597,4.072721369590395,4.1
35.0,170.00000000000003,5.171186100172597,0.8267289785769486,0.002509639765122831,335.00609705251105,330.197032350837,4.076207357107846,4.1
35.0,175.0,5.188788037908194,0.8420213349237,0.002556002358484123,335.0389913465934,330.2079971155311,4.079663387938291,4.1
35.0,180.0,5.2063899756437895,0.8570388282327301,0.002601529544185043,335.071610777638,330.2188702592127,4.083090540352021,4.1
35.0,185.0,5.223991913379386,0.8717911768707427,0.0026462508965365106,335.1039650640116,330.22965502133724,4.086489835406799,4.1
35.0,190.0,5.241593851114982,0.8862875925225709,0.0026901944466821196,335.1360634173991,330.2403544724664,4.089862240926,4.1
35.0,195.00000000000003,5.259195788850579,0.9005368148193272,0.00273338678812715,335.1679145774314,330.2509715258105,4.093208675136798,4.1
35.0,200.0,5.276797726586175,0.91454714305761,0.0027758531733983074,335.1995268434053,330.26150894780176,4.096530010002726,4.1
35.0,205.00000000000003,5.294399664321771,0.9283264652981803,0.002817617602713905,335.23090810338147,330.2719693677938,4.099827074280939,4.1
35.0,210.0,5.312001602057368,0.9418822850997156,0.002858702905444099,335.2620658609186,330.28235528697286,4.103100656330955,4.1
35.0,215.0,5.329603539792963,0.9552217461146112,0.0028991308150534303,335.2930072596691,330.2926690865564,4.106351506698844,4.1
35.0,220.00000000000003,5.34720547752856,0.9683516547487961,0.002938922038141619,335.3237391060389,330.3029130353463,4.109580340497944,4.1
35.0,225.0,5.364807415264155,0.9812785010656083,0.002978096318131691,335.3542678900913,330.3130892966971,4.112787839605148,4.1
35.0,230.00000000000003,5.382409352999752,0.9940084780945325,0.0030166724940958235,335.3845998048558,330.3231999349519,4.115974654689542,4.1
35.0,235.0,5.400011290735349,1.0065474996886927,0.0030546685551576754,335.4147407641855,330.3332469213952,4.119141407088681,4.1
35.0,240.00000000000003,5.417613228470945,1.018901217060056,0.003092101690864457,335.4446964192925,330.3432321397642,4.122288690545718,4.1
35.0,245.00000000000003,5.435215166206541,1.0310750341081436,0.003128988337881796,335.4744721740762,330.35315739135876,4.125417072819998,4.1
35.0,250.0,5.452817103942137,1.0430741216463757,0.0031653442233289066,335.50407319935005,330.36302439978334,4.128527097181754,4.1
35.0,255.00000000000003,5.470419041677734,1.0549034306198393,0.0032011844050400125,335.5335044460591,330.3728348153531,4.131619283800837,4.1
35.0,260.0,5.488020979413331,1.0665677043990962,0.003236523309010007,335.56277065757394,330.38259021919134,4.13469413103824,4.1
35.0,265.00000000000006,5.5056229171489255,1.0780714902264725,0.003271374764257398,335.5918763811369,330.39229212704566,4.137752116648883,4.1
35.0,270.0,5.523224854884522,1.08941914988399,0.003305752035315391,335.62082597853004,330.4019419928434,4.140793698902305,4.1
35.0,275.0,5.540826792620118,1.1006148696456173,0.003339667852542171,335.64962363602723,330.41154121200907,4.14381931762832,4.1
35.0,280.0,5.558428730355715,1.1116626695706915,0.0033731344404236883,335.67827337368794,330.4210911245627,4.146829395193509,4.1
35.0,285.0,5.576030668091311,1.122566412190166,0.0034061635440264235,335.706779054043,330.43059301801435,4.149824337413676,4.1
35.0,290.00000000000006,5.593632605826907,1.1333298106326888,0.0034387664537433916,335.7351443902211,330.4400481300737,4.152804534407781,4.2
35.0,295.0,5.611234543562504,1.1439564362332981,0.003470954028463816,335.7633729535573,330.4494576511858,4.155770361397267,4.2
35.0,300.0,5.6288364812981,1.1544497256637842,0.0035027367172854834,335.79146818072337,330.4588227269078,4.158722179455158,4.2
40.0,0.0,5.2259659624712285,0.0,0.0,334.2341479362327,329.93971597874423,3.995102715107762,4.0
40.0,5.0,5.243567900206825,0.04056185289237851,0.00012327764165512376,334.2923117268607,329.9591039089536,4.001213679310945,4.0
40.0,10.0,5.261169837942421,0.07924106789395854,0.0002408193206975169,334.3485928795979,329.9778642931993,4.007126844632126,4.0
40.0,15.000000000000002,5.278771775678018,0.11620487526398286,0.0003531351644834896,334.4031586247035,329.9960528749012,4.012859781076958,4.0
40.0,20.0,5.2963737134136135,0.15159915972895432,0.0004606701356117005,334.4561548469041,330.0137182823014,4.018427815987941,4.0
40.0,25.0,5.31397565114921,0.18555194609533962,0.0005638146791438648,334.5077095710061,330.0309031903354,4.023844400259533,4.0
40.0,30.000000000000004,5.331577588884805,0.21817620113332484,0.0006629132803450848,334.5579357637796,330.0476452545932,4.029121402717358,4.0
40.0,35.0,5.349179526620402,0.24957210662670173,0.0007582714064800886,334.6069336070086,330.0639778690029,4.034269348935665,4.0
40.0,40.0,5.366781464355999,0.2798289190282821,0.0008501611855423006,334.65479235714577,330.07993078571525,4.039297616621435,4.0
40.0,45.0,5.384383402091594,0.30902650278887844,0.0009388260880393777,334.701591878642,330.095530626214,4.044214596713368,4.0
40.0,50.0,5.401985339827191,0.3372366037561246,0.001024484814755565,334.74740391734485,330.11080130578165,4.0490278271711135,4.0
40.0,55.00000000000001,5.419587277562787,0.36452391379333504,0.0011073345468013572,334.79229316511766,330.12576438837254,4.053744104829166,4.1
40.0,60.00000000000001,5.437189215298384,0.3909469663968819,0.0011875536794988771,334.83631815545675,330.14043938515226,4.058369579494814,4.1
40.0,65.0,5.45479115303398,0.41655889451953976,0.0012653041354530824,334.879532021315,330.15484400710505,4.062909833568528,4.1
40.0,70.0,5.472393090769576,0.4414080752840401,0.0013407333322217152,334.9219831398151,330.1689943799384,4.067369949780653,4.1
40.0,75.0,5.489995028505173,0.46553868126116543,0.0014139758646861647,334.9637156835279,330.18290522784264,4.071754569111382,4.1
40.0,80.0,5.507596966240768,0.4889911541062257,0.0014851549503672656,335.0047700941085,330.1965900313695,4.076067940553167,4.1
40.0,85.00000000000001,5.5251989039763645,0.511802613318115,0.0015543836766726492,335.04518349105604,330.21006116368534,4.080313964056938,4.1
40.0,90.0,5.54280084171196,0.5340072105020212,0.0016217660817809455,335.08499002597546,330.2233300086585,4.084496227752593,4.1
40.0,95.0,5.560402779447557,0.5556364376290646,0.0016873980951006497,335.1242211908381,330.2364070636127,4.088618040336273,4.1
40.0,100.0,5.578004717183154,0.5767193962808003,0.0017513683586427415,335.16290608722545,330.2493020290752,4.092682459358393,4.1
40.0,105.0,5.5956066549187495,0.5972830336585808,0.001813758946956273,335.20107166233885,330.2620238874463,4.096692316019948,4.1
40.0,110.00000000000001,5.613208592654346,0.6173523501627401,0.0018746460002978652,335.2387429165786,330.27458097219284,4.100650236981804,4.1
40.0,115.00000000000001,5.630810530389942,0.636950582555108,0.0019341002832887417,335.2759430867066,330.2869810289022,4.104558663608575,4.1
40.0,120.00000000000001,5.648412468125539,0.6560993660724632,0.0019921876793402584,335.3126938079595,330.2992312693198,4.1084198690010165,4.1
40.0,125.0,5.666014405861134,0.6748188783287943,0.0020489696295111297,335.3490152579514,330.3113384193171,4.112235973115129,4.1
40.0,130.0,5.68361634359673,0.6931279674076186,0.002104503523126231,335.38492628476587,330.32330876158863,4.1160089562201465,4.1
40.0,135.0,5.701218281332327,0.7110442661841468,0.002158843046383104,335.420444521278,330.33514817375936,4.11974067090969,4.1
40.0,140.0,5.718820219067923,0.7285842946164696,0.002212038494254442,335.45558648744594,330.346862162482,4.123432852849053,4.1
40.0,145.00000000000003,5.73642215680352,0.7457635514939485,0.0022641370502284653,335.490367682059,330.3584558940197,4.127087130414687,4.1
40.0,150.0,5.7540240945391155,0.7625965969205369,0.002315183037786606,335.52480266522116,330.3699342217404,4.130705033360288,4.1
40.0,155.0,5.771626032274712,0.7790971266336753,0.0023652181469772803,335.5589051326699,330.38130171089,4.134288000625143,4.1
40.0,160.0,5.789227970010308,0.7952780391097863,0.0024142816389878265,335.5926879828816,330.39256266096055,4.137837387384426,4.1
40.0,165.0,5.806829907745905,0.8111514962806357,0.0024624105312297064,335.62616337778803,330.4037211259294,4.141354471428508,4.1
40.0,170.00000000000003,5.824431845481501,0.8267289785769486,0.002509639765122831,335.65934279782,330.4147809326067,4.144840458945959,4.1
40.0,175.0,5.842033783217096,0.8420213349237,0.002556002358484123,335.6922370919023,330.4257456973008,4.148296489776404,4.1
40.0,180.0,5.859635720952693,0.8570388282327301,0.002601529544185043,335.7248565229469,330.4366188409823,4.151723642190116,4.2
40.0,185.0,5.877237658688289,0.8717911768707427,0.0026462508965365106,335.7572108093205,330.4474036031068,4.155122937244876,4.2
40.0,190.0,5.8948395964238856,0.8862875925225709,0.0026901944466821196,335.789309162708,330.458103054236,4.158495342764096,4.2
40.0,195.00000000000003,5.912441534159482,0.9005368148193272,0.00273338678812715,335.8211603227403,330.4687201075801,4.161841776974893,4.2
40.0,200.0,5.930043471895078,0.91454714305761,0.0027758531733983074,335.85277258871423,330.47925752957144,4.165163111840839,4.2
40.0,205.00000000000003,5.947645409630675,0.9283264652981803,0.002817617602713905,335.8841538486904,330.4897179495635,4.168460176119052,4.2
40.0,210.0,5.965247347366271,0.9418822850997156,0.002858702905444099,335.9153116062275,330.50010386874254,4.1717337581690686,4.2
40.0,215.0,5.982849285101867,0.9552217461146112,0.0028991308150534303,335.94625300497796,330.510417668326,4.174984608536939,4.2
40.0,220.00000000000003,6.000451222837464,0.9683516547487961,0.002938922038141619,335.97698485134777,330.52066161711593,4.178213442336039,4.2
40.0,225.0,6.018053160573059,0.9812785010656083,0.002978096318131691,336.0075136354002,330.53083787846674,4.181420941443243,4.2
40.0,230.00000000000003,6.035655098308656,0.9940084780945325,0.0030166724940958235,336.0378455501647,330.5409485167216,4.184607756527655,4.2
40.0,235.0,6.0532570360442515,1.0065474996886927,0.0030546685551576754,336.06798650949446,330.5509955031648,4.1877745089267755,4.2
40.0,240.00000000000003,6.070858973779848,1.018901217060056,0.003092101690864457,336.09794216460136,330.5609807215338,4.190921792383795,4.2
40.0,245.00000000000003,6.088460911515444,1.0310750341081436,0.003128988337881796,336.1277179193851,330.5709059731284,4.194050174658093,4.2
40.0,250.0,6.106062849251041,1.0430741216463757,0.0031653442233289066,336.1573189446589,330.580772981553,4.197160199019867,4.2
40.0,255.00000000000003,6.123664786986637,1.0549034306198393,0.0032011844050400125,336.186750191368,330.59058339712266,4.2002523856389145,4.2
40.0,260.0,6.141266724722233,1.0665677043990962,0.003236523309010007,336.2160164028829,330.60033880096097,4.203327232876335,4.2
40.0,265.00000000000006,6.15886866245783,1.0780714902264725,0.003271374764257398,336.24512212644584,330.6100407088153,4.206385218486978,4.2
40.0,270.0,6.176470600193425,1.08941914988399,0.003305752035315391,336.2740717238389,330.619690574613,4.2094268007404,4.2
40.0,275.0,6.1940725379290225,1.1006148696456173,0.003339667852542171,336.3028693813361,330.6292897937787,4.212452419466414,4.2
40.0,280.0,6.211674475664617,1.1116626695706915,0.0033731344404236883,336.3315191189968,330.63883970633225,4.215462497031587,4.2
40.0,285.0,6.229276413400214,1.122566412190166,0.0034061635440264235,336.3600247993519,330.648341599784,4.218457439251772,4.2
40.0,290.00000000000006,6.246878351135811,1.1333298106326888,0.0034387664537433916,336.38839013553,330.65779671184333,4.221437636245876,4.2
40.0,295.0,6.264480288871407,1.1439564362332981,0.003470954028463816,336.4166186988662,330.6672062329554,4.224403463235345,4.2
40.0,300.0,6.282082226607003,1.1544497256637842,0.0035027367172854834,336.4447139260323,330.67657130867747,4.2273552812932715,4.2
45.0,0.0,5.879211707780131,0.0,0.0,334.88739368154165,330.1574645605139,4.063735816945875,4.1
45.0,5.0,5.896813645515728,0.04056185289237851,0.00012327764165512376,334.94555747216964,330.1768524907232,4.069846781149041,4.1
45.0,10.0,5.914415583251324,0.07924106789395854,0.0002408193206975169,335.0018386249068,330.19561287496896,4.07575994647024,4.1
45.0,15.000000000000002,5.93201752098692,0.11620487526398286,0.0003531351644834896,335.0564043700124,330.2138014566708,4.081492882915053,4.1
45.0,20.0,5.949619458722516,0.15159915972895432,0.0004606701356117005,335.109400592213,330.231466864071,4.087060917826037,4.1
45.0,25.0,5.967221396458113,0.18555194609533962,0.0005638146791438648,335.160955316315,330.248651772105,4.092477502097628,4.1
45.0,30.000000000000004,5.984823334193708,0.21817620113332484,0.0006629132803450848,335.21118150908853,330.2653938363629,4.097754504555471,4.1
45.0,35.0,6.0024252719293045,0.24957210662670173,0.0007582714064800886,335.26017935231755,330.2817264507725,4.102902450773761,4.1
45.0,40.0,6.020027209664901,0.2798289190282821,0.0008501611855423006,335.30803810245465,330.29767936748493,4.107930718459548,4.1
45.0,45.0,6.037629147400497,0.30902650278887844,0.0009388260880393777,335.35483762395086,330.3132792079836,4.112847698551463,4.1
45.0,50.0,6.055231085136094,0.3372366037561246,0.001024484814755565,335.40064966265373,330.3285498875512,4.11766092900919,4.1
45.0,55.00000000000001,6.07283302287169,0.36452391379333504,0.0011073345468013572,335.44553891042654,330.34351297014217,4.122377206667261,4.1
45.0,60.00000000000001,6.090434960607286,0.3909469663968819,0.0011875536794988771,335.4895639007657,330.3581879669219,4.127002681332908,4.1
45.0,65.0,6.108036898342883,0.41655889451953976,0.0012653041354530824,335.53277776662395,330.3725925888746,4.131542935406606,4.1
45.0,70.0,6.125638836078479,0.4414080752840401,0.0013407333322217152,335.575228885124,330.386742961708,4.136003051618748,4.1
45.0,75.0,6.1432407738140755,0.46553868126116543,0.0014139758646861647,335.61696142883676,330.40065380961227,4.140387670949478,4.1
45.0,80.0,6.1608427115496704,0.4889911541062257,0.0014851549503672656,335.6580158394174,330.41433861313914,4.144701042391262,4.1
45.0,85.00000000000001,6.178444649285267,0.511802613318115,0.0015543836766726492,335.6984292363649,330.427809745455,4.148947065895051,4.1
45.0,90.0,6.196046587020863,0.5340072105020212,0.0016217660817809455,335.7382357712844,330.44107859042816,4.153129329590706,4.2
45.0,95.0,6.21364852475646,0.5556364376290646,0.0016873980951006497,335.77746693614705,330.45415564538234,4.157251142174368,4.2
45.0,100.0,6.231250462492056,0.5767193962808003,0.0017513683586427415,335.81615183253433,330.4670506108448,4.161315561196488,4.2
45.0,105.0,6.248852400227652,0.5972830336585808,0.001813758946956273,335.8543174076477,330.4797724692159,4.1653254178580434,4.2
45.0,110.00000000000001,6.266454337963249,0.6173523501627401,0.0018746460002978652,335.89198866188747,330.4923295539625,4.169283338819917,4.2
45.0,115.00000000000001,6.284056275698845,0.636950582555108,0.0019341002832887417,335.9291888320155,330.50472961067186,4.173191765446688,4.2
45.0,120.00000000000001,6.301658213434441,0.6560993660724632,0.0019921876793402584,335.9659395532684,330.5169798510895,4.17705297083913,4.2
45.0,125.0,6.319260151170036,0.6748188783287943,0.0020489696295111297,336.00226100326034,330.5290870010868,4.180869074953241,4.2
45.0,130.0,6.336862088905633,0.6931279674076186,0.002104503523126231,336.0381720300748,330.54105734335826,4.184642058058242,4.2
45.0,135.0,6.35446402664123,0.7110442661841468,0.002158843046383104,336.0736902665869,330.552896755529,4.188373772747784,4.2
45.0,140.0,6.372065964376826,0.7285842946164696,0.002212038494254442,336.1088322327548,330.56461074425164,4.1920659546871475,4.2
45.0,145.00000000000003,6.389667902112422,0.7457635514939485,0.0022641370502284653,336.1436134273679,330.5762044757893,4.195720232252783,4.2
45.0,150.0,6.407269839848018,0.7625965969205369,0.002315183037786606,336.1780484105301,330.58768280351006,4.199338135198401,4.2
45.0,155.0,6.424871777583615,0.7790971266336753,0.0023652181469772803,336.21215087797884,330.5990502926596,4.202921102463239,4.2
45.0,160.0,6.4424737153192115,0.7952780391097863,0.0024142816389878265,336.24593372819055,330.6103112427302,4.2064704892225215,4.2
45.0,165.0,6.460075653054807,0.8111514962806357,0.0024624105312297064,336.2794091230969,330.62146970769896,4.209987573266586,4.2
45.0,170.00000000000003,6.477677590790404,0.8267289785769486,0.002509639765122831,336.31258854312887,330.6325295143763,4.213473560784054,4.2
45.0,175.0,6.495279528525999,0.8420213349237,0.002556002358484123,336.3454828372112,330.6434942790704,4.216929591614499,4.2
45.0,180.0,6.512881466261597,0.8570388282327301,0.002601529544185043,336.3781022682558,330.65436742275193,4.220356744028211,4.2
45.0,185.0,6.5304834039971915,0.8717911768707427,0.0026462508965365106,336.41045655462943,330.6651521848765,4.223756039082989,4.2
45.0,190.0,6.548085341732788,0.8862875925225709,0.0026901944466821196,336.4425549080169,330.6758516360057,4.227128444602209,4.2
45.0,195.00000000000003,6.565687279468385,0.9005368148193272,0.00273338678812715,336.4744060680492,330.68646868934974,4.230474878812988,4.2
45.0,200.0,6.583289217203981,0.91454714305761,0.0027758531733983074,336.5060183340231,330.69700611134107,4.233796213678935,4.2
45.0,205.00000000000003,6.6008911549395775,0.9283264652981803,0.002817617602713905,336.5373995939993,330.70746653133307,4.23709327795713,4.2
45.0,210.0,6.618493092675173,0.9418822850997156,0.002858702905444099,336.5685573515364,330.7178524505121,4.240366860007145,4.2
45.0,215.0,6.63609503041077,0.9552217461146112,0.0028991308150534303,336.5994987502869,330.7281662500956,4.243617710375035,4.2
45.0,220.00000000000003,6.653696968146366,0.9683516547487961,0.002938922038141619,336.6302305966567,330.73841019888556,4.246846544174134,4.2
45.0,225.0,6.6712989058819625,0.9812785010656083,0.002978096318131691,336.66075938070907,330.74858646023637,4.250054043281338,4.3
45.0,230.00000000000003,6.688900843617559,0.9940084780945325,0.0030166724940958235,336.6910912954736,330.7586970984912,4.253240858365751,4.3
45.0,235.0,6.706502781353154,1.0065474996886927,0.0030546685551576754,336.72123225480334,330.76874408493444,4.256407610764871,4.3
45.0,240.00000000000003,6.724104719088751,1.018901217060056,0.003092101690864457,336.7511879099103,330.77872930330346,4.259554894221909,4.3
45.0,245.00000000000003,6.741706656824347,1.0310750341081436,0.003128988337881796,336.780963664694,330.788654554898,4.262683276496188,4.3
45.0,250.0,6.759308594559943,1.0430741216463757,0.0031653442233289066,336.81056468996786,330.7985215633226,4.265793300857944,4.3
45.0,255.00000000000003,6.77691053229554,1.0549034306198393,0.0032011844050400125,336.83999593667687,330.8083319788923,4.26888548747701,4.3
45.0,260.0,6.794512470031136,1.0665677043990962,0.003236523309010007,336.86926214819175,330.8180873827306,4.27196033471443,4.3
45.0,265.00000000000006,6.812114407766733,1.0780714902264725,0.003271374764257398,336.8983678717547,330.8277892905849,4.275018320325073,4.3
45.0,270.0,6.829716345502328,1.08941914988399,0.003305752035315391,336.92731746914785,330.83743915638263,4.278059902578495,4.3
45.0,275.0,6.847318283237925,1.1006148696456173,0.003339667852542171,336.95611512664505,330.8470383755484,4.281085521304528,4.3
45.0,280.0,6.864920220973522,1.1116626695706915,0.0033731344404236883,336.98476486430576,330.85658828810193,4.2840955988697,4.3
45.0,285.0,6.882522158709117,1.122566412190166,0.0034061635440264235,337.01327054466077,330.8660901815536,4.287090541089866,4.3
45.0,290.00000000000006,6.9001240964447135,1.1333298106326888,0.0034387664537433916,337.0416358808389,330.87554529361296,4.290070738083971,4.3
45.0,295.0,6.917726034180309,1.1439564362332981,0.003470954028463816,337.0698644441751,330.88495481472506,4.293036565073458,4.3
45.0,300.0,6.935327971915906,1.1544497256637842,0.0035027367172854834,337.0979596713412,330.8943198904471,4.295988383131366,4.3
50.0,0.0,6.532457453089035,0.0,0.0,335.54063942685053,330.3752131422835,4.1323689187839525,4.1
50.0,5.0,6.550059390824632,0.04056185289237851,0.00012327764165512376,335.5988032174785,330.39460107249283,4.138479882987135,4.1
50.0,10.0,6.567661328560227,0.07924106789395854,0.0002408193206975169,335.6550843702157,330.4133614567386,4.144393048308335,4.1
50.0,15.000000000000002,6.585263266295824,0.11620487526398286,0.0003531351644834896,335.7096501153213,330.43155003844043,4.150125984753148,4.2
50.0,20.0,6.60286520403142,0.15159915972895432,0.0004606701356117005,335.7626463375219,330.44921544584065,4.155694019664132,4.2
50.0,25.0,6.6204671417670165,0.18555194609533962,0.0005638146791438648,335.81420106162386,330.46640035387463,4.161110603935723,4.2
50.0,30.000000000000004,6.638069079502612,0.21817620113332484,0.0006629132803450848,335.8644272543974,330.4831424181325,4.166387606393567,4.2
50.0,35.0,6.655671017238209,0.24957210662670173,0.0007582714064800886,335.91342509762643,330.4994750325422,4.171535552611874,4.2
50.0,40.0,6.673272954973806,0.2798289190282821,0.0008501611855423006,335.9612838477636,330.5154279492545,4.176563820297625,4.2
50.0,45.0,6.6908748927094015,0.30902650278887844,0.0009388260880393777,336.0080833692598,330.5310277897533,4.1814808003895765,4.2
50.0,50.0,6.708476830444998,0.3372366037561246,0.001024484814755565,336.05389540796267,330.5462984693209,4.186294030847304,4.2
50.0,55.00000000000001,6.726078768180593,0.36452391379333504,0.0011073345468013572,336.0987846557354,330.56126155191185,4.1910103085053745,4.2
50.0,60.00000000000001,6.74368070591619,0.3909469663968819,0.0011875536794988771,336.14280964607457,330.5759365486915,4.195635783171004,4.2
50.0,65.0,6.7612826436517866,0.41655889451953976,0.0012653041354530824,336.18602351193283,330.5903411706443,4.200176037244719,4.2
50.0,70.0,6.778884581387382,0.4414080752840401,0.0013407333322217152,336.2284746304329,330.60449154347765,4.2046361534568435,4.2
50.0,75.0,6.796486519122979,0.46553868126116543,0.0014139758646861647,336.2702071741457,330.61840239138195,4.209020772787591,4.2
50.0,80.0,6.814088456858575,0.4889911541062257,0.0014851549503672656,336.3112615847263,330.63208719490876,4.213334144229357,4.2
50.0,85.00000000000001,6.831690394594172,0.511802613318115,0.0015543836766726492,336.3516749816738,330.6455583272246,4.217580167733129,4.2
50.0,90.0,6.849292332329767,0.5340072105020212,0.0016217660817809455,336.3914815165933,330.6588271721978,4.221762431428801,4.2
50.0,95.0,6.866894270065364,0.5556364376290646,0.0016873980951006497,336.43071268145593,330.67190422715197,4.225884244012463,4.2
50.0,100.0,6.884496207800961,0.5767193962808003,0.0017513683586427415,336.46939757784327,330.68479919261443,4.229948663034583,4.2
50.0,105.0,6.902098145536556,0.5972830336585808,0.001813758946956273,336.50756315295666,330.6975210509856,4.233958519696157,4.2
50.0,110.00000000000001,6.9197000832721525,0.6173523501627401,0.0018746460002978652,336.5452344071964,330.71007813573215,4.237916440658012,4.2
50.0,115.00000000000001,6.937302021007748,0.636950582555108,0.0019341002832887417,336.58243457732436,330.7224781924415,4.241824867284784,4.2
50.0,120.00000000000001,6.954903958743345,0.6560993660724632,0.0019921876793402584,336.6191852985773,330.73472843285913,4.245686072677224,4.2
50.0,125.0,6.972505896478941,0.6748188783287943,0.0020489696295111297,336.6555067485692,330.7468355828564,4.249502176791337,4.2
50.0,130.0,6.9901078342145375,0.6931279674076186,0.002104503523126231,336.6914177753837,330.7588059251279,4.2532751598963365,4.3
50.0,135.0,7.007709771950134,0.7110442661841468,0.002158843046383104,336.7269360118958,330.7706453372986,4.25700687458588,4.3
50.0,140.0,7.02531170968573,0.7285842946164696,0.002212038494254442,336.76207797806376,330.78235932602126,4.260699056525243,4.3
50.0,145.00000000000003,7.042913647421327,0.7457635514939485,0.0022641370502284653,336.79685917267676,330.7939530575589,4.26435333409086,4.3
50.0,150.0,7.060515585156922,0.7625965969205369,0.002315183037786606,336.831294155839,330.8054313852797,4.2679712370364955,4.3
50.0,155.0,7.078117522892518,0.7790971266336753,0.0023652181469772803,336.8653966232877,330.81679887442925,4.271554204301333,4.3
50.0,160.0,7.095719460628115,0.7952780391097863,0.0024142816389878265,336.89917947349943,330.8280598244998,4.275103591060617,4.3
50.0,165.0,7.113321398363711,0.8111514962806357,0.0024624105312297064,336.93265486840585,330.83921828946865,4.278620675104699,4.3
50.0,170.00000000000003,7.130923336099308,0.8267289785769486,0.002509639765122831,336.9658342884378,330.8502780961459,4.28210666262215,4.3
50.0,175.0,7.148525273834903,0.8420213349237,0.002556002358484123,336.9987285825201,330.86124286084004,4.2855626934525946,4.3
50.0,180.0,7.1661272115705,0.8570388282327301,0.002601529544185043,337.0313480135647,330.87211600452156,4.288989845866307,4.3
50.0,185.0,7.183729149306096,0.8717911768707427,0.0026462508965365106,337.0637022999383,330.8829007666461,4.292389140921085,4.3
50.0,190.0,7.201331087041693,0.8862875925225709,0.0026901944466821196,337.0958006533258,330.89360021777526,4.295761546440286,4.3
50.0,195.00000000000003,7.218933024777289,0.9005368148193272,0.00273338678812715,337.1276518133581,330.9042172711194,4.299107980651101,4.3
50.0,200.0,7.236534962512884,0.91454714305761,0.0027758531733983074,337.15926407933205,330.9147546931107,4.30242931551703,4.3
50.0,205.00000000000003,7.254136900248481,0.9283264652981803,0.002817617602713905,337.19064533930816,330.92521511310275,4.305726379795242,4.3
50.0,210.0,7.271738837984077,0.9418822850997156,0.002858702905444099,337.2218030968453,330.9356010322818,4.308999961845259,4.3
50.0,215.0,7.2893407757196735,0.9552217461146112,0.0028991308150534303,337.2527444955958,330.9459148318653,4.312250812213147,4.3
50.0,220.00000000000003,7.306942713455269,0.9683516547487961,0.002938922038141619,337.2834763419656,330.9561587806552,4.315479646012229,4.3
50.0,225.0,7.324544651190866,0.9812785010656083,0.002978096318131691,337.314005126018,330.966335042006,4.3186871451194335,4.3
50.0,230.00000000000003,7.342146588926463,0.9940084780945325,0.0030166724940958235,337.34433704078253,330.97644568026084,4.321873960203845,4.3
50.0,235.0,7.359748526662059,1.0065474996886927,0.0030546685551576754,337.3744780001122,330.9864926667041,4.325040712602984,4.3
50.0,240.00000000000003,7.377350464397655,1.018901217060056,0.003092101690864457,337.4044336552192,330.9964778850731,4.328187996060003,4.3
50.0,245.00000000000003,7.39495240213325,1.0310750341081436,0.003128988337881796,337.4342094100029,331.00640313666764,4.331316378334283,4.3
50.0,250.0,7.412554339868847,1.0430741216463757,0.0031653442233289066,337.46381043527674,331.0162701450923,4.3344264026960575,4.3
50.0,255.00000000000003,7.430156277604444,1.0549034306198393,0.0032011844050400125,337.4932416819858,331.02608056066197,4.337518589315122,4.3
50.0,260.0,7.4477582153400395,1.0665677043990962,0.003236523309010007,337.5225078935007,331.0358359645002,4.340593436552526,4.3
50.0,265.00000000000006,7.465360153075636,1.0780714902264725,0.003271374764257398,337.55161361706365,331.04553787235454,4.343651422163169,4.3
50.0,270.0,7.482962090811232,1.08941914988399,0.003305752035315391,337.58056321445673,331.05518773815226,4.346693004416591,4.3
50.0,275.0,7.500564028546829,1.1006148696456173,0.003339667852542171,337.6093608719539,331.06478695731795,4.349718623142605,4.3
50.0,280.0,7.518165966282425,1.1116626695706915,0.0033731344404236883,337.63801060961464,331.07433686987156,4.352728700707795,4.4
50.0,285.0,7.535767904018021,1.122566412190166,0.0034061635440264235,337.6665162899697,331.08383876332323,4.355723642927962,4.4
50.0,290.00000000000006,7.553369841753618,1.1333298106326888,0.0034387664537433916,337.69488162614783,331.09329387538264,4.358703839922084,4.4
50.0,295.0,7.570971779489213,1.1439564362332981,0.003470954028463816,337.723110189484,331.1027033964947,4.361669666911553,4.4
50.0,300.0,7.58857371722481,1.1544497256637842,0.0035027367172854834,337.75120541665007,331.11206847221666,4.364621484969444,4.4
55.00000000000001,0.0,7.185703198397939,0.0,0.0,336.19388517215947,330.59296172405317,4.201002020622066,4.2
55.00000000000001,5.0,7.203305136133536,0.04056185289237851,0.00012327764165512376,336.2520489627874,330.61234965426246,4.207112984825231,4.2
55.00000000000001,10.0,7.220907073869132,0.07924106789395854,0.0002408193206975169,336.3083301155246,330.6311100385082,4.21302615014643,4.2
55.00000000000001,15.000000000000002,7.238509011604728,0.11620487526398286,0.0003531351644834896,336.3628958606302,330.6492986202101,4.218759086591262,4.2
55.00000000000001,20.0,7.256110949340323,0.15159915972895432,0.0004606701356117005,336.4158920828308,330.6669640276103,4.2243271215022276,4.2
55.00000000000001,25.0,7.27371288707592,0.18555194609533962,0.0005638146791438648,336.4674468069328,330.68414893564426,4.229743705773818,4.2
55.00000000000001,30.000000000000004,7.291314824811516,0.21817620113332484,0.0006629132803450848,336.51767299970635,330.70089099990213,4.235020708231661,4.2
55.00000000000001,35.0,7.3089167625471125,0.24957210662670173,0.0007582714064800886,336.5666708429353,330.71722361431176,4.240168654449951,4.2
55.00000000000001,40.0,7.326518700282709,0.2798289190282821,0.0008501611855423006,336.61452959307246,330.7331765310242,4.245196922135738,4.2
55.00000000000001,45.0,7.344120638018305,0.30902650278887844,0.0009388260880393777,336.6613291145687,330.74877637152287,4.250113902227653,4.3
55.00000000000001,50.0,7.361722575753902,0.3372366037561246,0.001024484814755565,336.70714115327155,330.76404705109053,4.254927132685399,4.3
55.00000000000001,55.00000000000001,7.379324513489498,0.36452391379333504,0.0011073345468013572,336.75203040104435,330.7790101336814,4.259643410343451,4.3
55.00000000000001,60.00000000000001,7.396926451225094,0.3909469663968819,0.0011875536794988771,336.7960553913835,330.7936851304612,4.264268885009117,4.3
55.00000000000001,65.0,7.414528388960691,0.41655889451953976,0.0012653041354530824,336.83926925724177,330.80808975241393,4.268809139082815,4.3
55.00000000000001,70.0,7.432130326696286,0.4414080752840401,0.0013407333322217152,336.8817203757418,330.8222401252473,4.273269255294938,4.3
55.00000000000001,75.0,7.449732264431883,0.46553868126116543,0.0014139758646861647,336.9234529194546,330.8361509731515,4.277653874625668,4.3
55.00000000000001,80.0,7.4673342021674785,0.4889911541062257,0.0014851549503672656,336.9645073300352,330.8498357766784,4.2819672460674525,4.3
55.00000000000001,85.00000000000001,7.484936139903075,0.511802613318115,0.0015543836766726492,337.00492072698273,330.8633069089943,4.286213269571242,4.3
55.00000000000001,90.0,7.502538077638671,0.5340072105020212,0.0016217660817809455,337.0447272619022,330.8765757539674,4.290395533266897,4.3
55.00000000000001,95.0,7.520140015374268,0.5556364376290646,0.0016873980951006497,337.08395842676487,330.88965280892165,4.2945173458505765,4.3
55.00000000000001,100.0,7.537741953109864,0.5767193962808003,0.0017513683586427415,337.12264332315215,330.90254777438406,4.2985817648726785,4.3
55.00000000000001,105.0,7.55534389084546,0.5972830336585808,0.001813758946956273,337.16080889826554,330.91526963275516,4.3025916215342335,4.3
55.00000000000001,110.00000000000001,7.572945828581057,0.6173523501627401,0.0018746460002978652,337.1984801525053,330.9278267175018,4.306549542496107,4.3
55.00000000000001,115.00000000000001,7.590547766316652,0.636950582555108,0.0019341002832887417,337.2356803226333,330.9402267742111,4.310457969122879,4.3
55.00000000000001,120.00000000000001,7.6081497040522486,0.6560993660724632,0.0019921876793402584,337.27243104388623,330.95247701462876,4.31431917451532,4.3
55.00000000000001,125.0,7.625751641787844,0.6748188783287943,0.0020489696295111297,337.30875249387816,330.96458416462605,4.318135278629432,4.3
55.00000000000001,130.0,7.643353579523441,0.6931279674076186,0.002104503523126231,337.34466352069256,330.97655450689757,4.32190826173445,4.3
55.00000000000001,135.0,7.660955517259038,0.7110442661841468,0.002158843046383104,337.3801817572047,330.98839391906824,4.325639976423975,4.3
55.00000000000001,140.0,7.678557454994634,0.7285842946164696,0.002212038494254442,337.41532372337264,331.0001079077909,4.329332158363338,4.3
55.00000000000001,145.00000000000003,7.69615939273023,0.7457635514939485,0.0022641370502284653,337.4501049179857,331.0117016393286,4.332986435928973,4.3
55.00000000000001,150.0,7.713761330465826,0.7625965969205369,0.002315183037786606,337.4845399011479,331.0231799670493,4.336604338874591,4.3
55.00000000000001,155.0,7.731363268201423,0.7790971266336753,0.0023652181469772803,337.51864236859666,331.0345474561989,4.340187306139429,4.3
55.00000000000001,160.0,7.7489652059370195,0.7952780391097863,0.0024142816389878265,337.5524252188083,331.0458084062695,4.34373669289873,4.3
55.00000000000001,165.0,7.7665671436726145,0.8111514962806357,0.0024624105312297064,337.5859006137147,331.0569668712383,4.347253776942794,4.3
55.00000000000001,170.00000000000003,7.784169081408211,0.8267289785769486,0.002509639765122831,337.6190800337467,331.0680266779156,4.350739764460262,4.4
55.00000000000001,175.0,7.801771019143807,0.8420213349237,0.002556002358484123,337.651974327829,331.0789914426097,4.354195795290708,4.4
55.00000000000001,180.0,7.819372956879404,0.8570388282327301,0.002601529544185043,337.68459375887363,331.08986458629124,4.35762294770442,4.4
55.00000000000001,185.0,7.8369748946149995,0.8717911768707427,0.0026462508965365106,337.71694804524725,331.10064934841574,4.36102224275918,4.4
55.00000000000001,190.0,7.854576832350596,0.8862875925225709,0.0026901944466821196,337.7490463986347,331.1113487995449,4.364394648278381,4.4
55.00000000000001,195.00000000000003,7.872178770086193,0.9005368148193272,0.00273338678812715,337.780897558667,331.121965852889,4.367741082489179,4.4
55.00000000000001,200.0,7.889780707821789,0.91454714305761,0.0027758531733983074,337.8125098246409,331.1325032748803,4.371062417355125,4.4
55.00000000000001,205.00000000000003,7.9073826455573855,0.9283264652981803,0.002817617602713905,337.8438910846171,331.1429636948724,4.374359481633338,4.4
55.00000000000001,210.0,7.92498458329298,0.9418822850997156,0.002858702905444099,337.87504884215423,331.1533496140514,4.377633063683354,4.4
55.00000000000001,215.0,7.942586521028577,0.9552217461146112,0.0028991308150534303,337.9059902409047,331.1636634136349,4.380883914051225,4.4
55.00000000000001,220.00000000000003,7.960188458764173,0.9683516547487961,0.002938922038141619,337.93672208727446,331.1739073624248,4.384112747850325,4.4
55.00000000000001,225.0,7.97779039649977,0.9812785010656083,0.002978096318131691,337.9672508713269,331.1840836237756,4.387320246957529,4.4
55.00000000000001,230.00000000000003,7.995392334235366,0.9940084780945325,0.0030166724940958235,337.9975827860914,331.1941942620305,4.390507062041959,4.4
55.00000000000001,235.0,8.012994271970962,1.0065474996886927,0.0030546685551576754,338.02772374542116,331.2042412484737,4.393673814441061,4.4
55.00000000000001,240.00000000000003,8.030596209706559,1.018901217060056,0.003092101690864457,338.0576794005281,331.2142264668427,4.396821097898099,4.4
55.00000000000001,245.00000000000003,8.048198147442154,1.0310750341081436,0.003128988337881796,338.08745515531183,331.22415171843727,4.399949480172379,4.4
55.00000000000001,250.0,8.06580008517775,1.0430741216463757,0.0031653442233289066,338.1170561805856,331.2340187268619,4.403059504534152,4.4
55.00000000000001,255.00000000000003,8.083402022913347,1.0549034306198393,0.0032011844050400125,338.1464874272947,331.2438291424316,4.406151691153218,4.4
55.00000000000001,260.0,8.101003960648944,1.0665677043990962,0.003236523309010007,338.17575363880957,331.25358454626985,4.40922653839062,4.4
55.00000000000001,265.00000000000006,8.11860589838454,1.0780714902264725,0.003271374764257398,338.20485936237253,331.26328645412417,4.412284524001263,4.4
55.00000000000001,270.0,8.136207836120136,1.08941914988399,0.003305752035315391,338.23380895976567,331.2729363199219,4.415326106254686,4.4
55.00000000000001,275.0,8.153809773855732,1.1006148696456173,0.003339667852542171,338.26260661726286,331.28253553908763,4.418351724980718,4.4
55.00000000000001,280.0,8.171411711591329,1.1116626695706915,0.0033731344404236883,338.2912563549235,331.2920854516412,4.42136180254589,4.4
55.00000000000001,285.0,8.189013649326924,1.122566412190166,0.0034061635440264235,338.3197620352786,331.30158734509286,4.424356744766057,4.4
55.00000000000001,290.00000000000006,8.20661558706252,1.1333298106326888,0.0034387664537433916,338.3481273714567,331.31104245715227,4.42733694176018,4.4
55.00000000000001,295.0,8.224217524798117,1.1439564362332981,0.003470954028463816,338.3763559347929,331.3204519782643,4.430302768749648,4.4
55.00000000000001,300.0,8.241819462533714,1.1544497256637842,0.0035027367172854834,338.404451161959,331.32981705398635,4.433254586807557,4.4
60.00000000000001,0.0,7.838948943706843,0.0,0.0,336.84713091746835,330.8107103058228,4.26963512246016,4.3
60.00000000000001,5.0,7.856550881442439,0.04056185289237851,0.00012327764165512376,336.90529470809633,330.83009823603214,4.275746086663344,4.3
60.00000000000001,10.0,7.874152819178035,0.07924106789395854,0.0002408193206975169,336.96157586083353,330.8488586202779,4.281659251984543,4.3
60.00000000000001,15.000000000000002,7.891754756913632,0.11620487526398286,0.0003531351644834896,337.01614160593914,330.8670472019797,4.2873921884293384,4.3
60.00000000000001,20.0,7.909356694649228,0.15159915972895432,0.0004606701356117005,337.0691378281397,330.8847126093799,4.292960223340322,4.3
60.00000000000001,25.0,7.9269586323848245,0.18555194609533962,0.0005638146791438648,337.1206925522417,330.90189751741394,4.298376807611931,4.3
60.00000000000001,30.000000000000004,7.944560570120419,0.21817620113332484,0.0006629132803450848,337.17091874501523,330.91863958167175,4.303653810069757,4.3
60.00000000000001,35.0,7.962162507856016,0.24957210662670173,0.0007582714064800886,337.21991658824425,330.93497219608145,4.308801756288064,4.3
60.00000000000001,40.0,7.979764445591613,0.2798289190282821,0.0008501611855423006,337.2677753383814,330.9509251127938,4.313830023973834,4.3
60.00000000000001,45.0,7.997366383327209,0.30902650278887844,0.0009388260880393777,337.3145748598776,330.96652495329255,4.3187470040657665,4.3
60.00000000000001,50.0,8.014968321062806,0.3372366037561246,0.001024484814755565,337.36038689858043,330.98179563286016,4.323560234523494,4.3
60.00000000000001,55.00000000000001,8.032570258798401,0.36452391379333504,0.0011073345468013572,337.40527614635323,330.9967587154511,4.3282765121815645,4.3
60.00000000000001,60.00000000000001,8.050172196533998,0.3909469663968819,0.0011875536794988771,337.4493011366924,331.0114337122308,4.3329019868472125,4.3
60.00000000000001,65.0,8.067774134269595,0.41655889451953976,0.0012653041354530824,337.49251500255065,331.02583833418356,4.337442240920909,4.3
60.00000000000001,70.0,8.08537607200519,0.4414080752840401,0.0013407333322217152,337.53496612105073,331.0399887070169,4.3419023571330335,4.3
60.00000000000001,75.0,8.102978009740786,0.46553868126116543,0.0014139758646861647,337.5766986647635,331.0538995549212,4.346286976463781,4.3
60.00000000000001,80.0,8.120579947476383,0.4889911541062257,0.0014851549503672656,337.61775307534407,331.0675843584481,4.350600347905566,4.4
60.00000000000001,85.00000000000001,8.13818188521198,0.511802613318115,0.0015543836766726492,337.6581664722916,331.0810554907639,4.354846371409336,4.4
60.00000000000001,90.0,8.155783822947575,0.5340072105020212,0.0016217660817809455,337.6979730072111,331.09432433573704,4.359028635104991,4.4
60.00000000000001,95.0,8.173385760683171,0.5556364376290646,0.0016873980951006497,337.73720417207375,331.1074013906912,4.363150447688654,4.4
60.00000000000001,100.0,8.190987698418768,0.5767193962808003,0.0017513683586427415,337.7758890684611,331.1202963561537,4.367214866710774,4.4
60.00000000000001,105.0,8.208589636154363,0.5972830336585808,0.001813758946956273,337.8140546435745,331.13301821452484,4.371224723372347,4.4
60.00000000000001,110.00000000000001,8.22619157388996,0.6173523501627401,0.0018746460002978652,337.85172589781416,331.1455752992714,4.375182644334203,4.4
60.00000000000001,115.00000000000001,8.243793511625556,0.636950582555108,0.0019341002832887417,337.8889260679422,331.15797535598074,4.379091070960974,4.4
60.00000000000001,120.00000000000001,8.261395449361153,0.6560993660724632,0.0019921876793402584,337.9256767891951,331.1702255963984,4.382952276353415,4.4
60.00000000000001,125.0,8.278997387096748,0.6748188783287943,0.0020489696295111297,337.96199823918704,331.18233274639573,4.3867683804675455,4.4
60.00000000000001,130.0,8.296599324832345,0.6931279674076186,0.002104503523126231,337.9979092660015,331.19430308866714,4.3905413635725274,4.4
60.00000000000001,135.0,8.314201262567941,0.7110442661841468,0.002158843046383104,338.03342750251363,331.20614250083787,4.394273078262071,4.4
60.00000000000001,140.0,8.331803200303538,0.7285842946164696,0.002212038494254442,338.0685694686815,331.2178564895605,4.397965260201433,4.4
60.00000000000001,145.00000000000003,8.349405138039135,0.7457635514939485,0.0022641370502284653,338.1033506632946,331.2294502210982,4.401619537767068,4.4
60.00000000000001,150.0,8.36700707577473,0.7625965969205369,0.002315183037786606,338.1377856464568,331.24092854881894,4.405237440712686,4.4
60.00000000000001,155.0,8.384609013510326,0.7790971266336753,0.0023652181469772803,338.17188811390554,331.2522960379685,4.408820407977524,4.4
60.00000000000001,160.0,8.402210951245923,0.7952780391097863,0.0024142816389878265,338.20567096411725,331.26355698803906,4.412369794736807,4.4
60.00000000000001,165.0,8.419812888981518,0.8111514962806357,0.0024624105312297064,338.23914635902366,331.2747154530079,4.415886878780889,4.4
60.00000000000001,170.00000000000003,8.437414826717115,0.8267289785769486,0.002509639765122831,338.27232577905556,331.2857752596852,4.41937286629834,4.4
60.00000000000001,175.0,8.455016764452711,0.8420213349237,0.002556002358484123,338.3052200731379,331.2967400243793,4.422828897128785,4.4
60.00000000000001,180.0,8.472618702188308,0.8570388282327301,0.002601529544185043,338.3378395041825,331.30761316806087,4.4262560495425145,4.4
60.00000000000001,185.0,8.490220639923903,0.8717911768707427,0.0026462508965365106,338.37019379055613,331.3183979301854,4.429655344597292,4.4
60.00000000000001,190.0,8.5078225776595,0.8862875925225709,0.0026901944466821196,338.4022921439436,331.32909738131457,4.433027750116494,4.4
60.00000000000001,195.00000000000003,8.525424515395096,0.9005368148193272,0.00273338678812715,338.43414330397593,331.3397144346587,4.436374184327291,4.4
60.00000000000001,200.0,8.543026453130693,0.91454714305761,0.0027758531733983074,338.46575556994986,331.35025185664995,4.43969551919322,4.4
60.00000000000001,205.00000000000003,8.56062839086629,0.9283264652981803,0.002817617602713905,338.497136829926,331.360712276642,4.442992583471433,4.4
60.00000000000001,210.0,8.578230328601885,0.9418822850997156,0.002858702905444099,338.5282945874631,331.37109819582105,4.4462661655214495,4.4
60.00000000000001,215.0,8.595832266337482,0.9552217461146112,0.0028991308150534303,338.5592359862136,331.38141199540456,4.449517015889338,4.4
60.00000000000001,220.00000000000003,8.613434204073076,0.9683516547487961,0.002938922038141619,338.5899678325834,331.3916559441945,4.452745849688438,4.5
60.00000000000001,225.0,8.631036141808673,0.9812785010656083,0.002978096318131691,338.6204966166358,331.4018322055453,4.455953348795641,4.5
60.00000000000001,230.00000000000003,8.64863807954427,0.9940084780945325,0.0030166724940958235,338.6508285314003,331.4119428438001,4.459140163880036,4.5
60.00000000000001,235.0,8.666240017279867,1.0065474996886927,0.0030546685551576754,338.68096949073004,331.4219898302434,4.462306916279174,4.5
60.00000000000001,240.00000000000003,8.683841955015463,1.018901217060056,0.003092101690864457,338.710925145837,331.43197504861234,4.465454199736194,4.5
60.00000000000001,245.00000000000003,8.701443892751058,1.0310750341081436,0.003128988337881796,338.7407009006207,331.4419003002069,4.468582582010473,4.5
60.00000000000001,250.0,8.719045830486655,1.0430741216463757,0.0031653442233289066,338.77030192589456,331.45176730863153,4.4716926063722475,4.5
60.00000000000001,255.00000000000003,8.736647768222252,1.0549034306198393,0.0032011844050400125,338.7997331726036,331.4615777242012,4.474784792991313,4.5
60.00000000000001,260.0,8.754249705957847,1.0665677043990962,0.003236523309010007,338.8289993841185,331.47133312803953,4.477859640228734,4.5
60.00000000000001,265.00000000000006,8.771851643693443,1.0780714902264725,0.003271374764257398,338.8581051076814,331.48103503589385,4.480917625839377,4.5
60.00000000000001,270.0,8.78945358142904,1.08941914988399,0.003305752035315391,338.88705470507455,331.4906849016915,4.483959208092781,4.5
60.00000000000001,275.0,8.807055519164637,1.1006148696456173,0.003339667852542171,338.91585236257174,331.50028412085726,4.486984826818813,4.5
60.00000000000001,280.0,8.824657456900233,1.1116626695706915,0.0033731344404236883,338.94450210023246,331.50983403341087,4.4899949043840035,4.5
60.00000000000001,285.0,8.842259394635828,1.122566412190166,0.0034061635440264235,338.9730077805875,331.51933592686254,4.49298984660417,4.5
60.00000000000001,290.00000000000006,8.859861332371425,1.1333298106326888,0.0034387664537433916,339.00137311676565,331.5287910389219,4.495970043598275,4.5
60.00000000000001,295.0,8.877463270107022,1.1439564362332981,0.003470954028463816,339.0296016801018,331.53820056003394,4.498935870587744,4.5
60.00000000000001,300.0,8.895065207842618,1.1544497256637842,0.0035027367172854834,339.0576969072679,331.547565635756,4.501887688645652,4.5
65.0,0.0,8.492194689015745,0.0,0.0,337.5003766627772,331.0284588875924,4.338268224298256,4.3
65.0,5.0,8.509796626751342,0.04056185289237851,0.00012327764165512376,337.5585404534052,331.0478468178017,4.344379188501421,4.3
65.0,10.0,8.527398564486937,0.07924106789395854,0.0002408193206975169,337.6148216061424,331.06660720204746,4.350292353822621,4.4
65.0,15.000000000000002,8.545000502222534,0.11620487526398286,0.0003531351644834896,337.669387351248,331.08479578374937,4.356025290267452,4.4
65.0,20.0,8.56260243995813,0.15159915972895432,0.0004606701356117005,337.7223835734486,331.10246119114953,4.361593325178418,4.4
65.0,25.0,8.580204377693727,0.18555194609533962,0.0005638146791438648,337.7739382975506,331.1196460991835,4.367009909450009,4.4
65.0,30.000000000000004,8.597806315429322,0.21817620113332484,0.0006629132803450848,337.8241644903241,331.1363881634414,4.372286911907852,4.4
65.0,35.0,8.615408253164919,0.24957210662670173,0.0007582714064800886,337.8731623335531,331.1527207778511,4.3774348581261595,4.4
65.0,40.0,8.633010190900515,0.2798289190282821,0.0008501611855423006,337.9210210836903,331.16867369456344,4.382463125811929,4.4
65.0,45.0,8.650612128636112,0.30902650278887844,0.0009388260880393777,337.9678206051865,331.1842735350622,4.387380105903862,4.4
65.0,50.0,8.668214066371709,0.3372366037561246,0.001024484814755565,338.01363264388937,331.19954421462984,4.392193336361607,4.4
65.0,55.00000000000001,8.685816004107304,0.36452391379333504,0.0011073345468013572,338.05852189166217,331.21450729722073,4.39690961401966,4.4
65.0,60.00000000000001,8.7034179418429,0.3909469663968819,0.0011875536794988771,338.1025468820013,331.22918229400045,4.401535088685307,4.4
65.0,65.0,8.721019879578497,0.41655889451953976,0.0012653041354530824,338.1457607478595,331.2435869159532,4.406075342759005,4.4
65.0,70.0,8.738621817314092,0.4414080752840401,0.0013407333322217152,338.1882118663596,331.25773728878653,4.410535458971129,4.4
65.0,75.0,8.756223755049689,0.46553868126116543,0.0014139758646861647,338.2299444100724,331.2716481366908,4.4149200783018765,4.4
65.0,80.0,8.773825692785286,0.4889911541062257,0.0014851549503672656,338.270998820653,331.28533294021764,4.4192334497436425,4.4
65.0,85.00000000000001,8.791427630520882,0.511802613318115,0.0015543836766726492,338.31141221760055,331.2988040725335,4.423479473247432,4.4
65.0,90.0,8.809029568256477,0.5340072105020212,0.0016217660817809455,338.35121875251997,331.31207291750667,4.427661736943087,4.4
65.0,95.0,8.826631505992074,0.5556364376290646,0.0016873980951006497,338.3904499173826,331.3251499724609,4.431783549526767,4.4
65.0,100.0,8.84423344372767,0.5767193962808003,0.0017513683586427415,338.42913481376996,331.3380449379233,4.4358479685488685,4.4
65.0,105.0,8.861835381463267,0.5972830336585808,0.001813758946956273,338.46730038888336,331.35076679629447,4.439857825210442,4.4
65.0,110.00000000000001,8.879437319198864,0.6173523501627401,0.0018746460002978652,338.5049716431231,331.363323881041,4.443815746172297,4.4
65.0,115.00000000000001,8.897039256934459,0.636950582555108,0.0019341002832887417,338.5421718132511,331.37572393775037,4.447724172799069,4.4
65.0,120.00000000000001,8.914641194670056,0.6560993660724632,0.0019921876793402584,338.57892253450404,331.387974178168,4.45158537819151,4.5
65.0,125.0,8.93224313240565,0.6748188783287943,0.0020489696295111297,338.6152439844959,331.4000813281653,4.455401482305622,4.5
65.0,130.0,8.949845070141247,0.6931279674076186,0.002104503523126231,338.6511550113104,331.4120516704368,4.459174465410641,4.5
65.0,135.0,8.967447007876844,0.7110442661841468,0.002158843046383104,338.6866732478225,331.4238910826075,4.462906180100165,4.5
65.0,140.0,8.98504894561244,0.7285842946164696,0.002212038494254442,338.72181521399045,331.43560507133014,4.466598362039528,4.5
65.0,145.00000000000003,9.002650883348037,0.7457635514939485,0.0022641370502284653,338.7565964086035,331.44719880286783,4.470252639605164,4.5
65.0,150.0,9.020252821083632,0.7625965969205369,0.002315183037786606,338.7910313917657,331.45867713058857,4.473870542550782,4.5
65.0,155.0,9.037854758819229,0.7790971266336753,0.0023652181469772803,338.8251338592144,331.4700446197382,4.477453509815637,4.5
65.0,160.0,9.055456696554824,0.7952780391097863,0.0024142816389878265,338.8589167094261,331.48130556980874,4.48100289657492,4.5
65.0,165.0,9.07305863429042,0.8111514962806357,0.0024624105312297064,338.89239210433254,331.4924640347775,4.484519980618985,4.5
65.0,170.00000000000003,9.090660572026017,0.8267289785769486,0.002509639765122831,338.9255715243645,331.50352384145486,4.488005968136453,4.5
65.0,175.0,9.108262509761614,0.8420213349237,0.002556002358484123,338.9584658184468,331.514488606149,4.491461998966898,4.5
65.0,180.0,9.12586444749721,0.8570388282327301,0.002601529544185043,338.99108524949145,331.5253617498305,4.49488915138061,4.5
65.0,185.0,9.143466385232806,0.8717911768707427,0.0026462508965365106,339.023439535865,331.536146511955,4.49828844643537,4.5
65.0,190.0,9.161068322968402,0.8862875925225709,0.0026901944466821196,339.0555378892525,331.5468459630842,4.501660851954589,4.5
65.0,195.00000000000003,9.178670260704,0.9005368148193272,0.00273338678812715,339.0873890492848,331.5574630164283,4.5050072861653865,4.5
65.0,200.0,9.196272198439596,0.91454714305761,0.0027758531733983074,339.11900131525874,331.5680004384196,4.508328621031316,4.5
65.0,205.00000000000003,9.213874136175193,0.9283264652981803,0.002817617602713905,339.1503825752349,331.5784608584117,4.511625685309546,4.5
65.0,210.0,9.231476073910788,0.9418822850997156,0.002858702905444099,339.18154033277204,331.58884677759073,4.514899267359563,4.5
65.0,215.0,9.249078011646384,0.9552217461146112,0.0028991308150534303,339.2124817315225,331.5991605771742,4.5181501177274335,4.5
65.0,220.00000000000003,9.266679949381981,0.9683516547487961,0.002938922038141619,339.2432135778923,331.60940452596407,4.521378951526515,4.5
65.0,225.0,9.284281887117576,0.9812785010656083,0.002978096318131691,339.2737423619447,331.6195807873149,4.524586450633719,4.5
65.0,230.00000000000003,9.301883824853173,0.9940084780945325,0.0030166724940958235,339.30407427670923,331.6296914255698,4.5277732657181495,4.5
65.0,235.0,9.31948576258877,1.0065474996886927,0.0030546685551576754,339.334215236039,331.639738412013,4.53094001811727,4.5
65.0,240.00000000000003,9.337087700324366,1.018901217060056,0.003092101690864457,339.36417089114593,331.64972363038197,4.534087301574289,4.5
65.0,245.00000000000003,9.354689638059961,1.0310750341081436,0.003128988337881796,339.3939466459296,331.6596488819766,4.537215683848586,4.5
65.0,250.0,9.372291575795558,1.0430741216463757,0.0031653442233289066,339.42354767120344,331.66951589040116,4.540325708210343,4.5
65.0,255.00000000000003,9.389893513531154,1.0549034306198393,0.0032011844050400125,339.4529789179125,331.67932630597085,4.543417894829408,4.5
65.0,260.0,9.40749545126675,1.0665677043990962,0.003236523309010007,339.4822451294274,331.68908170980916,4.546492742066829,4.5
65.0,265.00000000000006,9.425097389002346,1.0780714902264725,0.003271374764257398,339.51135085299035,331.6987836176634,4.549550727677454,4.5
65.0,270.0,9.442699326737943,1.08941914988399,0.003305752035315391,339.5403004503835,331.7084334834612,4.552592309930894,4.6
65.0,275.0,9.46030126447354,1.1006148696456173,0.003339667852542171,339.5690981078806,331.7180327026269,4.5556179286569085,4.6
65.0,280.0,9.477903202209134,1.1116626695706915,0.0033731344404236883,339.59774784554133,331.72758261518044,4.558628006222081,4.6
65.0,285.0,9.495505139944731,1.122566412190166,0.0034061635440264235,339.6262535258964,331.7370845086321,4.561622948442247,4.6
65.0,290.00000000000006,9.513107077680328,1.1333298106326888,0.0034387664537433916,339.6546188620745,331.7465396206915,4.56460314543637,4.6
65.0,295.0,9.530709015415924,1.1439564362332981,0.003470954028463816,339.6828474254107,331.75594914180357,4.567568972425838,4.6
65.0,300.0,9.548310953151521,1.1544497256637842,0.0035027367172854834,339.7109426525768,331.7653142175256,4.570520790483747,4.6
70.0,0.0,9.14544043432465,0.0,0.0,338.15362240808616,331.2462074693621,4.406901326136369,4.4
70.0,5.0,9.163042372060247,0.04056185289237851,0.00012327764165512376,338.21178619871415,331.2655953995714,4.413012290339534,4.4
70.0,10.0,9.180644309795843,0.07924106789395854,0.0002408193206975169,338.26806735145135,331.28435578381715,4.418925455660734,4.4
70.0,15.000000000000002,9.19824624753144,0.11620487526398286,0.0003531351644834896,338.3226330965569,331.302544365519,4.424658392105547,4.4
70.0,20.0,9.215848185267035,0.15159915972895432,0.0004606701356117005,338.3756293187575,331.3202097729192,4.430226427016531,4.4
70.0,25.0,9.233450123002632,0.18555194609533962,0.0005638146791438648,338.4271840428595,331.3373946809532,4.435643011288121,4.4
70.0,30.000000000000004,9.251052060738228,0.21817620113332484,0.0006629132803450848,338.47741023563304,331.354136745211,4.440920013745948,4.4
70.0,35.0,9.268653998473825,0.24957210662670173,0.0007582714064800886,338.52640807886206,331.3704693596207,4.446067959964254,4.4
70.0,40.0,9.286255936209422,0.2798289190282821,0.0008501611855423006,338.5742668289992,331.3864222763331,4.451096227650042,4.5
70.0,45.0,9.303857873945017,0.30902650278887844,0.0009388260880393777,338.62106635049537,331.4020221168318,4.456013207741957,4.5
70.0,50.0,9.321459811680613,0.3372366037561246,0.001024484814755565,338.66687838919825,331.4172927963994,4.4608264381996845,4.5
70.0,55.00000000000001,9.339061749416208,0.36452391379333504,0.0011073345468013572,338.71176763697105,331.43225587899036,4.465542715857755,4.5
70.0,60.00000000000001,9.356663687151805,0.3909469663968819,0.0011875536794988771,338.7557926273102,331.4469308757701,4.4701681905234025,4.5
70.0,65.0,9.374265624887402,0.41655889451953976,0.0012653041354530824,338.79900649316846,331.4613354977228,4.4747084445971,4.5
70.0,70.0,9.391867562622998,0.4414080752840401,0.0013407333322217152,338.84145761166855,331.4754858705562,4.479168560809242,4.5
70.0,75.0,9.409469500358595,0.46553868126116543,0.0014139758646861647,338.88319015538127,331.48939671846045,4.483553180139972,4.5
70.0,80.0,9.42707143809419,0.4889911541062257,0.0014851549503672656,338.9242445659619,331.5030815219873,4.487866551581756,4.5
70.0,85.00000000000001,9.444673375829787,0.511802613318115,0.0015543836766726492,338.9646579629094,331.51655265430315,4.492112575085527,4.5
70.0,90.0,9.462275313565382,0.5340072105020212,0.0016217660817809455,339.0044644978289,331.5298214992763,4.496294838781182,4.5
70.0,95.0,9.479877251300978,0.5556364376290646,0.0016873980951006497,339.04369566269156,331.54289855423053,4.500416651364862,4.5
70.0,100.0,9.497479189036575,0.5767193962808003,0.0017513683586427415,339.0823805590789,331.555793519693,4.504481070386982,4.5
70.0,105.0,9.515081126772172,0.5972830336585808,0.001813758946956273,339.12054613419224,331.5685153780641,4.508490927048537,4.5
70.0,110.00000000000001,9.532683064507768,0.6173523501627401,0.0018746460002978652,339.158217388432,331.58107246281065,4.512448848010393,4.5
70.0,115.00000000000001,9.550285002243363,0.636950582555108,0.0019341002832887417,339.19541755856,331.59347251952,4.516357274637165,4.5
70.0,120.00000000000001,9.56788693997896,0.6560993660724632,0.0019921876793402584,339.2321682798129,331.60572275993763,4.520218480029605,4.5
70.0,125.0,9.585488877714557,0.6748188783287943,0.0020489696295111297,339.26848972980486,331.617829909935,4.5240345841437355,4.5
70.0,130.0,9.603090815450154,0.6931279674076186,0.002104503523126231,339.3044007566193,331.62980025220645,4.527807567248735,4.5
70.0,135.0,9.62069275318575,0.7110442661841468,0.002158843046383104,339.33991899313145,331.6416396643772,4.5315392819382785,4.5
70.0,140.0,9.638294690921345,0.7285842946164696,0.002212038494254442,339.37506095929933,331.6533536530998,4.535231463877642,4.5
70.0,145.00000000000003,9.655896628656942,0.7457635514939485,0.0022641370502284653,339.4098421539124,331.6649473846375,4.538885741443277,4.5
70.0,150.0,9.673498566392537,0.7625965969205369,0.002315183037786606,339.4442771370746,331.6764257123582,4.542503644388876,4.5
70.0,155.0,9.691100504128134,0.7790971266336753,0.0023652181469772803,339.47837960452335,331.68779320150776,4.546086611653714,4.5
70.0,160.0,9.70870244186373,0.7952780391097863,0.0024142816389878265,339.51216245473506,331.69905415157837,4.549635998413016,4.5
70.0,165.0,9.726304379599327,0.8111514962806357,0.0024624105312297064,339.5456378496414,331.71021261654715,4.553153082457079,4.6
70.0,170.00000000000003,9.743906317334924,0.8267289785769486,0.002509639765122831,339.5788172696734,331.7212724232245,4.5566390699745485,4.6
70.0,175.0,9.761508255070519,0.8420213349237,0.002556002358484123,339.6117115637557,331.7322371879186,4.560095100804993,4.6
70.0,180.0,9.779110192806115,0.8570388282327301,0.002601529544185043,339.6443309948003,331.7431103316001,4.563522253218705,4.6
70.0,185.0,9.79671213054171,0.8717911768707427,0.0026462508965365106,339.67668528117395,331.7538950937247,4.566921548273483,4.6
70.0,190.0,9.814314068277307,0.8862875925225709,0.0026901944466821196,339.7087836345614,331.7645945448538,4.570293953792684,4.6
70.0,195.00000000000003,9.831916006012904,0.9005368148193272,0.00273338678812715,339.74063479459375,331.7752115981979,4.573640388003482,4.6
70.0,200.0,9.8495179437485,0.91454714305761,0.0027758531733983074,339.7722470605676,331.78574902018926,4.576961722869429,4.6
70.0,205.00000000000003,9.867119881484097,0.9283264652981803,0.002817617602713905,339.8036283205438,331.79620944018126,4.580258787147623,4.6
70.0,210.0,9.884721819219692,0.9418822850997156,0.002858702905444099,339.8347860780809,331.8065953593603,4.5835323691976395,4.6
70.0,215.0,9.902323756955289,0.9552217461146112,0.0028991308150534303,339.8657274768314,331.8169091589438,4.586783219565528,4.6
70.0,220.00000000000003,9.919925694690885,0.9683516547487961,0.002938922038141619,339.8964593232012,331.82715310773375,4.590012053364628,4.6
70.0,225.0,9.937527632426482,0.9812785010656083,0.002978096318131691,339.92698810725364,331.83732936908456,4.593219552471832,4.6
70.0,230.00000000000003,9.955129570162079,0.9940084780945325,0.0030166724940958235,339.9573200220181,331.8474400073394,4.596406367556244,4.6
70.0,235.0,9.972731507897674,1.0065474996886927,0.0030546685551576754,339.98746098134785,331.85748699378263,4.599573119955365,4.6
70.0,240.00000000000003,9.99033344563327,1.018901217060056,0.003092101690864457,340.0174166364548,331.8674722121516,4.602720403412384,4.6
70.0,245.00000000000003,10.007935383368865,1.0310750341081436,0.003128988337881796,340.0471923912385,331.87739746374615,4.605848785686664,4.6
70.0,250.0,10.025537321104462,1.0430741216463757,0.0031653442233289066,340.0767934165124,331.8872644721708,4.608958810048438,4.6
70.0,255.00000000000003,10.043139258840059,1.0549034306198393,0.0032011844050400125,340.10622466322144,331.8970748877405,4.612050996667503,4.6
70.0,260.0,10.060741196575655,1.0665677043990962,0.003236523309010007,340.13549087473626,331.90683029157873,4.615125843904906,4.6
70.0,265.00000000000006,10.078343134311252,1.0780714902264725,0.003271374764257398,340.1645965982992,331.9165321994331,4.6181838295155675,4.6
70.0,270.0,10.095945072046847,1.08941914988399,0.003305752035315391,340.19354619569236,331.92618206523076,4.621225411768972,4.6
70.0,275.0,10.113547009782444,1.1006148696456173,0.003339667852542171,340.22234385318956,331.93578128439657,4.624251030495022,4.6
70.0,280.0,10.13114894751804,1.1116626695706915,0.0033731344404236883,340.25099359085027,331.9453311969501,4.6272611080601935,4.6
70.0,285.0,10.148750885253635,1.122566412190166,0.0034061635440264235,340.27949927120534,331.9548330904018,4.6302560502803605,4.6
70.0,290.00000000000006,10.166352822989234,1.1333298106326888,0.0034387664537433916,340.3078646073834,331.96428820246115,4.633236247274465,4.6
70.0,295.0,10.183954760724829,1.1439564362332981,0.003470954028463816,340.3360931707196,331.9736977235732,4.636202074263934,4.6
70.0,300.0,10.201556698460426,1.1544497256637842,0.0035027367172854834,340.3641883978857,331.9830627992953,4.63915389232186,4.6
75.0,0.0,9.798686179633552,0.0,0.0,338.80686815339504,331.4639560511317,4.475534427974447,4.5
75.0,5.0,9.81628811736915,0.04056185289237851,0.00012327764165512376,338.86503194402303,331.483343981341,4.481645392177629,4.5
75.0,10.0,9.833890055104746,0.07924106789395854,0.0002408193206975169,338.92131309676023,331.5021043655868,4.487558557498828,4.5
75.0,15.000000000000002,9.851491992840343,0.11620487526398286,0.0003531351644834896,338.97587884186584,331.5202929472886,4.493291493943643,4.5
75.0,20.0,9.869093930575938,0.15159915972895432,0.0004606701356117005,339.0288750640664,331.5379583546888,4.498859528854608,4.5
75.0,25.0,9.886695868311534,0.18555194609533962,0.0005638146791438648,339.0804297881684,331.5551432627228,4.504276113126217,4.5
75.0,30.000000000000004,9.904297806047131,0.21817620113332484,0.0006629132803450848,339.1306559809419,331.57188532698063,4.509553115584042,4.5
75.0,35.0,9.921899743782728,0.24957210662670173,0.0007582714064800886,339.17965382417094,331.5882179413903,4.5147010618023495,4.5
75.0,40.0,9.939501681518324,0.2798289190282821,0.0008501611855423006,339.2275125743081,331.6041708581027,4.519729329488119,4.5
75.0,45.0,9.95710361925392,0.30902650278887844,0.0009388260880393777,339.2743120958043,331.6197706986015,4.52464630958007,4.5
75.0,50.0,9.974705556989516,0.3372366037561246,0.001024484814755565,339.3201241345072,331.6350413781691,4.529459540037798,4.5
75.0,55.00000000000001,9.992307494725111,0.36452391379333504,0.0011073345468013572,339.36501338228,331.65000446076004,4.534175817695868,4.5
75.0,60.00000000000001,10.009909432460708,0.3909469663968819,0.0011875536794988771,339.4090383726191,331.6646794575397,4.538801292361498,4.5
75.0,65.0,10.027511370196304,0.41655889451953976,0.0012653041354530824,339.45225223847734,331.67908407949244,4.543341546435195,4.5
75.0,70.0,10.045113307931901,0.4414080752840401,0.0013407333322217152,339.4947033569774,331.69323445232584,4.547801662647337,4.5
75.0,75.0,10.062715245667498,0.46553868126116543,0.0014139758646861647,339.5364359006902,331.7071453002301,4.5521862819780665,4.6
75.0,80.0,10.080317183403093,0.4889911541062257,0.0014851549503672656,339.5774903112708,331.72083010375695,4.556499653419851,4.6
75.0,85.00000000000001,10.09791912113869,0.511802613318115,0.0015543836766726492,339.61790370821836,331.7343012360728,4.560745676923622,4.6
75.0,90.0,10.115521058874284,0.5340072105020212,0.0016217660817809455,339.6577102431378,331.7475700810459,4.5649279406192775,4.6
75.0,95.0,10.133122996609881,0.5556364376290646,0.0016873980951006497,339.69694140800044,331.76064713600016,4.5690497532029575,4.6
75.0,100.0,10.150724934345478,0.5767193962808003,0.0017513683586427415,339.7356263043878,331.7735421014626,4.573114172225077,4.6
75.0,105.0,10.168326872081074,0.5972830336585808,0.001813758946956273,339.7737918795012,331.7862639598338,4.57712402888665,4.6
75.0,110.00000000000001,10.185928809816671,0.6173523501627401,0.0018746460002978652,339.8114631337409,331.79882104458034,4.581081949848506,4.6
75.0,115.00000000000001,10.203530747552266,0.636950582555108,0.0019341002832887417,339.84866330386893,331.8112211012897,4.584990376475277,4.6
75.0,120.00000000000001,10.221132685287863,0.6560993660724632,0.0019921876793402584,339.8854140251218,331.82347134170726,4.588851581867701,4.6
75.0,125.0,10.23873462302346,0.6748188783287943,0.0020489696295111297,339.92173547511373,331.8355784917046,4.592667685981831,4.6
75.0,130.0,10.256336560759056,0.6931279674076186,0.002104503523126231,339.9576465019282,331.8475488339761,4.596440669086831,4.6
75.0,135.0,10.273938498494653,0.7110442661841468,0.002158843046383104,339.9931647384403,331.8593882461468,4.600172383776374,4.6
75.0,140.0,10.291540436230248,0.7285842946164696,0.002212038494254442,340.02830670460827,331.8711022348694,4.6038645657157184,4.6
75.0,145.00000000000003,10.309142373965843,0.7457635514939485,0.0022641370502284653,340.06308789922133,331.8826959664071,4.607518843281354,4.6
75.0,150.0,10.326744311701441,0.7625965969205369,0.002315183037786606,340.0975228823835,331.8941742941278,4.611136746226972,4.6
75.0,155.0,10.344346249437036,0.7790971266336753,0.0023652181469772803,340.13162534983223,331.90554178327744,4.614719713491827,4.6
75.0,160.0,10.361948187172633,0.7952780391097863,0.0024142816389878265,340.16540820004394,331.916802733348,4.61826910025111,4.6
75.0,165.0,10.37955012490823,0.8111514962806357,0.0024624105312297064,340.19888359495036,331.9279611983168,4.621786184295175,4.6
75.0,170.00000000000003,10.397152062643826,0.8267289785769486,0.002509639765122831,340.2320630149823,331.9390210049941,4.625272171812643,4.6
75.0,175.0,10.414754000379421,0.8420213349237,0.002556002358484123,340.26495730906464,331.9499857696882,4.628728202643088,4.6
75.0,180.0,10.432355938115016,0.8570388282327301,0.002601529544185043,340.2975767401092,331.96085891336975,4.6321553550568,4.6
75.0,185.0,10.449957875850615,0.8717911768707427,0.0026462508965365106,340.3299310264828,331.9716436754943,4.635554650111579,4.6
75.0,190.0,10.46755981358621,0.8862875925225709,0.0026901944466821196,340.3620293798703,331.98234312662345,4.63892705563078,4.6
75.0,195.00000000000003,10.485161751321806,0.9005368148193272,0.00273338678812715,340.3938805399026,331.99296017996755,4.642273489841577,4.6
75.0,200.0,10.502763689057405,0.91454714305761,0.0027758531733983074,340.42549280587656,332.0034976019588,4.645594824707506,4.6
75.0,205.00000000000003,10.520365626793,0.9283264652981803,0.002817617602713905,340.45687406585273,332.01395802195094,4.6488918889857365,4.6
75.0,210.0,10.537967564528595,0.9418822850997156,0.002858702905444099,340.4880318233898,332.0243439411299,4.652165471035735,4.7
75.0,215.0,10.555569502264191,0.9552217461146112,0.0028991308150534303,340.5189732221403,332.03465774071344,4.6554163214036235,4.7
75.0,220.00000000000003,10.573171439999788,0.9683516547487961,0.002938922038141619,340.5497050685101,332.0449016895034,4.6586451552027235,4.7
75.0,225.0,10.590773377735385,0.9812785010656083,0.002978096318131691,340.5802338525625,332.0550779508542,4.661852654309927,4.7
75.0,230.00000000000003,10.60837531547098,0.9940084780945325,0.0030166724940958235,340.61056576732705,332.065188589109,4.6650394693943396,4.7
75.0,235.0,10.625977253206578,1.0065474996886927,0.0030546685551576754,340.6407067266568,332.0752355755523,4.668206221793478,4.7
75.0,240.00000000000003,10.643579190942173,1.018901217060056,0.003092101690864457,340.6706623817637,332.0852207939212,4.6713535052504795,4.7
75.0,245.00000000000003,10.661181128677768,1.0310750341081436,0.003128988337881796,340.7004381365474,332.09514604551583,4.674481887524777,4.7
75.0,250.0,10.678783066413365,1.0430741216463757,0.0031653442233289066,340.73003916182125,332.1050130539404,4.677591911886533,4.7
75.0,255.00000000000003,10.696385004148961,1.0549034306198393,0.0032011844050400125,340.7594704085303,332.1148234695101,4.680684098505599,4.7
75.0,260.0,10.713986941884558,1.0665677043990962,0.003236523309010007,340.7887366200452,332.1245788733484,4.683758945743019,4.7
75.0,265.00000000000006,10.731588879620153,1.0780714902264725,0.003271374764257398,340.81784234360816,332.13428078120273,4.686816931353662,4.7
75.0,270.0,10.749190817355752,1.08941914988399,0.003305752035315391,340.84679194100124,332.14393064700045,4.689858513607084,4.7
75.0,275.0,10.766792755091346,1.1006148696456173,0.003339667852542171,340.87558959849844,332.15352986616614,4.6928841323330985,4.7
75.0,280.0,10.784394692826943,1.1116626695706915,0.0033731344404236883,340.90423933615915,332.16307977871975,4.695894209898289,4.7
75.0,285.0,10.801996630562538,1.122566412190166,0.0034061635440264235,340.9327450165142,332.1725816721714,4.698889152118455,4.7
75.0,290.00000000000006,10.819598568298137,1.1333298106326888,0.0034387664537433916,340.96111035269234,332.1820367842308,4.7018693491125605,4.7
75.0,295.0,10.837200506033732,1.1439564362332981,0.003470954028463816,340.98933891602854,332.1914463053429,4.704835176102047,4.7
75.0,300.0,10.854802443769326,1.1544497256637842,0.0035027367172854834,341.0174341431946,332.20081138106485,4.707786994159937,4.7
80.0,0.0,10.451931924942457,0.0,0.0,339.460113898704,331.68170463290136,4.544167529812559,4.5
80.0,5.0,10.469533862678052,0.04056185289237851,0.00012327764165512376,339.51827768933197,331.70109256311065,4.550278494015725,4.6
80.0,10.0,10.48713580041365,0.07924106789395854,0.0002408193206975169,339.5745588420691,331.7198529473564,4.556191659336924,4.6
80.0,15.000000000000002,10.504737738149245,0.11620487526398286,0.0003531351644834896,339.6291245871747,331.73804152905825,4.561924595781737,4.6
80.0,20.0,10.522339675884842,0.15159915972895432,0.0004606701356117005,339.6821208093753,331.75570693645847,4.567492630692721,4.6
80.0,25.0,10.539941613620437,0.18555194609533962,0.0005638146791438648,339.7336755334773,331.77289184449245,4.572909214964312,4.6
80.0,30.000000000000004,10.557543551356035,0.21817620113332484,0.0006629132803450848,339.78390172625086,331.7896339087503,4.5781862174221555,4.6
80.0,35.0,10.57514548909163,0.24957210662670173,0.0007582714064800886,339.8328995694799,331.80596652315995,4.583334163640445,4.6
80.0,40.0,10.592747426827227,0.2798289190282821,0.0008501611855423006,339.880758319617,331.8219194398723,4.588362431326215,4.6
80.0,45.0,10.610349364562824,0.30902650278887844,0.0009388260880393777,339.9275578411132,331.83751928037105,4.593279411418147,4.6
80.0,50.0,10.62795130229842,0.3372366037561246,0.001024484814755565,339.97336987981606,331.8527899599387,4.598092641875892,4.6
80.0,55.00000000000001,10.645553240034015,0.36452391379333504,0.0011073345468013572,340.01825912758886,331.8677530425296,4.602808919533945,4.6
80.0,60.00000000000001,10.66315517776961,0.3909469663968819,0.0011875536794988771,340.062284117928,331.88242803930933,4.6074343941995926,4.6
80.0,65.0,10.680757115505209,0.41655889451953976,0.0012653041354530824,340.1054979837863,331.8968326612621,4.611974648273308,4.6
80.0,70.0,10.698359053240804,0.4414080752840401,0.0013407333322217152,340.1479491022863,331.9109830340954,4.6164347644854145,4.6
80.0,75.0,10.7159609909764,0.46553868126116543,0.0014139758646861647,340.1896816459991,331.9248938819997,4.620819383816162,4.6
80.0,80.0,10.733562928711997,0.4889911541062257,0.0014851549503672656,340.2307360565797,331.9385786855266,4.625132755257946,4.6
80.0,85.00000000000001,10.751164866447594,0.511802613318115,0.0015543836766726492,340.27114945352724,331.9520498178424,4.629378778761717,4.6
80.0,90.0,10.768766804183189,0.5340072105020212,0.0016217660817809455,340.3109559884467,331.9653186628156,4.63356104245739,4.6
80.0,95.0,10.786368741918787,0.5556364376290646,0.0016873980951006497,340.3501871533094,331.97839571776984,4.637682855041071,4.6
80.0,100.0,10.803970679654382,0.5767193962808003,0.0017513683586427415,340.38887204969666,331.9912906832322,4.641747274063154,4.6
80.0,105.0,10.821572617389979,0.5972830336585808,0.001813758946956273,340.42703762481005,332.00401254160334,4.645757130724728,4.6
80.0,110.00000000000001,10.839174555125574,0.6173523501627401,0.0018746460002978652,340.4647088790498,332.01656962634996,4.649715051686601,4.6
80.0,115.00000000000001,10.856776492861172,0.636950582555108,0.0019341002832887417,340.5019090491778,332.0289696830593,4.6536234783133725,4.7
80.0,120.00000000000001,10.874378430596767,0.6560993660724632,0.0019921876793402584,340.53865977043074,332.04121992347694,4.657484683705814,4.7
80.0,125.0,10.891980368332362,0.6748188783287943,0.0020489696295111297,340.57498122042267,332.05332707347424,4.6613007878199255,4.7
80.0,130.0,10.90958230606796,0.6931279674076186,0.002104503523126231,340.61089224723713,332.06529741574576,4.665073770924944,4.7
80.0,135.0,10.927184243803556,0.7110442661841468,0.002158843046383104,340.6464104837492,332.0771368279164,4.668805485614451,4.7
80.0,140.0,10.944786181539152,0.7285842946164696,0.002212038494254442,340.68155244991715,332.0888508166391,4.672497667553832,4.7
80.0,145.00000000000003,10.962388119274747,0.7457635514939485,0.0022641370502284653,340.7163336445302,332.10044454817677,4.676151945119467,4.7
80.0,150.0,10.979990057010346,0.7625965969205369,0.002315183037786606,340.7507686276924,332.1119228758975,4.679769848065085,4.7
80.0,155.0,10.99759199474594,0.7790971266336753,0.0023652181469772803,340.78487109514117,332.12329036504707,4.683352815329923,4.7
80.0,160.0,11.015193932481536,0.7952780391097863,0.0024142816389878265,340.8186539453528,332.1345513151176,4.686902202089206,4.7
80.0,165.0,11.032795870217134,0.8111514962806357,0.0024624105312297064,340.85212934025924,332.1457097800864,4.69041928613327,4.7
80.0,170.00000000000003,11.050397807952729,0.8267289785769486,0.002509639765122831,340.8853087602912,332.15676958676374,4.6939052736507385,4.7
80.0,175.0,11.067999745688326,0.8420213349237,0.002556002358484123,340.9182030543735,332.16773435145785,4.697361304481183,4.7
80.0,180.0,11.08560168342392,0.8570388282327301,0.002601529544185043,340.95082248541814,332.1786074951394,4.700788456894895,4.7
80.0,185.0,11.103203621159519,0.8717911768707427,0.0026462508965365106,340.98317677179176,332.18939225726393,4.704187751949673,4.7
80.0,190.0,11.120805558895114,0.8862875925225709,0.0026901944466821196,341.01527512517924,332.2000917083931,4.707560157468874,4.7
80.0,195.00000000000003,11.13840749663071,0.9005368148193272,0.00273338678812715,341.0471262852115,332.2107087617372,4.710906591679672,4.7
80.0,200.0,11.156009434366307,0.91454714305761,0.0027758531733983074,341.07873855118544,332.2212461837285,4.714227926545619,4.7
80.0,205.00000000000003,11.173611372101904,0.9283264652981803,0.002817617602713905,341.1101198111616,332.23170660372057,4.717524990823832,4.7
80.0,210.0,11.191213309837499,0.9418822850997156,0.002858702905444099,341.14127756869874,332.2420925228996,4.720798572873848,4.7
80.0,215.0,11.208815247573094,0.9552217461146112,0.0028991308150534303,341.1722189674492,332.25240632248307,4.724049423241719,4.7
80.0,220.00000000000003,11.226417185308692,0.9683516547487961,0.002938922038141619,341.20295081381903,332.262650271273,4.727278257040818,4.7
80.0,225.0,11.244019123044287,0.9812785010656083,0.002978096318131691,341.2334795978714,332.2728265326238,4.730485756148022,4.7
80.0,230.00000000000003,11.261621060779884,0.9940084780945325,0.0030166724940958235,341.2638115126359,332.28293717087865,4.733672571232435,4.7
80.0,235.0,11.27922299851548,1.0065474996886927,0.0030546685551576754,341.29395247196567,332.2929841573219,4.736839323631555,4.7
80.0,240.00000000000003,11.296824936251078,1.018901217060056,0.003092101690864457,341.3239081270726,332.3029693756909,4.739986607088593,4.7
80.0,245.00000000000003,11.314426873986672,1.0310750341081436,0.003128988337881796,341.35368388185634,332.31289462728546,4.743114989362872,4.7
80.0,250.0,11.332028811722267,1.0430741216463757,0.0031653442233289066,341.3832849071302,332.3227616357101,4.746225013724646,4.7
80.0,255.00000000000003,11.349630749457866,1.0549034306198393,0.0032011844050400125,341.4127161538392,332.3325720512798,4.749317200343712,4.7
80.0,260.0,11.36723268719346,1.0665677043990962,0.003236523309010007,341.4419823653541,332.34232745511804,4.7523920475811146,4.8
80.0,265.00000000000006,11.384834624929058,1.0780714902264725,0.003271374764257398,341.47108808891704,332.35202936297236,4.7554500331917575,4.8
80.0,270.0,11.402436562664654,1.08941914988399,0.003305752035315391,341.5000376863102,332.3616792287701,4.7584916154451795,4.8
80.0,275.0,11.420038500400251,1.1006148696456173,0.003339667852542171,341.5288353438074,332.3712784479358,4.761517234171212,4.8
80.0,280.0,11.437640438135846,1.1116626695706915,0.0033731344404236883,341.5574850814681,332.3808283604894,4.764527311736384,4.8
80.0,285.0,11.455242375871443,1.122566412190166,0.0034061635440264235,341.5859907618231,332.39033025394104,4.7675222539565505,4.8
80.0,290.00000000000006,11.47284431360704,1.1333298106326888,0.0034387664537433916,341.6143560980012,332.39978536600046,4.770502450950674,4.8
80.0,295.0,11.490446251342636,1.1439564362332981,0.003470954028463816,341.6425846613374,332.4091948871125,4.773468277940142,4.8
80.0,300.0,11.508048189078231,1.1544497256637842,0.0035027367172854834,341.6706798885035,332.41855996283454,4.77642009599805,4.8
85.00000000000001,0.0,11.105177670251361,0.0,0.0,340.11335964401286,331.899453214671,4.6128006316506545,4.6
85.00000000000001,5.0,11.122779607986956,0.04056185289237851,0.00012327764165512376,340.17152343464085,331.91884114488033,4.618911595853837,4.6
85.00000000000001,10.0,11.140381545722555,0.07924106789395854,0.0002408193206975169,340.22780458737805,331.937601529126,4.624824761175019,4.6
85.00000000000001,15.000000000000002,11.15798348345815,0.11620487526398286,0.0003531351644834896,340.28237033248365,331.9557901108279,4.630557697619833,4.6
85.00000000000001,20.0,11.175585421193746,0.15159915972895432,0.0004606701356117005,340.33536655468424,331.9734555182281,4.636125732530816,4.6
85.00000000000001,25.0,11.193187358929341,0.18555194609533962,0.0005638146791438648,340.3869212787862,331.9906404262621,4.641542316802407,4.6
85.00000000000001,30.000000000000004,11.21078929666494,0.21817620113332484,0.0006629132803450848,340.43714747155974,332.0073824905199,4.646819319260233,4.6
85.00000000000001,35.0,11.228391234400535,0.24957210662670173,0.0007582714064800886,340.48614531478876,332.0237151049296,4.65196726547854,4.7
85.00000000000001,40.0,11.24599317213613,0.2798289190282821,0.0008501611855423006,340.5340040649259,332.039668021642,4.656995533164328,4.7
85.00000000000001,45.0,11.263595109871728,0.30902650278887844,0.0009388260880393777,340.5808035864221,332.05526786214074,4.661912513256261,4.7
85.00000000000001,50.0,11.281197047607323,0.3372366037561246,0.001024484814755565,340.626615625125,332.07053854170834,4.666725743713988,4.7
85.00000000000001,55.00000000000001,11.29879898534292,0.36452391379333504,0.0011073345468013572,340.67150487289774,332.08550162429924,4.671442021372041,4.7
85.00000000000001,60.00000000000001,11.316400923078515,0.3909469663968819,0.0011875536794988771,340.7155298632369,332.100176621079,4.676067496037706,4.7
85.00000000000001,65.0,11.334002860814113,0.41655889451953976,0.0012653041354530824,340.75874372909516,332.11458124303175,4.680607750111403,4.7
85.00000000000001,70.0,11.351604798549708,0.4414080752840401,0.0013407333322217152,340.80119484759524,332.1287316158651,4.685067866323528,4.7
85.00000000000001,75.0,11.369206736285303,0.46553868126116543,0.0014139758646861647,340.842927391308,332.14264246376933,4.689452485654257,4.7
85.00000000000001,80.0,11.386808674020902,0.4889911541062257,0.0014851549503672656,340.88398180188864,332.15632726729626,4.693765857096059,4.7
85.00000000000001,85.00000000000001,11.404410611756497,0.511802613318115,0.0015543836766726492,340.9243951988361,332.16979839961203,4.698011880599813,4.7
85.00000000000001,90.0,11.422012549492093,0.5340072105020212,0.0016217660817809455,340.9642017337556,332.1830672445852,4.702194144295468,4.7
85.00000000000001,95.0,11.43961448722769,0.5556364376290646,0.0016873980951006497,341.00343289861826,332.1961442995394,4.7063159568791475,4.7
85.00000000000001,100.0,11.457216424963287,0.5767193962808003,0.0017513683586427415,341.0421177950056,332.2090392650019,4.710380375901267,4.7
85.00000000000001,105.0,11.474818362698882,0.5972830336585808,0.001813758946956273,341.080283370119,332.221761123373,4.714390232562841,4.7
85.00000000000001,110.00000000000001,11.492420300434478,0.6173523501627401,0.0018746460002978652,341.11795462435873,332.2343182081196,4.718348153524696,4.7
85.00000000000001,115.00000000000001,11.510022238170075,0.636950582555108,0.0019341002832887417,341.1551547944867,332.24671826482887,4.72225658015145,4.7
85.00000000000001,120.00000000000001,11.527624175905672,0.6560993660724632,0.0019921876793402584,341.1919055157396,332.2589685052465,4.726117785543891,4.7
85.00000000000001,125.0,11.545226113641267,0.6748188783287943,0.0020489696295111297,341.22822696573155,332.27107565524386,4.729933889658021,4.7
85.00000000000001,130.0,11.562828051376865,0.6931279674076186,0.002104503523126231,341.264137992546,332.28304599751533,4.733706872763021,4.7
85.00000000000001,135.0,11.58042998911246,0.7110442661841468,0.002158843046383104,341.29965622905814,332.29488540968606,4.737438587452564,4.7
85.00000000000001,140.0,11.598031926848055,0.7285842946164696,0.002212038494254442,341.3347981952261,332.3065993984087,4.741130769391927,4.7
85.00000000000001,145.00000000000003,11.615633864583652,0.7457635514939485,0.0022641370502284653,341.3695793898391,332.3181931299464,4.7447850469575625,4.7
85.00000000000001,150.0,11.633235802319248,0.7625965969205369,0.002315183037786606,341.4040143730013,332.3296714576671,4.748402949903162,4.7
85.00000000000001,155.0,11.650837740054845,0.7790971266336753,0.0023652181469772803,341.43811684045005,332.3410389468167,4.751985917168017,4.8
85.00000000000001,160.0,11.66843967779044,0.7952780391097863,0.0024142816389878265,341.47189969066176,332.35229989688725,4.755535303927301,4.8
85.00000000000001,165.0,11.686041615526038,0.8111514962806357,0.0024624105312297064,341.5053750855682,332.3634583618561,4.7590523879713835,4.8
85.00000000000001,170.00000000000003,11.703643553261633,0.8267289785769486,0.002509639765122831,341.53855450560013,332.37451816853337,4.762538375488834,4.8
85.00000000000001,175.0,11.721245490997228,0.8420213349237,0.002556002358484123,341.5714487996824,332.3854829332275,4.765994406319279,4.8
85.00000000000001,180.0,11.738847428732825,0.8570388282327301,0.002601529544185043,341.604068230727,332.39635607690906,4.769421558733009,4.8
85.00000000000001,185.0,11.756449366468422,0.8717911768707427,0.0026462508965365106,341.63642251710064,332.40714083903356,4.772820853787769,4.8
85.00000000000001,190.0,11.774051304204018,0.8862875925225709,0.0026901944466821196,341.6685208704881,332.4178402901627,4.77619325930697,4.8
85.00000000000001,195.00000000000003,11.791653241939613,0.9005368148193272,0.00273338678812715,341.70037203052044,332.4284573435068,4.779539693517767,4.8
85.00000000000001,200.0,11.809255179675212,0.91454714305761,0.0027758531733983074,341.7319842964944,332.43899476549814,4.7828610283837145,4.8
85.00000000000001,205.00000000000003,11.826857117410807,0.9283264652981803,0.002817617602713905,341.7633655564705,332.4494551854902,4.7861580926619265,4.8
85.00000000000001,210.0,11.844459055146404,0.9418822850997156,0.002858702905444099,341.7945233140076,332.45984110466924,4.789431674711943,4.8
85.00000000000001,215.0,11.862060992881998,0.9552217461146112,0.0028991308150534303,341.8254647127581,332.4701549042527,4.7926825250798135,4.8
85.00000000000001,220.00000000000003,11.879662930617597,0.9683516547487961,0.002938922038141619,341.8561965591279,332.4803988530427,4.795911358878931,4.8
85.00000000000001,225.0,11.897264868353192,0.9812785010656083,0.002978096318131691,341.88672534318033,332.4905751143935,4.7991188579861355,4.8
85.00000000000001,230.00000000000003,11.914866806088787,0.9940084780945325,0.0030166724940958235,341.91705725794486,332.5006857526483,4.80230567307053,4.8
85.00000000000001,235.0,11.932468743824385,1.0065474996886927,0.0030546685551576754,341.94719821727455,332.5107327390915,4.805472425469651,4.8
85.00000000000001,240.00000000000003,11.95007068155998,1.018901217060056,0.003092101690864457,341.9771538723815,332.5207179574605,4.80861970892667,4.8
85.00000000000001,245.00000000000003,11.967672619295577,1.0310750341081436,0.003128988337881796,342.0069296271652,332.5306432090551,4.811748091200967,4.8
85.00000000000001,250.0,11.985274557031172,1.0430741216463757,0.0031653442233289066,342.03653065243907,332.5405102174797,4.814858115562742,4.8
85.00000000000001,255.00000000000003,12.00287649476677,1.0549034306198393,0.0032011844050400125,342.06596189914814,332.55032063304935,4.817950302181789,4.8
85.00000000000001,260.0,12.020478432502365,1.0665677043990962,0.003236523309010007,342.095228110663,332.56007603688766,4.82102514941921,4.8
85.00000000000001,265.00000000000006,12.03808037023796,1.0780714902264725,0.003271374764257398,342.1243338342259,332.569777944742,4.824083135029853,4.8
85.00000000000001,270.0,12.055682307973559,1.08941914988399,0.003305752035315391,342.15328343161906,332.5794278105397,4.827124717283275,4.8
85.00000000000001,275.0,12.073284245709154,1.1006148696456173,0.003339667852542171,342.18208108911625,332.58902702970545,4.830150336009307,4.8
85.00000000000001,280.0,12.09088618344475,1.1116626695706915,0.0033731344404236883,342.21073082677697,332.598576942259,4.833160413574479,4.8
85.00000000000001,285.0,12.108488121180345,1.122566412190166,0.0034061635440264235,342.23923650713203,332.6080788357107,4.836155355794664,4.8
85.00000000000001,290.00000000000006,12.126090058915944,1.1333298106326888,0.0034387664537433916,342.26760184331016,332.61753394777,4.8391355527887505,4.8
85.00000000000001,295.0,12.143691996651539,1.1439564362332981,0.003470954028463816,342.2958304066463,332.6269434688821,4.842101379778219,4.8
85.00000000000001,300.0,12.161293934387135,1.1544497256637842,0.0035027367172854834,342.3239256338124,332.63630854460416,4.845053197836146,4.8
90.0,0.0,11.758423415560262,0.0,0.0,340.7666053893218,332.1172017964406,4.68143373348875,4.7
90.0,5.0,11.776025353295859,0.04056185289237851,0.00012327764165512376,340.8247691799497,332.1365897266499,4.687544697691915,4.7
90.0,10.0,11.793627291031456,0.07924106789395854,0.0002408193206975169,340.8810503326869,332.15535011089565,4.693457863013114,4.7
90.0,15.000000000000002,11.811229228767052,0.11620487526398286,0.0003531351644834896,340.93561607779253,332.1735386925975,4.699190799457928,4.7
90.0,20.0,11.828831166502647,0.15159915972895432,0.0004606701356117005,340.9886122999931,332.1912040999977,4.704758834368912,4.7
90.0,25.0,11.846433104238242,0.18555194609533962,0.0005638146791438648,341.0401670240951,332.2083890080317,4.710175418640502,4.7
90.0,30.000000000000004,11.86403504197384,0.21817620113332484,0.0006629132803450848,341.0903932168687,332.22513107228957,4.7154524210983455,4.7
90.0,35.0,11.881636979709436,0.24957210662670173,0.0007582714064800886,341.13939106009764,332.2414636866992,4.720600367316635,4.7
90.0,40.0,11.899238917445032,0.2798289190282821,0.0008501611855423006,341.1872498102348,332.2574166034116,4.725628635002423,4.7
90.0,45.0,11.916840855180629,0.30902650278887844,0.0009388260880393777,341.234049331731,332.27301644391036,4.730545615094355,4.7
90.0,50.0,11.934442792916226,0.3372366037561246,0.001024484814755565,341.2798613704339,332.28828712347797,4.735358845552083,4.7
90.0,55.00000000000001,11.95204473065182,0.36452391379333504,0.0011073345468013572,341.3247506182067,332.3032502060689,4.740075123210153,4.7
90.0,60.00000000000001,11.969646668387416,0.3909469663968819,0.0011875536794988771,341.36877560854583,332.3179252028486,4.7447005978757835,4.7
90.0,65.0,11.987248606123014,0.41655889451953976,0.0012653041354530824,341.41198947440404,332.3323298248013,4.74924085194948,4.7
90.0,70.0,12.004850543858609,0.4414080752840401,0.0013407333322217152,341.4544405929041,332.3464801976347,4.753700968161622,4.8
90.0,75.0,12.022452481594206,0.46553868126116543,0.0014139758646861647,341.4961731366169,332.36039104553896,4.758085587492352,4.8
90.0,80.0,12.040054419329802,0.4889911541062257,0.0014851549503672656,341.5372275471975,332.37407584906583,4.762398958934137,4.8
90.0,85.00000000000001,12.0576563570654,0.511802613318115,0.0015543836766726492,341.57764094414506,332.3875469813817,4.766644982437926,4.8
90.0,90.0,12.075258294800994,0.5340072105020212,0.0016217660817809455,341.61744747906454,332.40081582635486,4.770827246133581,4.8
90.0,95.0,12.09286023253659,0.5556364376290646,0.0016873980951006497,341.65667864392714,332.41389288130904,4.774949058717243,4.8
90.0,100.0,12.110462170272188,0.5767193962808003,0.0017513683586427415,341.6953635403145,332.4267878467715,4.779013477739363,4.8
90.0,105.0,12.128064108007784,0.5972830336585808,0.001813758946956273,341.73352911542787,332.43950970514265,4.783023334400935,4.8
90.0,110.00000000000001,12.14566604574338,0.6173523501627401,0.0018746460002978652,341.7712003696676,332.4520667898892,4.786981255362791,4.8
90.0,115.00000000000001,12.163267983478978,0.636950582555108,0.0019341002832887417,341.8084005397956,332.46446684659855,4.790889681989563,4.8
90.0,120.00000000000001,12.180869921214573,0.6560993660724632,0.0019921876793402584,341.84515126104856,332.4767170870162,4.794750887382004,4.8
90.0,125.0,12.198471858950168,0.6748188783287943,0.0020489696295111297,341.88147271104043,332.4888242370135,4.798566991496116,4.8
90.0,130.0,12.216073796685766,0.6931279674076186,0.002104503523126231,341.9173837378549,332.50079457928496,4.802339974601116,4.8
90.0,135.0,12.233675734421361,0.7110442661841468,0.002158843046383104,341.952901974367,332.5126339914557,4.806071689290659,4.8
90.0,140.0,12.251277672156958,0.7285842946164696,0.002212038494254442,341.98804394053496,332.52434798017833,4.809763871230023,4.8
90.0,145.00000000000003,12.268879609892553,0.7457635514939485,0.0022641370502284653,342.022825135148,332.535941711716,4.813418148795657,4.8
90.0,150.0,12.286481547628151,0.7625965969205369,0.002315183037786606,342.05726011831024,332.54742003943676,4.817036051741275,4.8
90.0,155.0,12.304083485363746,0.7790971266336753,0.0023652181469772803,342.09136258575893,332.5587875285863,4.820619019006113,4.8
90.0,160.0,12.321685423099341,0.7952780391097863,0.0024142816389878265,342.12514543597064,332.5700484786569,4.824168405765396,4.8
90.0,165.0,12.33928736083494,0.8111514962806357,0.0024624105312297064,342.15862083087706,332.58120694362566,4.82768548980946,4.8
90.0,170.00000000000003,12.356889298570534,0.8267289785769486,0.002509639765122831,342.191800250909,332.592266750303,4.8311714773269285,4.8
90.0,175.0,12.374491236306131,0.8420213349237,0.002556002358484123,342.22469454499134,332.6032315149971,4.834627508157374,4.8
90.0,180.0,12.392093174041726,0.8570388282327301,0.002601529544185043,342.25731397603596,332.6141046586786,4.8380546605710855,4.8
90.0,185.0,12.409695111777324,0.8717911768707427,0.0026462508965365106,342.2896682624096,332.6248894208032,4.841453955625864,4.8
90.0,190.0,12.42729704951292,0.8862875925225709,0.0026901944466821196,342.321766615797,332.6355888719324,4.844826361145083,4.8
90.0,195.00000000000003,12.444898987248516,0.9005368148193272,0.00273338678812715,342.3536177758293,332.64620592527643,4.848172795355863,4.8
90.0,200.0,12.462500924984113,0.91454714305761,0.0027758531733983074,342.38523004180325,332.65674334726776,4.851494130221809,4.9
90.0,205.00000000000003,12.48010286271971,0.9283264652981803,0.002817617602713905,342.4166113017794,332.6672037672598,4.854791194500022,4.9
90.0,210.0,12.497704800455304,0.9418822850997156,0.002858702905444099,342.44776905931656,332.67758968643886,4.858064776550038,4.9
90.0,215.0,12.5153067381909,0.9552217461146112,0.0028991308150534303,342.478710458067,332.6879034860223,4.861315626917909,4.9
90.0,220.00000000000003,12.532908675926498,0.9683516547487961,0.002938922038141619,342.5094423044368,332.69814743481226,4.864544460717009,4.9
90.0,225.0,12.550510613662093,0.9812785010656083,0.002978096318131691,342.5399710884892,332.70832369616306,4.867751959824213,4.9
90.0,230.00000000000003,12.56811255139769,0.9940084780945325,0.0030166724940958235,342.57030300325374,332.7184343344179,4.870938774908625,4.9
90.0,235.0,12.585714489133286,1.0065474996886927,0.0030546685551576754,342.6004439625835,332.7284813208612,4.874105527307764,4.9
90.0,240.00000000000003,12.603316426868883,1.018901217060056,0.003092101690864457,342.63039961769044,332.73846653923016,4.877252810764783,4.9
90.0,245.00000000000003,12.620918364604478,1.0310750341081436,0.003128988337881796,342.66017537247416,332.74839179082477,4.880381193039081,4.9
90.0,250.0,12.638520302340073,1.0430741216463757,0.0031653442233289066,342.68977639774795,332.7582587992493,4.8834912174008185,4.9
90.0,255.00000000000003,12.656122240075671,1.0549034306198393,0.0032011844050400125,342.719207644457,332.76806921481904,4.886583404019902,4.9
90.0,260.0,12.673724177811266,1.0665677043990962,0.003236523309010007,342.7484738559719,332.77782461865735,4.889658251257322,4.9
90.0,265.00000000000006,12.691326115546863,1.0780714902264725,0.003271374764257398,342.77757957953486,332.7875265265116,4.8927162368679475,4.9
90.0,270.0,12.70892805328246,1.08941914988399,0.003305752035315391,342.806529176928,332.7971763923094,4.895757819121388,4.9
90.0,275.0,12.726529991018056,1.1006148696456173,0.003339667852542171,342.8353268344252,332.8067756114751,4.898783437847402,4.9
90.0,280.0,12.744131928753651,1.1116626695706915,0.0033731344404236883,342.86397657208585,332.8163255240286,4.9017935154125745,4.9
90.0,285.0,12.76173386648925,1.122566412190166,0.0034061635440264235,342.8924822524409,332.8258274174803,4.904788457632741,4.9
90.0,290.00000000000006,12.779335804224845,1.1333298106326888,0.0034387664537433916,342.92084758861904,332.8352825295397,4.907768654626864,4.9
90.0,295.0,12.796937741960441,1.1439564362332981,0.003470954028463816,342.94907615195524,332.84469205065176,4.910734481616332,4.9
90.0,300.0,12.814539679696036,1.1544497256637842,0.0035027367172854834,342.97717137912133,332.8540571263738,4.913686299674241,4.9
95.0,0.0,12.411669160869168,0.0,0.0,341.4198511346307,332.33495037821024,4.7500668353268445,4.8
95.0,5.0,12.429271098604763,0.04056185289237851,0.00012327764165512376,341.47801492525866,332.3543383084196,4.756177799530028,4.8
95.0,10.0,12.446873036340362,0.07924106789395854,0.0002408193206975169,341.53429607799586,332.3730986926653,4.762090964851209,4.8
95.0,15.000000000000002,12.464474974075957,0.11620487526398286,0.0003531351644834896,341.58886182310147,332.3912872743672,4.76782390129604,4.8
95.0,20.0,12.482076911811554,0.15159915972895432,0.0004606701356117005,341.641858045302,332.40895268176735,4.773391936207006,4.8
95.0,25.0,12.499678849547148,0.18555194609533962,0.0005638146791438648,341.693412769404,332.42613758980133,4.778808520478598,4.8
95.0,30.000000000000004,12.517280787282747,0.21817620113332484,0.0006629132803450848,341.74363896217756,332.4428796540592,4.784085522936441,4.8
95.0,35.0,12.534882725018342,0.24957210662670173,0.0007582714064800886,341.7926368054066,332.4592122684689,4.789233469154748,4.8
95.0,40.0,12.552484662753939,0.2798289190282821,0.0008501611855423006,341.8404955555437,332.47516518518125,4.794261736840518,4.8
95.0,45.0,12.570086600489535,0.30902650278887844,0.0009388260880393777,341.88729507703994,332.49076502568,4.799178716932451,4.8
95.0,50.0,12.587688538225132,0.3372366037561246,0.001024484814755565,341.93310711574276,332.5060357052476,4.803991947390178,4.8
95.0,55.00000000000001,12.605290475960727,0.36452391379333504,0.0011073345468013572,341.97799636351556,332.52099878783855,4.808708225048249,4.8
95.0,60.00000000000001,12.622892413696322,0.3909469663968819,0.0011875536794988771,342.0220213538547,332.53567378461827,4.813333699713897,4.8
95.0,65.0,12.64049435143192,0.41655889451953976,0.0012653041354530824,342.065235219713,332.550078406571,4.817873953787593,4.8
95.0,70.0,12.658096289167515,0.4414080752840401,0.0013407333322217152,342.10768633821306,332.56422877940435,4.822334069999718,4.8
95.0,75.0,12.675698226903112,0.46553868126116543,0.0014139758646861647,342.14941888192584,332.57813962730864,4.826718689330465,4.8
95.0,80.0,12.693300164638709,0.4889911541062257,0.0014851549503672656,342.1904732925064,332.59182443083546,4.831032060772231,4.8
95.0,85.00000000000001,12.710902102374305,0.511802613318115,0.0015543836766726492,342.23088668945394,332.6052955631513,4.835278084276003,4.8
95.0,90.0,12.7285040401099,0.5340072105020212,0.0016217660817809455,342.2706932243734,332.6185644081245,4.839460347971675,4.8
95.0,95.0,12.746105977845499,0.5556364376290646,0.0016873980951006497,342.3099243892361,332.6316414630787,4.843582160555356,4.8
95.0,100.0,12.763707915581094,0.5767193962808003,0.0017513683586427415,342.3486092856234,332.64453642854113,4.847646579577458,4.8
95.0,105.0,12.78130985331669,0.5972830336585808,0.001813758946956273,342.3867748607368,332.6572582869123,4.851656436239031,4.9
95.0,110.00000000000001,12.798911791052285,0.6173523501627401,0.0018746460002978652,342.4244461149765,332.66981537165884,4.855614357200887,4.9
95.0,115.00000000000001,12.816513728787884,0.636950582555108,0.0019341002832887417,342.4616462851045,332.6822154283682,4.859522783827658,4.9
95.0,120.00000000000001,12.834115666523479,0.6560993660724632,0.0019921876793402584,342.49839700635744,332.6944656687858,4.863383989220099,4.9
95.0,125.0,12.851717604259074,0.6748188783287943,0.0020489696295111297,342.53471845634937,332.7065728187831,4.867200093334211,4.9
95.0,130.0,12.869319541994672,0.6931279674076186,0.002104503523126231,342.5706294831638,332.71854316105464,4.870973076439229,4.9
95.0,135.0,12.886921479730267,0.7110442661841468,0.002158843046383104,342.60614771967596,332.7303825732253,4.874704791128755,4.9
95.0,140.0,12.904523417465864,0.7285842946164696,0.002212038494254442,342.64128968584384,332.74209656194796,4.878396973068117,4.9
95.0,145.00000000000003,12.922125355201459,0.7457635514939485,0.0022641370502284653,342.6760708804569,332.75369029348565,4.882051250633753,4.9
95.0,150.0,12.939727292937057,0.7625965969205369,0.002315183037786606,342.7105058636191,332.7651686212064,4.885669153579371,4.9
95.0,155.0,12.957329230672652,0.7790971266336753,0.0023652181469772803,342.74460833106787,332.77653611035595,4.889252120844208,4.9
95.0,160.0,12.974931168408247,0.7952780391097863,0.0024142816389878265,342.7783911812796,332.78779706042656,4.892801507603509,4.9
95.0,165.0,12.992533106143846,0.8111514962806357,0.0024624105312297064,342.811866576186,332.79895552539534,4.8963185916475735,4.9
95.0,170.00000000000003,13.01013504387944,0.8267289785769486,0.002509639765122831,342.8450459962179,332.8100153320726,4.899804579165024,4.9
95.0,175.0,13.027736981615037,0.8420213349237,0.002556002358484123,342.8779402903002,332.82098009676673,4.903260609995469,4.9
95.0,180.0,13.045338919350632,0.8570388282327301,0.002601529544185043,342.91055972134484,332.8318532404483,4.906687762409199,4.9
95.0,185.0,13.06294085708623,0.8717911768707427,0.0026462508965365106,342.94291400771846,332.8426380025728,4.910087057463959,4.9
95.0,190.0,13.080542794821826,0.8862875925225709,0.0026901944466821196,342.97501236110594,332.85333745370195,4.91345946298316,4.9
95.0,195.00000000000003,13.098144732557422,0.9005368148193272,0.00273338678812715,343.00686352113826,332.8639545070461,4.916805897193975,4.9
95.0,200.0,13.115746670293019,0.91454714305761,0.0027758531733983074,343.03847578711213,332.8744919290374,4.9201272320599045,4.9
95.0,205.00000000000003,13.133348608028616,0.9283264652981803,0.002817617602713905,343.0698570470883,332.88495234902945,4.923424296338117,4.9
95.0,210.0,13.15095054576421,0.9418822850997156,0.002858702905444099,343.10101480462544,332.8953382682085,4.926697878388134,4.9
95.0,215.0,13.168552483499806,0.9552217461146112,0.0028991308150534303,343.1319562033759,332.905652067792,4.929948728756022,4.9
95.0,220.00000000000003,13.186154421235404,0.9683516547487961,0.002938922038141619,343.1626880497457,332.91589601658194,4.933177562555122,4.9
95.0,225.0,13.203756358970999,0.9812785010656083,0.002978096318131691,343.19321683379815,332.92607227793275,4.9363850616623255,4.9
95.0,230.00000000000003,13.221358296706596,0.9940084780945325,0.0030166724940958235,343.2235487485626,332.93618291618753,4.9395718767467205,4.9
95.0,235.0,13.238960234442192,1.0065474996886927,0.0030546685551576754,343.25368970789236,332.9462299026308,4.942738629145858,4.9
95.0,240.00000000000003,13.256562172177789,1.018901217060056,0.003092101690864457,343.2836453629993,332.9562151209998,4.945885912602878,4.9
95.0,245.00000000000003,13.274164109913384,1.0310750341081436,0.003128988337881796,343.31342111778304,332.96614037259434,4.949014294877157,4.9
95.0,250.0,13.291766047648979,1.0430741216463757,0.0031653442233289066,343.3430221430569,332.976007381019,4.952124319238932,5.0
95.0,255.00000000000003,13.309367985384577,1.0549034306198393,0.0032011844050400125,343.37245338976595,332.98581779658866,4.955216505857997,5.0
95.0,260.0,13.326969923120172,1.0665677043990962,0.003236523309010007,343.4017196012808,332.9955732004269,4.9582913530954,5.0
95.0,265.00000000000006,13.344571860855769,1.0780714902264725,0.003271374764257398,343.43082532484374,333.00527510828124,4.961349338706043,5.0
95.0,270.0,13.362173798591366,1.08941914988399,0.003305752035315391,343.4597749222369,333.01492497407895,4.964390920959465,5.0
95.0,275.0,13.379775736326962,1.1006148696456173,0.003339667852542171,343.48857257973407,333.0245241932447,4.967416539685497,5.0
95.0,280.0,13.397377674062557,1.1116626695706915,0.0033731344404236883,343.5172223173948,333.03407410579825,4.97042661725067,5.0
95.0,285.0,13.414979611798154,1.122566412190166,0.0034061635440264235,343.54572799774985,333.04357599925,4.973421559470854,5.0
95.0,290.00000000000006,13.43258154953375,1.1333298106326888,0.0034387664537433916,343.5740933339279,333.05303111130934,4.976401756464959,5.0
95.0,295.0,13.450183487269348,1.1439564362332981,0.003470954028463816,343.6023218972641,333.0624406324214,4.979367583454428,5.0
95.0,300.0,13.467785425004942,1.1544497256637842,0.0035027367172854834,343.6304171244302,333.0718057081434,4.982319401512336,5.0
100.0,0.0,13.06491490617807,0.0,0.0,342.07309687993956,332.55269895997986,4.81869993716494,4.8
100.0,5.0,13.082516843913666,0.04056185289237851,0.00012327764165512376,342.13126067056754,332.5720868901892,4.824810901368123,4.8
100.0,10.0,13.100118781649265,0.07924106789395854,0.0002408193206975169,342.18754182330474,332.5908472744349,4.830724066689305,4.8
100.0,15.000000000000002,13.11772071938486,0.11620487526398286,0.0003531351644834896,342.24210756841035,332.6090358561368,4.836457003134136,4.8
100.0,20.0,13.135322657120454,0.15159915972895432,0.0004606701356117005,342.29510379061094,332.626701263537,4.842025038045102,4.8
100.0,25.0,13.152924594856051,0.18555194609533962,0.0005638146791438648,342.34665851471294,332.643886171571,4.847441622316711,4.8
100.0,30.000000000000004,13.170526532591648,0.21817620113332484,0.0006629132803450848,342.39688470748644,332.6606282358288,4.852718624774536,4.9
100.0,35.0,13.188128470327245,0.24957210662670173,0.0007582714064800886,342.44588255071545,332.67696085023846,4.857866570992825,4.9
100.0,40.0,13.20573040806284,0.2798289190282821,0.0008501611855423006,342.4937413008526,332.6929137669509,4.8628948386786135,4.9
100.0,45.0,13.223332345798438,0.30902650278887844,0.0009388260880393777,342.5405408223488,332.7085136074496,4.867811818770546,4.9
100.0,50.0,13.240934283534033,0.3372366037561246,0.001024484814755565,342.5863528610517,332.7237842870172,4.872625049228273,4.9
100.0,55.00000000000001,13.258536221269628,0.36452391379333504,0.0011073345468013572,342.6312421088245,332.7387473696082,4.877341326886344,4.9
100.0,60.00000000000001,13.276138159005225,0.3909469663968819,0.0011875536794988771,342.6752670991636,332.7534223663879,4.881966801551991,4.9
100.0,65.0,13.293740096740821,0.41655889451953976,0.0012653041354530824,342.71848096502185,332.76782698834063,4.886507055625689,4.9
100.0,70.0,13.311342034476418,0.4414080752840401,0.0013407333322217152,342.76093208352194,332.78197736117403,4.890967171837831,4.9
100.0,75.0,13.328943972212013,0.46553868126116543,0.0014139758646861647,342.8026646272347,332.7958882090782,4.895351791168543,4.9
100.0,80.0,13.346545909947611,0.4889911541062257,0.0014851549503672656,342.84371903781533,332.80957301260514,4.8996651626103445,4.9
100.0,85.00000000000001,13.364147847683206,0.511802613318115,0.0015543836766726492,342.8841324347629,332.82304414492097,4.903911186114116,4.9
100.0,90.0,13.381749785418803,0.5340072105020212,0.0016217660817809455,342.9239389696823,332.8363129898941,4.908093449809771,4.9
100.0,95.0,13.399351723154398,0.5556364376290646,0.0016873980951006497,342.96317013454495,332.84939004484835,4.912215262393451,4.9
100.0,100.0,13.416953660889996,0.5767193962808003,0.0017513683586427415,343.0018550309323,332.8622850103108,4.9162796814155705,4.9
100.0,105.0,13.434555598625591,0.5972830336585808,0.001813758946956273,343.0400206060457,332.8750068686819,4.920289538077126,4.9
100.0,110.00000000000001,13.452157536361186,0.6173523501627401,0.0018746460002978652,343.0776918602854,332.88756395342847,4.924247459038981,4.9
100.0,115.00000000000001,13.469759474096785,0.636950582555108,0.0019341002832887417,343.11489203041344,332.8999640101378,4.9281558856657535,4.9
100.0,120.00000000000001,13.48736141183238,0.6560993660724632,0.0019921876793402584,343.1516427516663,332.91221425055545,4.932017091058194,4.9
100.0,125.0,13.504963349567976,0.6748188783287943,0.0020489696295111297,343.18796420165825,332.92432140055274,4.9358331951723065,4.9
100.0,130.0,13.522565287303573,0.6931279674076186,0.002104503523126231,343.2238752284727,332.93629174282427,4.939606178277325,4.9
100.0,135.0,13.54016722503917,0.7110442661841468,0.002158843046383104,343.25939346498484,332.948131154995,4.943337892966867,4.9
100.0,140.0,13.557769162774765,0.7285842946164696,0.002212038494254442,343.2945354311528,332.9598451437176,4.947030074906213,4.9
100.0,145.00000000000003,13.57537110051036,0.7457635514939485,0.0022641370502284653,343.32931662576584,332.9714388752553,4.950684352471848,5.0
100.0,150.0,13.592973038245958,0.7625965969205369,0.002315183037786606,343.363751608928,332.982917202976,4.954302255417465,5.0
100.0,155.0,13.610574975981553,0.7790971266336753,0.0023652181469772803,343.39785407637675,332.9942846921256,4.957885222682304,5.0
100.0,160.0,13.62817691371715,0.7952780391097863,0.0024142816389878265,343.43163692658845,333.0055456421962,4.961434609441604,5.0
100.0,165.0,13.645778851452746,0.8111514962806357,0.0024624105312297064,343.46511232149487,333.01670410716497,4.964951693485669,5.0
100.0,170.00000000000003,13.663380789188343,0.8267289785769486,0.002509639765122831,343.4982917415268,333.0277639138423,4.968437681003137,5.0
100.0,175.0,13.680982726923938,0.8420213349237,0.002556002358484123,343.53118603560915,333.0387286785364,4.971893711833582,5.0
100.0,180.0,13.698584664659535,0.8570388282327301,0.002601529544185043,343.5638054666538,333.04960182221794,4.975320864247294,5.0
100.0,185.0,13.716186602395132,0.8717911768707427,0.0026462508965365106,343.59615975302734,333.06038658434244,4.978720159302054,5.0
100.0,190.0,13.733788540130728,0.8862875925225709,0.0026901944466821196,343.6282581064148,333.07108603547164,4.982092564821273,5.0
100.0,195.00000000000003,13.751390477866323,0.9005368148193272,0.00273338678812715,343.66010926644714,333.0817030888157,4.985438999032053,5.0
100.0,200.0,13.768992415601922,0.91454714305761,0.0027758531733983074,343.69172153242107,333.092240510807,4.988760333898,5.0
100.0,205.00000000000003,13.786594353337517,0.9283264652981803,0.002817617602713905,343.72310279239724,333.1027009307991,4.992057398176213,5.0
100.0,210.0,13.804196291073112,0.9418822850997156,0.002858702905444099,343.7542605499343,333.1130868499781,4.995330980226228,5.0
100.0,215.0,13.821798228808708,0.9552217461146112,0.0028991308150534303,343.7852019486848,333.1234006495616,4.998581830594099,5.0
100.0,220.00000000000003,13.839400166544305,0.9683516547487961,0.002938922038141619,343.8159337950546,333.13364459835157,5.001810664393217,5.0
100.0,225.0,13.857002104279902,0.9812785010656083,0.002978096318131691,343.846462579107,333.1438208597024,5.005018163500421,5.0
100.0,230.00000000000003,13.874604042015497,0.9940084780945325,0.0030166724940958235,343.87679449387156,333.1539314979572,5.008204978584834,5.0
100.0,235.0,13.892205979751095,1.0065474996886927,0.0030546685551576754,343.9069354532013,333.16397848440045,5.011371730983954,5.0
100.0,240.00000000000003,13.90980791748669,1.018901217060056,0.003092101690864457,343.93689110830826,333.1739637027694,5.014519014440973,5.0
100.0,245.00000000000003,13.927409855222285,1.0310750341081436,0.003128988337881796,343.9666668630919,333.18388895436397,5.017647396715253,5.0
100.0,250.0,13.945011792957882,1.0430741216463757,0.0031653442233289066,343.99626788836576,333.1937559627886,5.020757421077027,5.0
100.0,255.00000000000003,13.962613730693478,1.0549034306198393,0.0032011844050400125,344.02569913507483,333.2035663783583,5.023849607696092,5.0
100.0,260.0,13.980215668429075,1.0665677043990962,0.003236523309010007,344.0549653465897,333.2133217821966,5.026924454933513,5.0
100.0,265.00000000000006,13.99781760616467,1.0780714902264725,0.003271374764257398,344.0840710701527,333.2230236900509,5.029982440544156,5.0
100.0,270.0,14.015419543900268,1.08941914988399,0.003305752035315391,344.1130206675458,333.23267355584863,5.033024022797578,5.0
100.0,275.0,14.033021481635863,1.1006148696456173,0.003339667852542171,344.14181832504295,333.2422727750143,5.036049641523593,5.0
100.0,280.0,14.05062341937146,1.1116626695706915,0.0033731344404236883,344.17046806270366,333.2518226875679,5.039059719088765,5.0
100.0,285.0,14.068225357107057,1.122566412190166,0.0034061635440264235,344.19897374305873,333.2613245810196,5.042054661308949,5.0
100.0,290.00000000000006,14.085827294842654,1.1333298106326888,0.0034387664537433916,344.22733907923686,333.27077969307896,5.045034858303054,5.0
100.0,295.0,14.103429232578248,1.1439564362332981,0.003470954028463816,344.25556764257306,333.280189214191,5.048000685292522,5.0
100.0,300.0,14.121031170313843,1.1544497256637842,0.0035027367172854834,344.28366286973915,333.28955428991304,5.050952503350431,5.1
105.0,0.0,13.718160651486974,0.0,0.0,342.7263426252485,332.7704475417495,4.887333039003035,4.9
105.0,5.0,13.73576258922257,0.04056185289237851,0.00012327764165512376,342.7845064158765,332.78983547195884,4.893444003206218,4.9
105.0,10.0,13.753364526958167,0.07924106789395854,0.0002408193206975169,342.8407875686137,332.8085958562046,4.899357168527418,4.9
105.0,15.000000000000002,13.770966464693764,0.11620487526398286,0.0003531351644834896,342.8953533137192,332.8267844379064,4.9050901049722135,4.9
105.0,20.0,13.788568402429359,0.15159915972895432,0.0004606701356117005,342.9483495359198,332.8444498453066,4.910658139883197,4.9
105.0,25.0,13.806170340164954,0.18555194609533962,0.0005638146791438648,342.9999042600218,332.86163475334064,4.9160747241548055,4.9
105.0,30.000000000000004,13.823772277900552,0.21817620113332484,0.0006629132803450848,343.0501304527954,332.8783768175985,4.92135172661265,4.9
105.0,35.0,13.841374215636147,0.24957210662670173,0.0007582714064800886,343.0991282960244,332.89470943200814,4.926499672830938,4.9
105.0,40.0,13.858976153371744,0.2798289190282821,0.0008501611855423006,343.14698704616154,332.9106623487205,4.931527940516708,4.9
105.0,45.0,13.87657809110734,0.30902650278887844,0.0009388260880393777,343.1937865676577,332.92626218921924,4.936444920608642,4.9
105.0,50.0,13.894180028842937,0.3372366037561246,0.001024484814755565,343.2395986063606,332.94153286878685,4.941258151066369,4.9
105.0,55.00000000000001,13.911781966578532,0.36452391379333504,0.0011073345468013572,343.2844878541334,332.9564959513778,4.945974428724439,4.9
105.0,60.00000000000001,13.929383904314127,0.3909469663968819,0.0011875536794988771,343.3285128444725,332.9711709481575,4.950599903390087,5.0
105.0,65.0,13.946985842049726,0.41655889451953976,0.0012653041354530824,343.3717267103308,332.98557557011026,4.955140157463784,5.0
105.0,70.0,13.96458777978532,0.4414080752840401,0.0013407333322217152,343.4141778288309,332.9997259429436,4.959600273675908,5.0
105.0,75.0,13.982189717520917,0.46553868126116543,0.0014139758646861647,343.4559103725436,333.0136367908479,4.963984893006656,5.0
105.0,80.0,13.999791655256514,0.4889911541062257,0.0014851549503672656,343.4969647831242,333.02732159437477,4.96829826444844,5.0
105.0,85.00000000000001,14.01739359299211,0.511802613318115,0.0015543836766726492,343.53737818007176,333.0407927266906,4.9725442879522115,5.0
105.0,90.0,14.034995530727706,0.5340072105020212,0.0016217660817809455,343.57718471499123,333.0540615716638,4.976726551647884,5.0
105.0,95.0,14.052597468463302,0.5556364376290646,0.0016873980951006497,343.6164158798539,333.067138626618,4.980848364231546,5.0
105.0,100.0,14.070199406198899,0.5767193962808003,0.0017513683586427415,343.6551007762412,333.0800335920804,4.984912783253648,5.0
105.0,105.0,14.087801343934496,0.5972830336585808,0.001813758946956273,343.69326635135457,333.09275545045153,4.988922639915221,5.0
105.0,110.00000000000001,14.10540328167009,0.6173523501627401,0.0018746460002978652,343.7309376055943,333.10531253519815,4.9928805608770945,5.0
105.0,115.00000000000001,14.12300521940569,0.636950582555108,0.0019341002832887417,343.7681377757223,333.1177125919075,4.996788987503867,5.0
105.0,120.00000000000001,14.140607157141284,0.6560993660724632,0.0019921876793402584,343.80488849697525,333.12996283232513,5.000650192896307,5.0
105.0,125.0,14.158209094876879,0.6748188783287943,0.0020489696295111297,343.8412099469672,333.1420699823224,5.00446629701042,5.0
105.0,130.0,14.175811032612478,0.6931279674076186,0.002104503523126231,343.87712097378164,333.1540403245939,5.008239280115419,5.0
105.0,135.0,14.193412970348072,0.7110442661841468,0.002158843046383104,343.9126392102937,333.16587973676457,5.011970994804945,5.0
105.0,140.0,14.21101490808367,0.7285842946164696,0.002212038494254442,343.94778117646166,333.1775937254872,5.015663176744308,5.0
105.0,145.00000000000003,14.228616845819264,0.7457635514939485,0.0022641370502284653,343.9825623710747,333.1891874570249,5.019317454309943,5.0
105.0,150.0,14.246218783554863,0.7625965969205369,0.002315183037786606,344.01699735423693,333.2006657847457,5.022935357255578,5.0
105.0,155.0,14.263820721290458,0.7790971266336753,0.0023652181469772803,344.0510998216857,333.21203327389526,5.026518324520416,5.0
105.0,160.0,14.281422659026052,0.7952780391097863,0.0024142816389878265,344.0848826718974,333.2232942239658,5.0300677112797,5.0
105.0,165.0,14.299024596761651,0.8111514962806357,0.0024624105312297064,344.11835806680375,333.2344526889346,5.033584795323764,5.0
105.0,170.00000000000003,14.316626534497246,0.8267289785769486,0.002509639765122831,344.1515374868357,333.2455124956119,5.037070782841214,5.0
105.0,175.0,14.334228472232843,0.8420213349237,0.002556002358484123,344.18443178091803,333.256477260306,5.04052681367166,5.0
105.0,180.0,14.351830409968438,0.8570388282327301,0.002601529544185043,344.21705121196266,333.26735040398756,5.04395396608539,5.0
105.0,185.0,14.369432347704036,0.8717911768707427,0.0026462508965365106,344.2494054983363,333.2781351661121,5.0473532611401675,5.0
105.0,190.0,14.387034285439631,0.8862875925225709,0.0026901944466821196,344.28150385172376,333.28883461724126,5.0507256666593685,5.1
105.0,195.00000000000003,14.404636223175228,0.9005368148193272,0.00273338678812715,344.313355011756,333.29945167058537,5.054072100870166,5.1
105.0,200.0,14.422238160910824,0.91454714305761,0.0027758531733983074,344.34496727772995,333.30998909257664,5.057393435736095,5.1
105.0,205.00000000000003,14.439840098646421,0.9283264652981803,0.002817617602713905,344.3763485377061,333.3204495125687,5.060690500014307,5.1
105.0,210.0,14.457442036382016,0.9418822850997156,0.002858702905444099,344.40750629524325,333.33083543174774,5.063964082064324,5.1
105.0,215.0,14.475043974117611,0.9552217461146112,0.0028991308150534303,344.43844769399374,333.34114923133126,5.067214932432212,5.1
105.0,220.00000000000003,14.49264591185321,0.9683516547487961,0.002938922038141619,344.46917954036354,333.3513931801212,5.070443766231312,5.1
105.0,225.0,14.510247849588804,0.9812785010656083,0.002978096318131691,344.4997083244159,333.361569441472,5.073651265338516,5.1
105.0,230.00000000000003,14.527849787324401,0.9940084780945325,0.0030166724940958235,344.53004023918044,333.3716800797268,5.0768380804229105,5.1
105.0,235.0,14.545451725059998,1.0065474996886927,0.0030546685551576754,344.5601811985102,333.3817270661701,5.080004832822049,5.1
105.0,240.00000000000003,14.563053662795594,1.018901217060056,0.003092101690864457,344.59013685361714,333.3917122845391,5.083152116279086,5.1
105.0,245.00000000000003,14.58065560053119,1.0310750341081436,0.003128988337881796,344.61991260840085,333.40163753613365,5.086280498553366,5.1
105.0,250.0,14.598257538266784,1.0430741216463757,0.0031653442233289066,344.6495136336747,333.4115045445582,5.089390522915123,5.1
105.0,255.00000000000003,14.615859476002383,1.0549034306198393,0.0032011844050400125,344.6789448803837,333.4213149601279,5.092482709534187,5.1
105.0,260.0,14.633461413737978,1.0665677043990962,0.003236523309010007,344.7082110918986,333.4310703639662,5.095557556771609,5.1
105.0,265.00000000000006,14.651063351473574,1.0780714902264725,0.003271374764257398,344.73731681546155,333.44077227182055,5.098615542382252,5.1
105.0,270.0,14.668665289209171,1.08941914988399,0.003305752035315391,344.7662664128547,333.45042213761826,5.101657124635674,5.1
105.0,275.0,14.686267226944768,1.1006148696456173,0.003339667852542171,344.7950640703519,333.46002135678395,5.104682743361687,5.1
105.0,280.0,14.703869164680363,1.1116626695706915,0.0033731344404236883,344.8237138080126,333.46957126933756,5.107692820926878,5.1
105.0,285.0,14.721471102415961,1.122566412190166,0.0034061635440264235,344.8522194883676,333.47907316278923,5.110687763147045,5.1
105.0,290.00000000000006,14.739073040151556,1.1333298106326888,0.0034387664537433916,344.88058482454574,333.4885282748486,5.113667960141149,5.1
105.0,295.0,14.756674977887153,1.1439564362332981,0.003470954028463816,344.90881338788193,333.4979377959607,5.1166337871306355,5.1
105.0,300.0,14.774276915622748,1.1544497256637842,0.0035027367172854834,344.936908615048,333.50730287168267,5.119585605188527,5.1
110.00000000000001,0.0,14.371406396795878,0.0,0.0,343.37958837055737,332.9881961235191,4.955966140841131,5.0
110.00000000000001,5.0,14.389008334531473,0.04056185289237851,0.00012327764165512376,343.43775216118536,333.00758405372846,4.9620771050443135,5.0
110.00000000000001,10.0,14.406610272267072,0.07924106789395854,0.0002408193206975169,343.49403331392256,333.02634443797416,4.967990270365495,5.0
110.00000000000001,15.000000000000002,14.424212210002667,0.11620487526398286,0.0003531351644834896,343.54859905902816,333.04453301967607,4.973723206810327,5.0
110.00000000000001,20.0,14.441814147738263,0.15159915972895432,0.0004606701356117005,343.60159528122875,333.0621984270763,4.9792912417213095,5.0
110.00000000000001,25.0,14.459416085473858,0.18555194609533962,0.0005638146791438648,343.6531500053307,333.0793833351102,4.984707825992883,5.0
110.00000000000001,30.000000000000004,14.477018023209457,0.21817620113332484,0.0006629132803450848,343.70337619810425,333.0961253993681,4.989984828450726,5.0
110.00000000000001,35.0,14.494619960945052,0.24957210662670173,0.0007582714064800886,343.75237404133327,333.11245801377777,4.995132774669034,5.0
110.00000000000001,40.0,14.512221898680647,0.2798289190282821,0.0008501611855423006,343.8002327914704,333.12841093049013,5.0001610423548035,5.0
110.00000000000001,45.0,14.529823836416245,0.30902650278887844,0.0009388260880393777,343.84703231296663,333.14401077098887,5.005078022446736,5.0
110.00000000000001,50.0,14.54742577415184,0.3372366037561246,0.001024484814755565,343.8928443516695,333.15928145055653,5.009891252904482,5.0
110.00000000000001,55.00000000000001,14.565027711887437,0.36452391379333504,0.0011073345468013572,343.93773359944225,333.17424453314743,5.014607530562534,5.0
110.00000000000001,60.00000000000001,14.582629649623032,0.3909469663968819,0.0011875536794988771,343.9817585897814,333.18891952992715,5.019233005228182,5.0
110.00000000000001,65.0,14.60023158735863,0.41655889451953976,0.0012653041354530824,344.02497245563967,333.20332415187994,5.023773259301897,5.0
110.00000000000001,70.0,14.617833525094225,0.4414080752840401,0.0013407333322217152,344.06742357413975,333.2174745247133,5.028233375514021,5.0
110.00000000000001,75.0,14.63543546282982,0.46553868126116543,0.0014139758646861647,344.10915611785254,333.2313853726175,5.032617994844751,5.0
110.00000000000001,80.0,14.653037400565418,0.4889911541062257,0.0014851549503672656,344.15021052843315,333.2450701761444,5.036931366286535,5.0
110.00000000000001,85.00000000000001,14.670639338301013,0.511802613318115,0.0015543836766726492,344.19062392538063,333.2585413084602,5.041177389790306,5.0
110.00000000000001,90.0,14.68824127603661,0.5340072105020212,0.0016217660817809455,344.2304304603001,333.27181015343336,5.045359653485962,5.0
110.00000000000001,95.0,14.705843213772205,0.5556364376290646,0.0016873980951006497,344.26966162516277,333.2848872083876,5.049481466069642,5.0
110.00000000000001,100.0,14.723445151507804,0.5767193962808003,0.0017513683586427415,344.3083465215501,333.29778217385007,5.053545885091761,5.1
110.00000000000001,105.0,14.741047089243398,0.5972830336585808,0.001813758946956273,344.3465120966635,333.31050403222116,5.057555741753316,5.1
110.00000000000001,110.00000000000001,14.758649026978995,0.6173523501627401,0.0018746460002978652,344.38418335090324,333.3230611169677,5.061513662715172,5.1
110.00000000000001,115.00000000000001,14.776250964714592,0.636950582555108,0.0019341002832887417,344.42138352103126,333.33546117367706,5.0654220893419435,5.1
110.00000000000001,120.00000000000001,14.793852902450189,0.6560993660724632,0.0019921876793402584,344.45813424228413,333.3477114140947,5.069283294734385,5.1
110.00000000000001,125.0,14.811454840185784,0.6748188783287943,0.0020489696295111297,344.49445569227606,333.359818564092,5.073099398848497,5.1
110.00000000000001,130.0,14.829056777921382,0.6931279674076186,0.002104503523126231,344.5303667190905,333.3717889063635,5.076872381953515,5.1
110.00000000000001,135.0,14.846658715656977,0.7110442661841468,0.002158843046383104,344.56588495560266,333.38362831853425,5.080604096643058,5.1
110.00000000000001,140.0,14.864260653392572,0.7285842946164696,0.002212038494254442,344.6010269217706,333.3953423072569,5.084296278582421,5.1
110.00000000000001,145.00000000000003,14.881862591128169,0.7457635514939485,0.0022641370502284653,344.6358081163836,333.4069360387945,5.087950556148038,5.1
110.00000000000001,150.0,14.899464528863765,0.7625965969205369,0.002315183037786606,344.6702430995458,333.41841436651526,5.091568459093656,5.1
110.00000000000001,155.0,14.917066466599362,0.7790971266336753,0.0023652181469772803,344.70434556699456,333.4297818556649,5.095151426358512,5.1
110.00000000000001,160.0,14.934668404334957,0.7952780391097863,0.0024142816389878265,344.73812841720627,333.44104280573544,5.098700813117794,5.1
110.00000000000001,165.0,14.952270342070555,0.8111514962806357,0.0024624105312297064,344.7716038121127,333.4522012707043,5.102217897161877,5.1
110.00000000000001,170.00000000000003,14.96987227980615,0.8267289785769486,0.002509639765122831,344.80478323214464,333.46326107738156,5.105703884679327,5.1
110.00000000000001,175.0,14.987474217541745,0.8420213349237,0.002556002358484123,344.83767752622697,333.47422584207567,5.109159915509772,5.1
110.00000000000001,180.0,15.005076155277342,0.8570388282327301,0.002601529544185043,344.87029695727153,333.4850989857572,5.112587067923484,5.1
110.00000000000001,185.0,15.02267809301294,0.8717911768707427,0.0026462508965365106,344.90265124364515,333.4958837478817,5.115986362978244,5.1
110.00000000000001,190.0,15.040280030748535,0.8862875925225709,0.0026901944466821196,344.93474959703263,333.5065831990109,5.119358768497464,5.1
110.00000000000001,195.00000000000003,15.05788196848413,0.9005368148193272,0.00273338678812715,344.96660075706495,333.517200252355,5.122705202708261,5.1
110.00000000000001,200.0,15.075483906219729,0.91454714305761,0.0027758531733983074,344.9982130230389,333.5277376743463,5.126026537574208,5.1
110.00000000000001,205.00000000000003,15.093085843955324,0.9283264652981803,0.002817617602713905,345.02959428301506,333.5381980943384,5.129323601852421,5.1
110.00000000000001,210.0,15.11068778169092,0.9418822850997156,0.002858702905444099,345.06075204055213,333.5485840135174,5.132597183902437,5.1
110.00000000000001,215.0,15.128289719426515,0.9552217461146112,0.0028991308150534303,345.0916934393026,333.5588978131009,5.135848034270308,5.1
110.00000000000001,220.00000000000003,15.145891657162114,0.9683516547487961,0.002938922038141619,345.1224252856724,333.5691417618908,5.139076868069408,5.1
110.00000000000001,225.0,15.163493594897709,0.9812785010656083,0.002978096318131691,345.15295406972484,333.5793180232416,5.142284367176611,5.1
110.00000000000001,230.00000000000003,15.181095532633304,0.9940084780945325,0.0030166724940958235,345.1832859844894,333.58942866149647,5.145471182261024,5.1
110.00000000000001,235.0,15.198697470368902,1.0065474996886927,0.0030546685551576754,345.2134269438191,333.5994756479397,5.148637934660144,5.1
110.00000000000001,240.00000000000003,15.216299408104497,1.018901217060056,0.003092101690864457,345.243382598926,333.60946086630867,5.151785218117164,5.2
110.00000000000001,245.00000000000003,15.233901345840094,1.0310750341081436,0.003128988337881796,345.27315835370973,333.6193861179033,5.1549136003914615,5.2
110.00000000000001,250.0,15.251503283575689,1.0430741216463757,0.0031653442233289066,345.3027593789836,333.6292531263279,5.158023624753235,5.2
110.00000000000001,255.00000000000003,15.269105221311287,1.0549034306198393,0.0032011844050400125,345.33219062569265,333.63906354189754,5.161115811372283,5.2
110.00000000000001,260.0,15.286707159046882,1.0665677043990962,0.003236523309010007,345.3614568372075,333.64881894573585,5.164190658609703,5.2
110.00000000000001,265.00000000000006,15.304309096782479,1.0780714902264725,0.003271374764257398,345.3905625607705,333.6585208535902,5.167248644220346,5.2
110.00000000000001,270.0,15.321911034518076,1.08941914988399,0.003305752035315391,345.41951215816357,333.6681707193879,5.170290226473768,5.2
110.00000000000001,275.0,15.339512972253672,1.1006148696456173,0.003339667852542171,345.44830981566076,333.6777699385536,5.173315845199783,5.2
110.00000000000001,280.0,15.357114909989267,1.1116626695706915,0.0033731344404236883,345.4769595533215,333.68731985110713,5.176325922764955,5.2
110.00000000000001,285.0,15.374716847724866,1.122566412190166,0.0034061635440264235,345.50546523367655,333.69682174455886,5.179320864985139,5.2
110.00000000000001,290.00000000000006,15.39231878546046,1.1333298106326888,0.0034387664537433916,345.5338305698547,333.7062768566182,5.182301061979245,5.2
110.00000000000001,295.0,15.409920723196056,1.1439564362332981,0.003470954028463816,345.56205913319087,333.71568637773026,5.185266888968713,5.2
110.00000000000001,300.0,15.427522660931652,1.1544497256637842,0.0035027367172854834,345.5901543603569,333.7250514534523,5.188218707026621,5.2
115.00000000000001,0.0,15.024652142104781,0.0,0.0,344.0328341158663,333.2059447052888,5.024599242679243,5.0
115.00000000000001,5.0,15.042254079840378,0.04056185289237851,0.00012327764165512376,344.0909979064943,333.2253326354981,5.030710206882409,5.0
115.00000000000001,10.0,15.059856017575976,0.07924106789395854,0.0002408193206975169,344.14727905923144,333.24409301974384,5.036623372203608,5.0
115.00000000000001,15.000000000000002,15.077457955311571,0.11620487526398286,0.0003531351644834896,344.20184480433704,333.2622816014457,5.042356308648421,5.0
115.00000000000001,20.0,15.095059893047166,0.15159915972895432,0.0004606701356117005,344.25484102653763,333.2799470088459,5.047924343559405,5.0
115.00000000000001,25.0,15.112661830782763,0.18555194609533962,0.0005638146791438648,344.30639575063964,333.2971319168799,5.053340927830996,5.1
115.00000000000001,30.000000000000004,15.13026376851836,0.21817620113332484,0.0006629132803450848,344.3566219434132,333.31387398113776,5.05861793028884,5.1
115.00000000000001,35.0,15.147865706253956,0.24957210662670173,0.0007582714064800886,344.4056197866422,333.3302065955474,5.063765876507129,5.1
115.00000000000001,40.0,15.165467643989551,0.2798289190282821,0.0008501611855423006,344.4534785367793,333.3461595122598,5.068794144192917,5.1
115.00000000000001,45.0,15.18306958172515,0.30902650278887844,0.0009388260880393777,344.5002780582755,333.3617593527585,5.073711124284832,5.1
115.00000000000001,50.0,15.200671519460744,0.3372366037561246,0.001024484814755565,344.5460900969784,333.3770300323261,5.078524354742559,5.1
115.00000000000001,55.00000000000001,15.21827345719634,0.36452391379333504,0.0011073345468013572,344.5909793447512,333.39199311491706,5.08324063240063,5.1
115.00000000000001,60.00000000000001,15.235875394931936,0.3909469663968819,0.0011875536794988771,344.63500433509034,333.4066681116968,5.087866107066277,5.1
115.00000000000001,65.0,15.253477332667533,0.41655889451953976,0.0012653041354530824,344.6782182009486,333.4210727336495,5.092406361139974,5.1
115.00000000000001,70.0,15.27107927040313,0.4414080752840401,0.0013407333322217152,344.72066931944863,333.4352231064829,5.096866477352116,5.1
115.00000000000001,75.0,15.288681208138724,0.46553868126116543,0.0014139758646861647,344.7624018631614,333.44913395438715,5.101251096682846,5.1
115.00000000000001,80.0,15.306283145874323,0.4889911541062257,0.0014851549503672656,344.80345627374203,333.462818757914,5.10556446812463,5.1
115.00000000000001,85.00000000000001,15.323885083609918,0.511802613318115,0.0015543836766726492,344.84386967068957,333.4762898902299,5.109810491628419,5.1
115.00000000000001,90.0,15.341487021345515,0.5340072105020212,0.0016217660817809455,344.88367620560905,333.48955873520305,5.113992755324074,5.1
115.00000000000001,95.0,15.35908895908111,0.5556364376290646,0.0016873980951006497,344.9229073704717,333.5026357901572,5.118114567907736,5.1
115.00000000000001,100.0,15.376690896816708,0.5767193962808003,0.0017513683586427415,344.961592266859,333.5155307556197,5.122178986929856,5.1
115.00000000000001,105.0,15.394292834552303,0.5972830336585808,0.001813758946956273,344.9997578419724,333.5282526139908,5.126188843591412,5.1
115.00000000000001,110.00000000000001,15.411894772287898,0.6173523501627401,0.0018746460002978652,345.0374290962121,333.5408096987374,5.1301467645532846,5.1
115.00000000000001,115.00000000000001,15.429496710023496,0.636950582555108,0.0019341002832887417,345.07462926634014,333.55320975544674,5.134055191180057,5.1
115.00000000000001,120.00000000000001,15.447098647759091,0.6560993660724632,0.0019921876793402584,345.11137998759307,333.5654599958644,5.137916396572498,5.1
115.00000000000001,125.0,15.464700585494688,0.6748188783287943,0.0020489696295111297,345.147701437585,333.5775671458617,5.14173250068661,5.1
115.00000000000001,130.0,15.482302523230285,0.6931279674076186,0.002104503523126231,345.1836124643994,333.58953748813315,5.14550548379161,5.1
115.00000000000001,135.0,15.499904460965881,0.7110442661841468,0.002158843046383104,345.21913070091153,333.6013769003039,5.149237198481153,5.1
115.00000000000001,140.0,15.517506398701476,0.7285842946164696,0.002212038494254442,345.2542726670795,333.6130908890265,5.152929380420516,5.2
115.00000000000001,145.00000000000003,15.535108336437071,0.7457635514939485,0.0022641370502284653,345.28905386169254,333.6246846205642,5.156583657986151,5.2
115.00000000000001,150.0,15.55271027417267,0.7625965969205369,0.002315183037786606,345.32348884485475,333.63616294828495,5.160201560931769,5.2
115.00000000000001,155.0,15.570312211908265,0.7790971266336753,0.0023652181469772803,345.3575913123035,333.6475304374345,5.163784528196607,5.2
115.00000000000001,160.0,15.587914149643861,0.7952780391097863,0.0024142816389878265,345.39137416251515,333.65879138750506,5.16733391495589,5.2
115.00000000000001,165.0,15.605516087379458,0.8111514962806357,0.0024624105312297064,345.42484955742157,333.66994985247385,5.1708509989999545,5.2
115.00000000000001,170.00000000000003,15.623118025115055,0.8267289785769486,0.002509639765122831,345.4580289774535,333.6810096591512,5.174336986517423,5.2
115.00000000000001,175.0,15.64071996285065,0.8420213349237,0.002556002358484123,345.49092327153585,333.6919744238453,5.1777930173478675,5.2
115.00000000000001,180.0,15.658321900586246,0.8570388282327301,0.002601529544185043,345.52354270258047,333.7028475675268,5.18122016976158,5.2
115.00000000000001,185.0,15.675923838321843,0.8717911768707427,0.0026462508965365106,345.5558969889541,333.7136323296514,5.1846194648163575,5.2
115.00000000000001,190.0,15.69352577605744,0.8862875925225709,0.0026901944466821196,345.5879953423415,333.7243317807805,5.1879918703355585,5.2
115.00000000000001,195.00000000000003,15.711127713793035,0.9005368148193272,0.00273338678812715,345.61984650237383,333.7349488341246,5.191338304546356,5.2
115.00000000000001,200.0,15.728729651528633,0.91454714305761,0.0027758531733983074,345.65145876834777,333.74548625611595,5.194659639412303,5.2
115.00000000000001,205.00000000000003,15.746331589264228,0.9283264652981803,0.002817617602713905,345.68284002832394,333.75594667610795,5.197956703690498,5.2
115.00000000000001,210.0,15.763933526999823,0.9418822850997156,0.002858702905444099,345.71399778586107,333.766332595287,5.201230285740514,5.2
115.00000000000001,215.0,15.78153546473542,0.9552217461146112,0.0028991308150534303,345.74493918461155,333.7766463948705,5.204481136108403,5.2
115.00000000000001,220.00000000000003,15.799137402471017,0.9683516547487961,0.002938922038141619,345.7756710309813,333.78689034366045,5.207709969907502,5.2
115.00000000000001,225.0,15.816739340206613,0.9812785010656083,0.002978096318131691,345.8061998150337,333.79706660501125,5.210917469014706,5.2
115.00000000000001,230.00000000000003,15.834341277942208,0.9940084780945325,0.0030166724940958235,345.83653172979825,333.8071772432661,5.214104284099119,5.2
115.00000000000001,235.0,15.851943215677807,1.0065474996886927,0.0030546685551576754,345.866672689128,333.8172242297093,5.217271036498239,5.2
115.00000000000001,240.00000000000003,15.869545153413402,1.018901217060056,0.003092101690864457,345.89662834423495,333.82720944807835,5.220418319955277,5.2
115.00000000000001,245.00000000000003,15.887147091148996,1.0310750341081436,0.003128988337881796,345.92640409901867,333.8371346996729,5.223546702229556,5.2
115.00000000000001,250.0,15.904749028884593,1.0430741216463757,0.0031653442233289066,345.95600512429246,333.8470017080975,5.226656726591313,5.2
115.00000000000001,255.00000000000003,15.92235096662019,1.0549034306198393,0.0032011844050400125,345.9854363710015,333.85681212366717,5.229748913210378,5.2
115.00000000000001,260.0,15.939952904355787,1.0665677043990962,0.003236523309010007,346.0147025825164,333.8665675275055,5.232823760447799,5.2
115.00000000000001,265.00000000000006,15.957554842091382,1.0780714902264725,0.003271374764257398,346.04380830607937,333.8762694353598,5.235881746058442,5.2
115.00000000000001,270.0,15.97515677982698,1.08941914988399,0.003305752035315391,346.0727579034725,333.8859193011575,5.238923328311864,5.2
115.00000000000001,275.0,15.992758717562575,1.1006148696456173,0.003339667852542171,346.1015555609697,333.89551852032326,5.241948947037896,5.2
115.00000000000001,280.0,16.01036065529817,1.1116626695706915,0.0033731344404236883,346.13020529863036,333.9050684328768,5.244959024603069,5.2
115.00000000000001,285.0,16.02796259303377,1.122566412190166,0.0034061635440264235,346.1587109789854,333.9145703263285,5.247953966823235,5.2
115.00000000000001,290.00000000000006,16.045564530769365,1.1333298106326888,0.0034387664537433916,346.18707631516355,333.92402543838784,5.250934163817339,5.3
115.00000000000001,295.0,16.06316646850496,1.1439564362332981,0.003470954028463816,346.21530487849975,333.93343495949995,5.2538999908068265,5.3
115.00000000000001,300.0,16.080768406240555,1.1544497256637842,0.0035027367172854834,346.24340010566584,333.942800035222,5.2568518088647345,5.3
120.00000000000001,0.0,15.677897887413685,0.0,0.0,344.6860798611752,333.42369328705837,5.093232344517321,5.1
120.00000000000001,5.0,15.695499825149282,0.04056185289237851,0.00012327764165512376,344.7442436518032,333.4430812172677,5.099343308720504,5.1
120.00000000000001,10.0,15.713101762884879,0.07924106789395854,0.0002408193206975169,344.8005248045404,333.46184160151347,5.1052564740417035,5.1
120.00000000000001,15.000000000000002,15.730703700620476,0.11620487526398286,0.0003531351644834896,344.855090549646,333.4800301832153,5.110989410486517,5.1
120.00000000000001,20.0,15.74830563835607,0.15159915972895432,0.0004606701356117005,344.9080867718465,333.4976955906155,5.116557445397483,5.1
120.00000000000001,25.0,15.765907576091665,0.18555194609533962,0.0005638146791438648,344.9596414959485,333.5148804986495,5.121974029669091,5.1
120.00000000000001,30.000000000000004,15.783509513827264,0.21817620113332484,0.0006629132803450848,345.00986768872207,333.5316225629074,5.127251032126935,5.1
120.00000000000001,35.0,15.801111451562859,0.24957210662670173,0.0007582714064800886,345.0588655319511,333.5479551773171,5.132398978345242,5.1
120.00000000000001,40.0,15.818713389298455,0.2798289190282821,0.0008501611855423006,345.10672428208824,333.5639080940294,5.1374272460309935,5.1
120.00000000000001,45.0,15.836315327034052,0.30902650278887844,0.0009388260880393777,345.15352380358445,333.5795079345282,5.142344226122945,5.1
120.00000000000001,50.0,15.853917264769649,0.3372366037561246,0.001024484814755565,345.1993358422873,333.5947786140958,5.147157456580672,5.1
120.00000000000001,55.00000000000001,15.871519202505244,0.36452391379333504,0.0011073345468013572,345.24422509006007,333.60974169668674,5.151873734238743,5.2
120.00000000000001,60.00000000000001,15.889121140240839,0.3909469663968819,0.0011875536794988771,345.2882500803992,333.6244166934664,5.156499208904372,5.2
120.00000000000001,65.0,15.906723077976437,0.41655889451953976,0.0012653041354530824,345.3314639462575,333.6388213154192,5.161039462978088,5.2
120.00000000000001,70.0,15.924325015712032,0.4414080752840401,0.0013407333322217152,345.37391506475757,333.65297168825253,5.165499579190212,5.2
120.00000000000001,75.0,15.941926953447629,0.46553868126116543,0.0014139758646861647,345.41564760847035,333.66688253615683,5.169884198520959,5.2
120.00000000000001,80.0,15.959528891183226,0.4889911541062257,0.0014851549503672656,345.4567020190509,333.68056733968365,5.174197569962725,5.2
120.00000000000001,85.00000000000001,15.977130828918822,0.511802613318115,0.0015543836766726492,345.49711541599845,333.6940384719995,5.178443593466497,5.2
120.00000000000001,90.0,15.994732766654417,0.5340072105020212,0.0016217660817809455,345.53692195091793,333.7073073169727,5.1826258571621695,5.2
120.00000000000001,95.0,16.012334704390014,0.5556364376290646,0.0016873980951006497,345.5761531157806,333.72038437192685,5.186747669745832,5.2
120.00000000000001,100.0,16.029936642125612,0.5767193962808003,0.0017513683586427415,345.6148380121679,333.7332793373893,5.190812088767951,5.2
120.00000000000001,105.0,16.047538579861207,0.5972830336585808,0.001813758946956273,345.6530035872813,333.74600119576047,5.194821945429525,5.2
120.00000000000001,110.00000000000001,16.065140517596802,0.6173523501627401,0.0018746460002978652,345.69067484152106,333.75855828050703,5.19877986639138,5.2
120.00000000000001,115.00000000000001,16.0827424553324,0.636950582555108,0.0019341002832887417,345.727875011649,333.77095833721637,5.202688293018152,5.2
120.00000000000001,120.00000000000001,16.100344393067996,0.6560993660724632,0.0019921876793402584,345.76462573290195,333.783208577634,5.206549498410593,5.2
120.00000000000001,125.0,16.11794633080359,0.6748188783287943,0.0020489696295111297,345.8009471828939,333.7953157276313,5.210365602524705,5.2
120.00000000000001,130.0,16.13554826853919,0.6931279674076186,0.002104503523126231,345.83685820970834,333.8072860699028,5.214138585629705,5.2
120.00000000000001,135.0,16.153150206274784,0.7110442661841468,0.002158843046383104,345.87237644622047,333.8191254820735,5.217870300319248,5.2
120.00000000000001,140.0,16.17075214401038,0.7285842946164696,0.002212038494254442,345.90751841238836,333.8308394707961,5.2215624822585935,5.2
120.00000000000001,145.00000000000003,16.188354081745977,0.7457635514939485,0.0022641370502284653,345.9422996070014,333.8424332023338,5.225216759824228,5.2
120.00000000000001,150.0,16.205956019481572,0.7625965969205369,0.002315183037786606,345.97673459016363,333.8539115300546,5.228834662769864,5.2
120.00000000000001,155.0,16.22355795721717,0.7790971266336753,0.0023652181469772803,346.0108370576124,333.86527901920414,5.232417630034702,5.2
120.00000000000001,160.0,16.241159894952766,0.7952780391097863,0.0024142816389878265,346.0446199078241,333.8765399692747,5.235967016793985,5.2
120.00000000000001,165.0,16.258761832688364,0.8111514962806357,0.0024624105312297064,346.0780953027305,333.88769843424353,5.239484100838068,5.2
120.00000000000001,170.00000000000003,16.27636377042396,0.8267289785769486,0.002509639765122831,346.11127472276246,333.8987582409208,5.242970088355518,5.2
120.00000000000001,175.0,16.293965708159554,0.8420213349237,0.002556002358484123,346.1441690168447,333.9097230056149,5.246426119185963,5.2
120.00000000000001,180.0,16.31156764589515,0.8570388282327301,0.002601529544185043,346.17678844788935,333.92059614929644,5.249853271599675,5.2
120.00000000000001,185.0,16.329169583630748,0.8717911768707427,0.0026462508965365106,346.20914273426297,333.931380911421,5.253252566654453,5.3
120.00000000000001,190.0,16.346771521366342,0.8862875925225709,0.0026901944466821196,346.24124108765045,333.94208036255014,5.256624972173654,5.3
120.00000000000001,195.00000000000003,16.364373459101937,0.9005368148193272,0.00273338678812715,346.27309224768277,333.9526974158943,5.259971406384469,5.3
120.00000000000001,200.0,16.381975396837536,0.91454714305761,0.0027758531733983074,346.3047045136567,333.9632348378856,5.263292741250399,5.3
120.00000000000001,205.00000000000003,16.39957733457313,0.9283264652981803,0.002817617602713905,346.3360857736328,333.97369525787764,5.266589805528611,5.3
120.00000000000001,210.0,16.417179272308726,0.9418822850997156,0.002858702905444099,346.36724353116995,333.9840811770567,5.269863387578627,5.3
120.00000000000001,215.0,16.434781210044324,0.9552217461146112,0.0028991308150534303,346.39818492992043,333.9943949766402,5.2731142379465155,5.3
120.00000000000001,220.00000000000003,16.45238314777992,0.9683516547487961,0.002938922038141619,346.42891677629024,334.0046389254301,5.276343071745598,5.3
120.00000000000001,225.0,16.469985085515518,0.9812785010656083,0.002978096318131691,346.45944556034266,334.0148151867809,5.279550570852802,5.3
120.00000000000001,230.00000000000003,16.487587023251113,0.9940084780945325,0.0030166724940958235,346.4897774751072,334.0249258250357,5.282737385937214,5.3
120.00000000000001,235.0,16.50518896098671,1.0065474996886927,0.0030546685551576754,346.5199184344369,334.034972811479,5.2859041383363525,5.3
120.00000000000001,240.00000000000003,16.522790898722306,1.018901217060056,0.003092101690864457,346.54987408954383,334.044958029848,5.2890514217933715,5.3
120.00000000000001,245.00000000000003,16.5403928364579,1.0310750341081436,0.003128988337881796,346.57964984432755,334.0548832814425,5.2921798040676515,5.3
120.00000000000001,250.0,16.557994774193496,1.0430741216463757,0.0031653442233289066,346.6092508696014,334.06475028986716,5.295289828429426,5.3
120.00000000000001,255.00000000000003,16.575596711929094,1.0549034306198393,0.0032011844050400125,346.63868211631046,334.07456070543685,5.298382015048491,5.3
120.00000000000001,260.0,16.59319864966469,1.0665677043990962,0.003236523309010007,346.66794832782534,334.0843161092751,5.301456862285894,5.3
120.00000000000001,265.00000000000006,16.610800587400284,1.0780714902264725,0.003271374764257398,346.69705405138825,334.09401801712943,5.304514847896537,5.3
120.00000000000001,270.0,16.628402525135883,1.08941914988399,0.003305752035315391,346.7260036487814,334.10366788292714,5.307556430149959,5.3
120.00000000000001,275.0,16.646004462871478,1.1006148696456173,0.003339667852542171,346.7548013062786,334.11326710209283,5.310582048875974,5.3
120.00000000000001,280.0,16.663606400607076,1.1116626695706915,0.0033731344404236883,346.7834510439393,334.12281701464644,5.313592126441163,5.3
120.00000000000001,285.0,16.68120833834267,1.122566412190166,0.0034061635440264235,346.81195672429436,334.1323189080981,5.31658706866133,5.3
120.00000000000001,290.00000000000006,16.69881027607827,1.1333298106326888,0.0034387664537433916,346.8403220604725,334.1417740201575,5.3195672656554525,5.3
120.00000000000001,295.0,16.716412213813864,1.1439564362332981,0.003470954028463816,346.86855062380863,334.1511835412696,5.322533092644921,5.3
120.00000000000001,300.0,16.73401415154946,1.1544497256637842,0.0035027367172854834,346.8966458509747,334.16054861699155,5.325484910702812,5.3
125.0,0.0,16.331143632722586,0.0,0.0,345.33932560648407,333.64144186882805,5.161865446355434,5.2
125.0,5.0,16.34874557045818,0.04056185289237851,0.00012327764165512376,345.39748939711205,333.66082979903734,5.167976410558599,5.2
125.0,10.0,16.36634750819378,0.07924106789395854,0.0002408193206975169,345.45377054984925,333.6795901832831,5.173889575879798,5.2
125.0,15.000000000000002,16.383949445929375,0.11620487526398286,0.0003531351644834896,345.50833629495486,333.697778764985,5.17962251232463,5.2
125.0,20.0,16.401551383664973,0.15159915972895432,0.0004606701356117005,345.56133251715545,333.71544417238516,5.185190547235596,5.2
125.0,25.0,16.419153321400568,0.18555194609533962,0.0005638146791438648,345.61288724125745,333.73262908041914,5.1906071315071864,5.2
125.0,30.000000000000004,16.436755259136167,0.21817620113332484,0.0006629132803450848,345.663113434031,333.749371144677,5.19588413396503,5.2
125.0,35.0,16.45435719687176,0.24957210662670173,0.0007582714064800886,345.71211127725996,333.76570375908665,5.201032080183319,5.2
125.0,40.0,16.471959134607356,0.2798289190282821,0.0008501611855423006,345.7599700273971,333.78165667579907,5.206060347869107,5.2
125.0,45.0,16.489561072342955,0.30902650278887844,0.0009388260880393777,345.8067695488933,333.79725651629775,5.210977327961022,5.2
125.0,50.0,16.50716301007855,0.3372366037561246,0.001024484814755565,345.8525815875962,333.8125271958654,5.215790558418767,5.2
125.0,55.00000000000001,16.524764947814145,0.36452391379333504,0.0011073345468013572,345.897470835369,333.8274902784563,5.22050683607682,5.2
125.0,60.00000000000001,16.54236688554974,0.3909469663968819,0.0011875536794988771,345.9414958257081,333.842165275236,5.225132310742468,5.2
125.0,65.0,16.559968823285338,0.41655889451953976,0.0012653041354530824,345.98470969156637,333.8565698971888,5.229672564816182,5.2
125.0,70.0,16.577570761020933,0.4414080752840401,0.0013407333322217152,346.02716081006645,333.87072027002216,5.234132681028306,5.2
125.0,75.0,16.59517269875653,0.46553868126116543,0.0014139758646861647,346.06889335377923,333.8846311179264,5.238517300359036,5.2
125.0,80.0,16.612774636492126,0.4889911541062257,0.0014851549503672656,346.10994776435984,333.8983159214533,5.242830671800821,5.2
125.0,85.00000000000001,16.630376574227725,0.511802613318115,0.0015543836766726492,346.1503611613074,333.91178705376916,5.24707669530461,5.2
125.0,90.0,16.64797851196332,0.5340072105020212,0.0016217660817809455,346.19016769622687,333.9250558987423,5.251258959000265,5.3
125.0,95.0,16.66558044969892,0.5556364376290646,0.0016873980951006497,346.22939886108946,333.93813295369654,5.255380771583945,5.3
125.0,100.0,16.683182387434513,0.5767193962808003,0.0017513683586427415,346.2680837574768,333.95102791915895,5.259445190606047,5.3
125.0,105.0,16.70078432517011,0.5972830336585808,0.001813758946956273,346.3062493325902,333.96374977753004,5.263455047267602,5.3
125.0,110.00000000000001,16.718386262905703,0.6173523501627401,0.0018746460002978652,346.34392058682994,333.97630686227666,5.2674129682294755,5.3
125.0,115.00000000000001,16.7359882006413,0.636950582555108,0.0019341002832887417,346.38112075695796,333.988706918986,5.271321394856248,5.3
125.0,120.00000000000001,16.753590138376897,0.6560993660724632,0.0019921876793402584,346.4178714782109,334.00095715940364,5.275182600248688,5.3
125.0,125.0,16.77119207611249,0.6748188783287943,0.0020489696295111297,346.45419292820276,334.01306430940093,5.278998704362801,5.3
125.0,130.0,16.78879401384809,0.6931279674076186,0.002104503523126231,346.4901039550172,334.02503465167246,5.282771687467818,5.3
125.0,135.0,16.806395951583685,0.7110442661841468,0.002158843046383104,346.52562219152935,334.03687406384313,5.286503402157344,5.3
125.0,140.0,16.823997889319283,0.7285842946164696,0.002212038494254442,346.5607641576973,334.0485880525658,5.290195584096707,5.3
125.0,145.00000000000003,16.84159982705488,0.7457635514939485,0.0022641370502284653,346.59554535231035,334.06018178410346,5.293849861662341,5.3
125.0,150.0,16.859201764790477,0.7625965969205369,0.002315183037786606,346.62998033547257,334.0716601118242,5.297467764607959,5.3
125.0,155.0,16.87680370252607,0.7790971266336753,0.0023652181469772803,346.66408280292126,334.08302760097376,5.301050731872797,5.3
125.0,160.0,16.894405640261667,0.7952780391097863,0.0024142816389878265,346.69786565313296,334.0942885510444,5.304600118632099,5.3
125.0,165.0,16.912007577997265,0.8111514962806357,0.0024624105312297064,346.7313410480394,334.10544701601316,5.308117202676162,5.3
125.0,170.00000000000003,16.92960951573286,0.8267289785769486,0.002509639765122831,346.76452046807134,334.1165068226905,5.3116031901936305,5.3
125.0,175.0,16.947211453468455,0.8420213349237,0.002556002358484123,346.79741476215366,334.1274715873846,5.315059221024076,5.3
125.0,180.0,16.96481339120405,0.8570388282327301,0.002601529544185043,346.8300341931983,334.1383447310661,5.318486373437787,5.3
125.0,185.0,16.98241532893965,0.8717911768707427,0.0026462508965365106,346.86238847957185,334.1491294931906,5.321885668492548,5.3
125.0,190.0,17.000017266675243,0.8862875925225709,0.0026901944466821196,346.89448683295933,334.15982894431977,5.325258074011749,5.3
125.0,195.00000000000003,17.01761920441084,0.9005368148193272,0.00273338678812715,346.92633799299165,334.1704459976639,5.328604508222547,5.3
125.0,200.0,17.035221142146437,0.91454714305761,0.0027758531733983074,346.9579502589656,334.1809834196552,5.331925843088493,5.3
125.0,205.00000000000003,17.05282307988203,0.9283264652981803,0.002817617602713905,346.98933151894175,334.19144383964726,5.335222907366706,5.3
125.0,210.0,17.07042501761763,0.9418822850997156,0.002858702905444099,347.0204892764789,334.2018297588263,5.338496489416722,5.3
125.0,215.0,17.088026955353225,0.9552217461146112,0.0028991308150534303,347.0514306752293,334.21214355840976,5.341747339784593,5.3
125.0,220.00000000000003,17.105628893088824,0.9683516547487961,0.002938922038141619,347.0821625215991,334.2223875071997,5.344976173583693,5.3
125.0,225.0,17.12323083082442,0.9812785010656083,0.002978096318131691,347.11269130565154,334.2325637685505,5.348183672690897,5.3
125.0,230.00000000000003,17.140832768560013,0.9940084780945325,0.0030166724940958235,347.14302322041607,334.2426744068054,5.351370487775327,5.4
125.0,235.0,17.158434706295612,1.0065474996886927,0.0030546685551576754,347.1731641797458,334.2527213932486,5.354537240174429,5.4
125.0,240.00000000000003,17.176036644031207,1.018901217060056,0.003092101690864457,347.20311983485277,334.2627066116176,5.357684523631467,5.4
125.0,245.00000000000003,17.193638581766802,1.0310750341081436,0.003128988337881796,347.2328955896364,334.27263186321215,5.360812905905747,5.4
125.0,250.0,17.211240519502397,1.0430741216463757,0.0031653442233289066,347.2624966149103,334.2824988716368,5.36392293026752,5.4
125.0,255.00000000000003,17.228842457237995,1.0549034306198393,0.0032011844050400125,347.29192786161934,334.2923092872065,5.367015116886586,5.4
125.0,260.0,17.24644439497359,1.0665677043990962,0.003236523309010007,347.3211940731342,334.30206469104473,5.370089964123989,5.4
125.0,265.00000000000006,17.26404633270919,1.0780714902264725,0.003271374764257398,347.3502997966972,334.31176659889906,5.373147949734632,5.4
125.0,270.0,17.281648270444784,1.08941914988399,0.003305752035315391,347.3792493940903,334.32141646469677,5.376189531988055,5.4
125.0,275.0,17.299250208180382,1.1006148696456173,0.003339667852542171,347.40804705158746,334.3310156838625,5.379215150714086,5.4
125.0,280.0,17.316852145915977,1.1116626695706915,0.0033731344404236883,347.4366967892482,334.34056559641607,5.382225228279259,5.4
125.0,285.0,17.334454083651572,1.122566412190166,0.0034061635440264235,347.46520246960324,334.35006748986774,5.385220170499426,5.4
125.0,290.00000000000006,17.35205602138717,1.1333298106326888,0.0034387664537433916,347.49356780578137,334.35952260192715,5.388200367493548,5.4
125.0,295.0,17.369657959122765,1.1439564362332981,0.003470954028463816,347.52179636911757,334.3689321230392,5.3911661944830165,5.4
125.0,300.0,17.38725989685836,1.1544497256637842,0.0035027367172854834,347.54989159628366,334.37829719876123,5.394118012540925,5.4
130.0,0.0,16.98438937803149,0.0,0.0,345.992571351793,333.8591904505977,5.230498548193529,5.2
130.0,5.0,17.001991315767086,0.04056185289237851,0.00012327764165512376,346.050735142421,333.878578380807,5.236609512396712,5.2
130.0,10.0,17.019593253502684,0.07924106789395854,0.0002408193206975169,346.1070162951582,333.8973387650528,5.242522677717911,5.2
130.0,15.000000000000002,17.03719519123828,0.11620487526398286,0.0003531351644834896,346.16158204026374,333.9155273467546,5.248255614162707,5.2
130.0,20.0,17.054797128973874,0.15159915972895432,0.0004606701356117005,346.21457826246433,333.9331927541548,5.2538236490736905,5.3
130.0,25.0,17.072399066709472,0.18555194609533962,0.0005638146791438648,346.26613298656633,333.9503776621888,5.2592402333453,5.3
130.0,30.000000000000004,17.090001004445067,0.21817620113332484,0.0006629132803450848,346.3163591793399,333.96711972644664,5.264517235803125,5.3
130.0,35.0,17.107602942180666,0.24957210662670173,0.0007582714064800886,346.3653570225689,333.98345234085633,5.269665182021432,5.3
130.0,40.0,17.12520487991626,0.2798289190282821,0.0008501611855423006,346.41321577270605,333.9994052575687,5.274693449707202,5.3
130.0,45.0,17.14280681765186,0.30902650278887844,0.0009388260880393777,346.46001529420226,334.01500509806743,5.279610429799135,5.3
130.0,50.0,17.160408755387454,0.3372366037561246,0.001024484814755565,346.5058273329051,334.03027577763504,5.284423660256862,5.3
130.0,55.00000000000001,17.17801069312305,0.36452391379333504,0.0011073345468013572,346.5507165806779,334.045238860226,5.289139937914933,5.3
130.0,60.00000000000001,17.195612630858644,0.3909469663968819,0.0011875536794988771,346.59474157101704,334.0599138570057,5.293765412580581,5.3
130.0,65.0,17.213214568594243,0.41655889451953976,0.0012653041354530824,346.6379554368753,334.07431847895845,5.298305666654278,5.3
130.0,70.0,17.230816506329838,0.4414080752840401,0.0013407333322217152,346.6804065553754,334.0884688517918,5.302765782866402,5.3
130.0,75.0,17.248418444065432,0.46553868126116543,0.0014139758646861647,346.7221390990881,334.10237969969603,5.307150402197132,5.3
130.0,80.0,17.26602038180103,0.4889911541062257,0.0014851549503672656,346.7631935096687,334.11606450322296,5.311463773638934,5.3
130.0,85.00000000000001,17.283622319536626,0.511802613318115,0.0015543836766726492,346.80360690661627,334.1295356355388,5.315709797142705,5.3
130.0,90.0,17.301224257272224,0.5340072105020212,0.0016217660817809455,346.84341344153574,334.1428044805119,5.3198920608383595,5.3
130.0,95.0,17.31882619500782,0.5556364376290646,0.0016873980951006497,346.8826446063984,334.1558815354661,5.324013873422023,5.3
130.0,100.0,17.336428132743418,0.5767193962808003,0.0017513683586427415,346.92132950278574,334.1687765009286,5.328078292444142,5.3
130.0,105.0,17.354030070479013,0.5972830336585808,0.001813758946956273,346.95949507789913,334.1814983592997,5.332088149105715,5.3
130.0,110.00000000000001,17.371632008214608,0.6173523501627401,0.0018746460002978652,346.9971663321388,334.1940554440463,5.336046070067571,5.3
130.0,115.00000000000001,17.389233945950206,0.636950582555108,0.0019341002832887417,347.03436650226683,334.2064555007556,5.339954496694342,5.3
130.0,120.00000000000001,17.4068358836858,0.6560993660724632,0.0019921876793402584,347.07111722351976,334.21870574117327,5.343815702086784,5.3
130.0,125.0,17.424437821421396,0.6748188783287943,0.0020489696295111297,347.1074386735117,334.2308128911706,5.347631806200914,5.3
130.0,130.0,17.442039759156994,0.6931279674076186,0.002104503523126231,347.14334970032616,334.242783233442,5.351404789305896,5.4
130.0,135.0,17.45964169689259,0.7110442661841468,0.002158843046383104,347.17886793683823,334.25462264561276,5.355136503995438,5.4
130.0,140.0,17.477243634628184,0.7285842946164696,0.002212038494254442,347.2140099030062,334.2663366343354,5.358828685934801,5.4
130.0,145.00000000000003,17.494845572363783,0.7457635514939485,0.0022641370502284653,347.24879109761923,334.2779303658731,5.362482963500437,5.4
130.0,150.0,17.512447510099378,0.7625965969205369,0.002315183037786606,347.28322608078145,334.2894086935938,5.366100866446055,5.4
130.0,155.0,17.530049447834976,0.7790971266336753,0.0023652181469772803,347.3173285482302,334.3007761827434,5.3696838337108925,5.4
130.0,160.0,17.54765138557057,0.7952780391097863,0.0024142816389878265,347.3511113984419,334.31203713281394,5.373233220470175,5.4
130.0,165.0,17.56525332330617,0.8111514962806357,0.0024624105312297064,347.3845867933483,334.3231955977828,5.376750304514258,5.4
130.0,170.00000000000003,17.582855261041765,0.8267289785769486,0.002509639765122831,347.4177662133802,334.33425540446007,5.380236292031708,5.4
130.0,175.0,17.60045719877736,0.8420213349237,0.002556002358484123,347.45066050746254,334.3452201691542,5.383692322862153,5.4
130.0,180.0,17.618059136512954,0.8570388282327301,0.002601529544185043,347.48327993850717,334.35609331283575,5.387119475275883,5.4
130.0,185.0,17.635661074248553,0.8717911768707427,0.0026462508965365106,347.5156342248808,334.3668780749603,5.390518770330661,5.4
130.0,190.0,17.653263011984148,0.8862875925225709,0.0026901944466821196,347.54773257826827,334.37757752608945,5.393891175849863,5.4
130.0,195.00000000000003,17.670864949719743,0.9005368148193272,0.00273338678812715,347.5795837383005,334.3881945794335,5.397237610060642,5.4
130.0,200.0,17.68846688745534,0.91454714305761,0.0027758531733983074,347.61119600427446,334.39873200142483,5.400558944926589,5.4
130.0,205.00000000000003,17.706068825190936,0.9283264652981803,0.002817617602713905,347.64257726425063,334.4091924214169,5.403856009204802,5.4
130.0,210.0,17.723670762926535,0.9418822850997156,0.002858702905444099,347.67373502178776,334.41957834059593,5.407129591254818,5.4
130.0,215.0,17.74127270066213,0.9552217461146112,0.0028991308150534303,347.70467642053825,334.42989214017945,5.410380441622706,5.4
130.0,220.00000000000003,17.758874638397728,0.9683516547487961,0.002938922038141619,347.73540826690805,334.4401360889694,5.413609275421806,5.4
130.0,225.0,17.776476576133323,0.9812785010656083,0.002978096318131691,347.7659370509605,334.4503123503202,5.41681677452901,5.4
130.0,230.00000000000003,17.794078513868918,0.9940084780945325,0.0030166724940958235,347.79626896572495,334.460422988575,5.420003589613405,5.4
130.0,235.0,17.811680451604516,1.0065474996886927,0.0030546685551576754,347.8264099250547,334.47046997501826,5.4231703420125426,5.4
130.0,240.00000000000003,17.82928238934011,1.018901217060056,0.003092101690864457,347.85636558016165,334.48045519338723,5.426317625469562,5.4
130.0,245.00000000000003,17.846884327075706,1.0310750341081436,0.003128988337881796,347.88614133494536,334.4903804449818,5.429446007743842,5.4
130.0,250.0,17.8644862648113,1.0430741216463757,0.0031653442233289066,347.9157423602192,334.5002474534064,5.432556032105616,5.4
130.0,255.00000000000003,17.8820882025469,1.0549034306198393,0.0032011844050400125,347.9451736069283,334.5100578689761,5.4356482187246815,5.4
130.0,260.0,17.899690140282495,1.0665677043990962,0.003236523309010007,347.9744398184431,334.51981327281436,5.438723065962084,5.4
130.0,265.00000000000006,17.91729207801809,1.0780714902264725,0.003271374764257398,348.00354554200607,334.52951518066874,5.441781051572745,5.4
130.0,270.0,17.934894015753688,1.08941914988399,0.003305752035315391,348.0324951393992,334.5391650464664,5.444822633826149,5.4
130.0,275.0,17.952495953489283,1.1006148696456173,0.003339667852542171,348.0612927968964,334.54876426563214,5.447848252552181,5.4
130.0,280.0,17.97009789122488,1.1116626695706915,0.0033731344404236883,348.0899425345571,334.55831417818575,5.450858330117372,5.5
130.0,285.0,17.987699828960476,1.122566412190166,0.0034061635440264235,348.1184482149122,334.5678160716374,5.453853272337538,5.5
130.0,290.00000000000006,18.005301766696075,1.1333298106326888,0.0034387664537433916,348.14681355109025,334.5772711836967,5.456833469331625,5.5
130.0,295.0,18.02290370443167,1.1439564362332981,0.003470954028463816,348.17504211442645,334.5866807048088,5.459799296321112,5.5
130.0,300.0,18.040505642167265,1.1544497256637842,0.0035027367172854834,348.20313734159254,334.59604578053086,5.46275111437902,5.5
135.0,0.0,17.637635123340395,0.0,0.0,346.6458170971019,334.0769390323673,5.299131650031624,5.3
135.0,5.0,17.65523706107599,0.04056185289237851,0.00012327764165512376,346.70398088772987,334.0963269625766,5.305242614234789,5.3
135.0,10.0,17.67283899881159,0.07924106789395854,0.0002408193206975169,346.76026204046707,334.11508734682235,5.311155779555989,5.3
135.0,15.000000000000002,17.690440936547184,0.11620487526398286,0.0003531351644834896,346.8148277855727,334.13327592852426,5.31688871600082,5.3
135.0,20.0,17.70804287428278,0.15159915972895432,0.0004606701356117005,346.86782400777327,334.1509413359244,5.322456750911786,5.3
135.0,25.0,17.725644812018373,0.18555194609533962,0.0005638146791438648,346.91937873187527,334.1681262439584,5.327873335183377,5.3
135.0,30.000000000000004,17.743246749753972,0.21817620113332484,0.0006629132803450848,346.96960492464876,334.18486830821627,5.333150337641221,5.3
135.0,35.0,17.76084868748957,0.24957210662670173,0.0007582714064800886,347.0186027678778,334.20120092262596,5.338298283859528,5.3
135.0,40.0,17.778450625225165,0.2798289190282821,0.0008501611855423006,347.06646151801493,334.2171538393383,5.343326551545298,5.3
135.0,45.0,17.796052562960764,0.30902650278887844,0.0009388260880393777,347.11326103951114,334.23275367983706,5.34824353163723,5.3
135.0,50.0,17.81365450069636,0.3372366037561246,0.001024484814755565,347.159073078214,334.2480243594047,5.353056762094975,5.4
135.0,55.00000000000001,17.831256438431954,0.36452391379333504,0.0011073345468013572,347.2039623259868,334.2629874419956,5.357773039753028,5.4
135.0,60.00000000000001,17.84885837616755,0.3909469663968819,0.0011875536794988771,347.2479873163259,334.2776624387753,5.362398514418658,5.4
135.0,65.0,17.866460313903147,0.41655889451953976,0.0012653041354530824,347.2912011821842,334.2920670607281,5.366938768492373,5.4
135.0,70.0,17.884062251638742,0.4414080752840401,0.0013407333322217152,347.33365230068426,334.3062174335614,5.371398884704497,5.4
135.0,75.0,17.901664189374337,0.46553868126116543,0.0014139758646861647,347.37538484439705,334.3201282814657,5.375783504035245,5.4
135.0,80.0,17.919266127109935,0.4889911541062257,0.0014851549503672656,347.41643925497766,334.3338130849925,5.380096875477011,5.4
135.0,85.00000000000001,17.93686806484553,0.511802613318115,0.0015543836766726492,347.4568526519252,334.3472842173084,5.3843428989808,5.4
135.0,90.0,17.954470002581125,0.5340072105020212,0.0016217660817809455,347.4966591868446,334.36055306228155,5.388525162676455,5.4
135.0,95.0,17.972071940316724,0.5556364376290646,0.0016873980951006497,347.5358903517073,334.3736301172358,5.392646975260135,5.4
135.0,100.0,17.98967387805232,0.5767193962808003,0.0017513683586427415,347.5745752480946,334.3865250826982,5.396711394282237,5.4
135.0,105.0,18.007275815787917,0.5972830336585808,0.001813758946956273,347.612740823208,334.39924694106935,5.4007212509438105,5.4
135.0,110.00000000000001,18.024877753523512,0.6173523501627401,0.0018746460002978652,347.65041207744775,334.4118040258159,5.4046791719056655,5.4
135.0,115.00000000000001,18.04247969125911,0.636950582555108,0.0019341002832887417,347.68761224757577,334.42420408252525,5.408587598532438,5.4
135.0,120.00000000000001,18.060081628994705,0.6560993660724632,0.0019921876793402584,347.72436296882864,334.4364543229429,5.412448803924878,5.4
135.0,125.0,18.0776835667303,0.6748188783287943,0.0020489696295111297,347.7606844188206,334.4485614729402,5.416264908038991,5.4
135.0,130.0,18.0952855044659,0.6931279674076186,0.002104503523126231,347.79659544563503,334.4605318152117,5.420037891144009,5.4
135.0,135.0,18.112887442201494,0.7110442661841468,0.002158843046383104,347.83211368214717,334.4723712273824,5.423769605833534,5.4
135.0,140.0,18.13048937993709,0.7285842946164696,0.002212038494254442,347.8672556483151,334.48408521610503,5.427461787772897,5.4
135.0,145.00000000000003,18.148091317672684,0.7457635514939485,0.0022641370502284653,347.90203684292817,334.4956789476427,5.431116065338532,5.4
135.0,150.0,18.165693255408282,0.7625965969205369,0.002315183037786606,347.9364718260903,334.50715727536345,5.434733968284149,5.4
135.0,155.0,18.183295193143877,0.7790971266336753,0.0023652181469772803,347.9705742935391,334.5185247645131,5.438316935549006,5.4
135.0,160.0,18.200897130879476,0.7952780391097863,0.0024142816389878265,348.0043571437508,334.5297857145836,5.441866322308289,5.4
135.0,165.0,18.21849906861507,0.8111514962806357,0.0024624105312297064,348.0378325386572,334.5409441795524,5.445383406352353,5.4
135.0,170.00000000000003,18.23610100635067,0.8267289785769486,0.002509639765122831,348.07101195868916,334.55200398622975,5.448869393869821,5.4
135.0,175.0,18.253702944086264,0.8420213349237,0.002556002358484123,348.1039062527715,334.56296875092386,5.452325424700266,5.5
135.0,180.0,18.27130488182186,0.8570388282327301,0.002601529544185043,348.13652568381605,334.5738418946053,5.4557525771139606,5.5
135.0,185.0,18.288906819557457,0.8717911768707427,0.0026462508965365106,348.16887997018966,334.5846266567299,5.459151872168738,5.5
135.0,190.0,18.306508757293052,0.8862875925225709,0.0026901944466821196,348.20097832357715,334.5953261078591,5.462524277687957,5.5
135.0,195.00000000000003,18.324110695028647,0.9005368148193272,0.00273338678812715,348.23282948360946,334.6059431612032,5.465870711898755,5.5
135.0,200.0,18.341712632764246,0.91454714305761,0.0027758531733983074,348.2644417495834,334.61648058319446,5.469192046764684,5.5
135.0,205.00000000000003,18.35931457049984,0.9283264652981803,0.002817617602713905,348.29582300955957,334.6269410031866,5.472489111042915,5.5
135.0,210.0,18.376916508235436,0.9418822850997156,0.002858702905444099,348.32698076709664,334.63732692236556,5.475762693092912,5.5
135.0,215.0,18.394518445971034,0.9552217461146112,0.0028991308150534303,348.3579221658471,334.6476407219491,5.479013543460801,5.5
135.0,220.00000000000003,18.41212038370663,0.9683516547487961,0.002938922038141619,348.38865401221693,334.65788467073895,5.482242377259883,5.5
135.0,225.0,18.429722321442227,0.9812785010656083,0.002978096318131691,348.41918279626935,334.66806093208976,5.485449876367087,5.5
135.0,230.00000000000003,18.447324259177822,0.9940084780945325,0.0030166724940958235,348.4495147110339,334.67817157034466,5.488636691451518,5.5
135.0,235.0,18.46492619691342,1.0065474996886927,0.0030546685551576754,348.4796556703636,334.6882185567879,5.491803443850638,5.5
135.0,240.00000000000003,18.482528134649016,1.018901217060056,0.003092101690864457,348.5096113254706,334.69820377515686,5.494950727307657,5.5
135.0,245.00000000000003,18.50013007238461,1.0310750341081436,0.003128988337881796,348.53938708025424,334.70812902675146,5.498079109581955,5.5
135.0,250.0,18.517732010120206,1.0430741216463757,0.0031653442233289066,348.5689881055281,334.71799603517604,5.501189133943711,5.5
135.0,255.00000000000003,18.535333947855804,1.0549034306198393,0.0032011844050400125,348.59841935223716,334.72780645074573,5.504281320562776,5.5
135.0,260.0,18.5529358855914,1.0665677043990962,0.003236523309010007,348.62768556375204,334.73756185458404,5.507356167800197,5.5
135.0,265.00000000000006,18.570537823326994,1.0780714902264725,0.003271374764257398,348.656791287315,334.7472637624383,5.510414153410823,5.5
135.0,270.0,18.588139761062592,1.08941914988399,0.003305752035315391,348.6857408847081,334.7569136282361,5.513455735664262,5.5
135.0,275.0,18.605741698798187,1.1006148696456173,0.003339667852542171,348.7145385422053,334.76651284740177,5.516481354390277,5.5
135.0,280.0,18.623343636533782,1.1116626695706915,0.0033731344404236883,348.743188279866,334.7760627599553,5.51949143195545,5.5
135.0,285.0,18.64094557426938,1.122566412190166,0.0034061635440264235,348.77169396022106,334.785564653407,5.522486374175616,5.5
135.0,290.00000000000006,18.658547512004976,1.1333298106326888,0.0034387664537433916,348.8000592963992,334.7950197654664,5.525466571169738,5.5
135.0,295.0,18.676149449740574,1.1439564362332981,0.003470954028463816,348.8282878597354,334.80442928657845,5.5284323981592065,5.5
135.0,300.0,18.69375138747617,1.1544497256637842,0.0035027367172854834,348.8563830869015,334.8137943623005,5.531384216217115,5.5
140.0,0.0,18.2908808686493,0.0,0.0,347.2990628424108,334.294687614137,5.367764751869737,5.4
140.0,5.0,18.308482806384898,0.04056185289237851,0.00012327764165512376,347.3572266330388,334.3140755443463,5.373875716072902,5.4
140.0,10.0,18.326084744120493,0.07924106789395854,0.0002408193206975169,347.41350778577595,334.332835928592,5.3797888813940835,5.4
140.0,15.000000000000002,18.34368668185609,0.11620487526398286,0.0003531351644834896,347.46807353088155,334.3510245102939,5.3855218178389155,5.4
140.0,20.0,18.361288619591686,0.15159915972895432,0.0004606701356117005,347.52106975308214,334.3686899176941,5.391089852749899,5.4
140.0,25.0,18.37889055732728,0.18555194609533962,0.0005638146791438648,347.57262447718415,334.3858748257281,5.39650643702149,5.4
140.0,30.000000000000004,18.39649249506288,0.21817620113332484,0.0006629132803450848,347.6228506699577,334.4026168899859,5.401783439479316,5.4
140.0,35.0,18.414094432798475,0.24957210662670173,0.0007582714064800886,347.6718485131867,334.4189495043956,5.406931385697622,5.4
140.0,40.0,18.43169637053407,0.2798289190282821,0.0008501611855423006,347.71970726332387,334.434902421108,5.41195965338341,5.4
140.0,45.0,18.449298308269668,0.30902650278887844,0.0009388260880393777,347.76650678482,334.4505022616067,5.416876633475326,5.4
140.0,50.0,18.466900246005263,0.3372366037561246,0.001024484814755565,347.8123188235229,334.4657729411743,5.421689863933053,5.4
140.0,55.00000000000001,18.484502183740858,0.36452391379333504,0.0011073345468013572,347.8572080712957,334.48073602376525,5.426406141591123,5.4
140.0,60.00000000000001,18.502104121476457,0.3909469663968819,0.0011875536794988771,347.90123306163485,334.49541102054496,5.431031616256771,5.4
140.0,65.0,18.51970605921205,0.41655889451953976,0.0012653041354530824,347.9444469274931,334.5098156424977,5.4355718703304685,5.4
140.0,70.0,18.53730799694765,0.4414080752840401,0.0013407333322217152,347.9868980459932,334.5239660153311,5.4400319865426106,5.4
140.0,75.0,18.554909934683245,0.46553868126116543,0.0014139758646861647,348.0286305897059,334.53787686323534,5.44441660587334,5.4
140.0,80.0,18.572511872418843,0.4889911541062257,0.0014851549503672656,348.06968500028654,334.5515616667622,5.448729977315124,5.4
140.0,85.00000000000001,18.59011381015444,0.511802613318115,0.0015543836766726492,348.1100983972341,334.56503279907804,5.452976000818896,5.5
140.0,90.0,18.607715747890033,0.5340072105020212,0.0016217660817809455,348.14990493215356,334.5783016440512,5.45715826451455,5.5
140.0,95.0,18.625317685625628,0.5556364376290646,0.0016873980951006497,348.1891360970162,334.5913786990054,5.46128007709823,5.5
140.0,100.0,18.642919623361227,0.5767193962808003,0.0017513683586427415,348.22782099340355,334.6042736644679,5.46534449612035,5.5
140.0,105.0,18.66052156109682,0.5972830336585808,0.001813758946956273,348.2659865685169,334.616995522839,5.469354352781905,5.5
140.0,110.00000000000001,18.678123498832417,0.6173523501627401,0.0018746460002978652,348.30365782275663,334.62955260758554,5.473312273743761,5.5
140.0,115.00000000000001,18.695725436568015,0.636950582555108,0.0019341002832887417,348.34085799288465,334.6419526642949,5.477220700370533,5.5
140.0,120.00000000000001,18.71332737430361,0.6560993660724632,0.0019921876793402584,348.3776087141376,334.6542029047125,5.481081905762974,5.5
140.0,125.0,18.730929312039205,0.6748188783287943,0.0020489696295111297,348.4139301641295,334.66631005470987,5.484898009877104,5.5
140.0,130.0,18.748531249774803,0.6931279674076186,0.002104503523126231,348.44984119094397,334.67828039698134,5.488670992982104,5.5
140.0,135.0,18.766133187510402,0.7110442661841468,0.002158843046383104,348.48535942745605,334.690119809152,5.492402707671629,5.5
140.0,140.0,18.783735125245997,0.7285842946164696,0.002212038494254442,348.520501393624,334.7018337978747,5.49609488961101,5.5
140.0,145.00000000000003,18.80133706298159,0.7457635514939485,0.0022641370502284653,348.55528258823705,334.7134275294124,5.499749167176645,5.5
140.0,150.0,18.81893900071719,0.7625965969205369,0.002315183037786606,348.58971757139926,334.7249058571331,5.503367070122245,5.5
140.0,155.0,18.836540938452785,0.7790971266336753,0.0023652181469772803,348.623820038848,334.73627334628264,5.5069500373870826,5.5
140.0,160.0,18.85414287618838,0.7952780391097863,0.0024142816389878265,348.6576028890597,334.74753429635325,5.510499424146384,5.5
140.0,165.0,18.87174481392398,0.8111514962806357,0.0024624105312297064,348.6910782839661,334.75869276132204,5.514016508190448,5.5
140.0,170.00000000000003,18.889346751659573,0.8267289785769486,0.002509639765122831,348.72425770399803,334.7697525679994,5.517502495707917,5.5
140.0,175.0,18.90694868939517,0.8420213349237,0.002556002358484123,348.75715199808036,334.7807173326935,5.520958526538362,5.5
140.0,180.0,18.924550627130763,0.8570388282327301,0.002601529544185043,348.789771429125,334.791590476375,5.524385678952074,5.5
140.0,185.0,18.942152564866362,0.8717911768707427,0.0026462508965365106,348.8221257154986,334.80237523849956,5.527784974006852,5.5
140.0,190.0,18.959754502601957,0.8862875925225709,0.0026901944466821196,348.8542240688861,334.8130746896287,5.531157379526053,5.5
140.0,195.00000000000003,18.977356440337555,0.9005368148193272,0.00273338678812715,348.88607522891834,334.8236917429728,5.53450381373685,5.5
140.0,200.0,18.99495837807315,0.91454714305761,0.0027758531733983074,348.9176874948923,334.83422916496414,5.537825148602797,5.5
140.0,205.00000000000003,19.01256031580875,0.9283264652981803,0.002817617602713905,348.94906875486845,334.84468958495614,5.541122212880992,5.5
140.0,210.0,19.030162253544344,0.9418822850997156,0.002858702905444099,348.9802265124056,334.8550755041352,5.544395794931008,5.5
140.0,215.0,19.04776419127994,0.9552217461146112,0.0028991308150534303,349.01116791115606,334.8653893037187,5.547646645298896,5.5
140.0,220.00000000000003,19.065366129015537,0.9683516547487961,0.002938922038141619,349.04189975752587,334.87563325250863,5.550875479097996,5.6
140.0,225.0,19.082968066751132,0.9812785010656083,0.002978096318131691,349.07242854157823,334.88580951385944,5.554082978205201,5.6
140.0,230.00000000000003,19.100570004486727,0.9940084780945325,0.0030166724940958235,349.10276045634276,334.8959201521143,5.5572697932896125,5.6
140.0,235.0,19.118171942222325,1.0065474996886927,0.0030546685551576754,349.1329014156725,334.9059671385575,5.5604365456887335,5.6
140.0,240.00000000000003,19.13577387995792,1.018901217060056,0.003092101690864457,349.16285707077947,334.9159523569265,5.5635838291457524,5.6
140.0,245.00000000000003,19.153375817693515,1.0310750341081436,0.003128988337881796,349.1926328255632,334.92587760852103,5.5667122114200325,5.6
140.0,250.0,19.170977755429114,1.0430741216463757,0.0031653442233289066,349.22223385083703,334.93574461694567,5.569822235781807,5.6
140.0,255.00000000000003,19.18857969316471,1.0549034306198393,0.0032011844050400125,349.25166509754604,334.94555503251536,5.5729144224008715,5.6
140.0,260.0,19.206181630900307,1.0665677043990962,0.003236523309010007,349.2809313090609,334.9553104363536,5.575989269638274,5.6
140.0,265.00000000000006,19.223783568635902,1.0780714902264725,0.003271374764257398,349.3100370326239,334.965012344208,5.579047255248936,5.6
140.0,270.0,19.2413855063715,1.08941914988399,0.003305752035315391,349.338986630017,334.97466221000565,5.58208883750234,5.6
140.0,275.0,19.258987444107095,1.1006148696456173,0.003339667852542171,349.3677842875142,334.98426142917145,5.58511445622839,5.6
140.0,280.0,19.27658938184269,1.1116626695706915,0.0033731344404236883,349.3964340251749,334.993811341725,5.588124533793562,5.6
140.0,285.0,19.29419131957829,1.122566412190166,0.0034061635440264235,349.42493970552994,335.0033132351767,5.591119476013729,5.6
140.0,290.00000000000006,19.311793257313884,1.1333298106326888,0.0034387664537433916,349.45330504170806,335.01276834723603,5.594099673007833,5.6
140.0,295.0,19.32939519504948,1.1439564362332981,0.003470954028463816,349.48153360504426,335.0221778683481,5.597065499997302,5.6
140.0,300.0,19.346997132785074,1.1544497256637842,0.0035027367172854834,349.50962883221035,335.03154294407017,5.600017318055229,5.6
145.00000000000003,0.0,18.944126613958204,0.0,0.0,347.9523085877197,334.51243619590656,5.436397853707814,5.4
145.00000000000003,5.0,18.9617285516938,0.04056185289237851,0.00012327764165512376,348.0104723783477,334.5318241261159,5.442508817910998,5.4
145.00000000000003,10.0,18.979330489429397,0.07924106789395854,0.0002408193206975169,348.0667535310849,334.55058451036166,5.448421983232197,5.4
145.00000000000003,15.000000000000002,18.996932427164992,0.11620487526398286,0.0003531351644834896,348.1213192761905,334.5687730920635,5.45415491967701,5.5
145.00000000000003,20.0,19.01453436490059,0.15159915972895432,0.0004606701356117005,348.1743154983911,334.58643849946367,5.459722954587976,5.5
145.00000000000003,25.0,19.032136302636186,0.18555194609533962,0.0005638146791438648,348.22587022249303,334.6036234074977,5.465139538859585,5.5
145.00000000000003,30.000000000000004,19.049738240371784,0.21817620113332484,0.0006629132803450848,348.2760964152666,334.6203654717555,5.470416541317411,5.5
145.00000000000003,35.0,19.06734017810738,0.24957210662670173,0.0007582714064800886,348.3250942584956,334.6366980861652,5.475564487535718,5.5
145.00000000000003,40.0,19.084942115842974,0.2798289190282821,0.0008501611855423006,348.37295300863275,334.6526510028776,5.480592755221488,5.5
145.00000000000003,45.0,19.102544053578573,0.30902650278887844,0.0009388260880393777,348.41975253012896,334.66825084337637,5.485509735313438,5.5
145.00000000000003,50.0,19.120145991314168,0.3372366037561246,0.001024484814755565,348.46556456883184,334.683521522944,5.490322965771166,5.5
145.00000000000003,55.00000000000001,19.137747929049763,0.36452391379333504,0.0011073345468013572,348.5104538166046,334.6984846055349,5.495039243429218,5.5
145.00000000000003,60.00000000000001,19.155349866785357,0.3909469663968819,0.0011875536794988771,348.55447880694373,334.7131596023146,5.499664718094866,5.5
145.00000000000003,65.0,19.172951804520956,0.41655889451953976,0.0012653041354530824,348.597692672802,334.7275642242673,5.504204972168563,5.5
145.00000000000003,70.0,19.19055374225655,0.4414080752840401,0.0013407333322217152,348.6401437913021,334.7417145971007,5.508665088380705,5.5
145.00000000000003,75.0,19.20815567999215,0.46553868126116543,0.0014139758646861647,348.68187633501486,334.75562544500497,5.513049707711435,5.5
145.00000000000003,80.0,19.225757617727744,0.4889911541062257,0.0014851549503672656,348.7229307455955,334.76931024853184,5.5173630791532196,5.5
145.00000000000003,85.00000000000001,19.243359555463343,0.511802613318115,0.0015543836766726492,348.76334414254296,334.78278138084767,5.52160910265699,5.5
145.00000000000003,90.0,19.260961493198938,0.5340072105020212,0.0016217660817809455,348.80315067746244,334.7960502258208,5.525791366352645,5.5
145.00000000000003,95.0,19.278563430934533,0.5556364376290646,0.0016873980951006497,348.8423818423251,334.80912728077504,5.529913178936326,5.5
145.00000000000003,100.0,19.29616536867013,0.5767193962808003,0.0017513683586427415,348.88106673871243,334.8220222462375,5.533977597958446,5.5
145.00000000000003,105.0,19.313767306405726,0.5972830336585808,0.001813758946956273,348.91923231382583,334.83474410460866,5.537987454620018,5.5
145.00000000000003,110.00000000000001,19.33136924414132,0.6173523501627401,0.0018746460002978652,348.95690356806557,334.8473011893552,5.541945375581874,5.5
145.00000000000003,115.00000000000001,19.34897118187692,0.636950582555108,0.0019341002832887417,348.9941037381936,334.85970124606456,5.545853802208645,5.5
145.00000000000003,120.00000000000001,19.366573119612514,0.6560993660724632,0.0019921876793402584,349.03085445944646,334.87195148648215,5.549715007601069,5.5
145.00000000000003,125.0,19.38417505734811,0.6748188783287943,0.0020489696295111297,349.0671759094384,334.8840586364795,5.553531111715199,5.6
145.00000000000003,130.0,19.401776995083708,0.6931279674076186,0.002104503523126231,349.10308693625285,334.89602897875096,5.557304094820199,5.6
145.00000000000003,135.0,19.419378932819303,0.7110442661841468,0.002158843046383104,349.138605172765,334.9078683909217,5.561035809509742,5.6
145.00000000000003,140.0,19.4369808705549,0.7285842946164696,0.002212038494254442,349.1737471389329,334.9195823796443,5.564727991449087,5.6
145.00000000000003,145.00000000000003,19.454582808290496,0.7457635514939485,0.0022641370502284653,349.2085283335459,334.93117611118197,5.568382269014722,5.6
145.00000000000003,150.0,19.472184746026095,0.7625965969205369,0.002315183037786606,349.24296331670814,334.9426544389027,5.57200017196034,5.6
145.00000000000003,155.0,19.48978668376169,0.7790971266336753,0.0023652181469772803,349.2770657841569,334.9540219280523,5.575583139225196,5.6
145.00000000000003,160.0,19.507388621497284,0.7952780391097863,0.0024142816389878265,349.3108486343686,334.9652828781229,5.579132525984479,5.6
145.00000000000003,165.0,19.524990559232883,0.8111514962806357,0.0024624105312297064,349.344324029275,334.97644134309166,5.582649610028543,5.6
145.00000000000003,170.00000000000003,19.542592496968478,0.8267289785769486,0.002509639765122831,349.37750344930697,334.987501149769,5.586135597546011,5.6
145.00000000000003,175.0,19.560194434704073,0.8420213349237,0.002556002358484123,349.4103977433893,334.9984659144631,5.589591628376456,5.6
145.00000000000003,180.0,19.577796372439668,0.8570388282327301,0.002601529544185043,349.44301717443386,335.00933905814463,5.593018780790168,5.6
145.00000000000003,185.0,19.595398310175266,0.8717911768707427,0.0026462508965365106,349.4753714608075,335.0201238202692,5.596418075844947,5.6
145.00000000000003,190.0,19.61300024791086,0.8862875925225709,0.0026901944466821196,349.50746981419496,335.03082327139833,5.599790481364148,5.6
145.00000000000003,195.00000000000003,19.630602185646456,0.9005368148193272,0.00273338678812715,349.5393209742273,335.04144032474244,5.603136915574945,5.6
145.00000000000003,200.0,19.648204123382055,0.91454714305761,0.0027758531733983074,349.5709332402012,335.0519777467337,5.606458250440874,5.6
145.00000000000003,205.00000000000003,19.66580606111765,0.9283264652981803,0.002817617602713905,349.60231450017733,335.06243816672577,5.609755314719087,5.6
145.00000000000003,210.0,19.683407998853248,0.9418822850997156,0.002858702905444099,349.63347225771446,335.0728240859048,5.613028896769103,5.6
145.00000000000003,215.0,19.701009936588843,0.9552217461146112,0.0028991308150534303,349.66441365646494,335.0831378854883,5.616279747136992,5.6
145.00000000000003,220.00000000000003,19.71861187432444,0.9683516547487961,0.002938922038141619,349.69514550283475,335.09338183427826,5.619508580936092,5.6
145.00000000000003,225.0,19.736213812060036,0.9812785010656083,0.002978096318131691,349.72567428688717,335.10355809562907,5.622716080043295,5.6
145.00000000000003,230.00000000000003,19.75381574979563,0.9940084780945325,0.0030166724940958235,349.7560062016517,335.1136687338839,5.625902895127708,5.6
145.00000000000003,235.0,19.77141768753123,1.0065474996886927,0.0030546685551576754,349.78614716098144,335.1237157203272,5.629069647526847,5.6
145.00000000000003,240.00000000000003,19.789019625266825,1.018901217060056,0.003092101690864457,349.81610281608835,335.1337009386961,5.632216930983848,5.6
145.00000000000003,245.00000000000003,19.80662156300242,1.0310750341081436,0.003128988337881796,349.84587857087206,335.1436261902907,5.635345313258146,5.6
145.00000000000003,250.0,19.824223500738015,1.0430741216463757,0.0031653442233289066,349.8754795961459,335.1534931987153,5.638455337619901,5.6
145.00000000000003,255.00000000000003,19.841825438473613,1.0549034306198393,0.0032011844050400125,349.904910842855,335.163303614285,5.641547524238967,5.6
145.00000000000003,260.0,19.859427376209208,1.0665677043990962,0.003236523309010007,349.93417705436985,335.1730590181233,5.6446223714763875,5.6
145.00000000000003,265.00000000000006,19.877029313944806,1.0780714902264725,0.003271374764257398,349.9632827779328,335.1827609259776,5.64768035708703,5.6
145.00000000000003,270.0,19.8946312516804,1.08941914988399,0.003305752035315391,349.9922323753259,335.19241079177533,5.650721939340452,5.7
145.00000000000003,275.0,19.912233189416,1.1006148696456173,0.003339667852542171,350.0210300328231,335.202010010941,5.653747558066467,5.7
145.00000000000003,280.0,19.929835127151595,1.1116626695706915,0.0033731344404236883,350.0496797704838,335.21155992349463,5.656757635631657,5.7
145.00000000000003,285.0,19.947437064887193,1.122566412190166,0.0034061635440264235,350.0781854508389,335.2210618169463,5.659752577851823,5.7
145.00000000000003,290.00000000000006,19.965039002622788,1.1333298106326888,0.0034387664537433916,350.106550787017,335.23051692900566,5.662732774845929,5.7
145.00000000000003,295.0,19.982640940358383,1.1439564362332981,0.003470954028463816,350.1347793503532,335.23992645011776,5.665698601835415,5.7
145.00000000000003,300.0,20.000242878093978,1.1544497256637842,0.0035027367172854834,350.16287457751923,335.24929152583974,5.668650419893305,5.7
150.0,0.0,19.597372359267105,0.0,0.0,348.60555433302864,334.73018477767624,5.505030955545927,5.5
150.0,5.0,19.614974297002703,0.04056185289237851,0.00012327764165512376,348.66371812365657,334.74957270788553,5.511141919749093,5.5
150.0,10.0,19.6325762347383,0.07924106789395854,0.0002408193206975169,348.71999927639376,334.7683330921313,5.517055085070292,5.5
150.0,15.000000000000002,19.650178172473897,0.11620487526398286,0.0003531351644834896,348.77456502149937,334.78652167383314,5.5227880215151055,5.5
150.0,20.0,19.667780110209492,0.15159915972895432,0.0004606701356117005,348.82756124369996,334.80418708123335,5.528356056426089,5.5
150.0,25.0,19.685382047945087,0.18555194609533962,0.0005638146791438648,348.87911596780197,334.82137198926733,5.533772640697681,5.5
150.0,30.000000000000004,19.702983985680685,0.21817620113332484,0.0006629132803450848,348.9293421605755,334.8381140535252,5.539049643155524,5.5
150.0,35.0,19.72058592341628,0.24957210662670173,0.0007582714064800886,348.97834000380453,334.85444666793484,5.544197589373813,5.5
150.0,40.0,19.738187861151875,0.2798289190282821,0.0008501611855423006,349.0261987539416,334.8703995846472,5.549225857059583,5.5
150.0,45.0,19.755789798887474,0.30902650278887844,0.0009388260880393777,349.07299827543784,334.88599942514594,5.554142837151516,5.6
150.0,50.0,19.77339173662307,0.3372366037561246,0.001024484814755565,349.1188103141407,334.9012701047136,5.558956067609261,5.6
150.0,55.00000000000001,19.790993674358663,0.36452391379333504,0.0011073345468013572,349.1636995619135,334.9162331873045,5.563672345267314,5.6
150.0,60.00000000000001,19.808595612094262,0.3909469663968819,0.0011875536794988771,349.20772455225267,334.9309081840842,5.568297819932961,5.6
150.0,65.0,19.826197549829857,0.41655889451953976,0.0012653041354530824,349.2509384181109,334.94531280603695,5.5728380740066585,5.6
150.0,70.0,19.843799487565455,0.4414080752840401,0.0013407333322217152,349.29338953661096,334.9594631788703,5.577298190218783,5.6
150.0,75.0,19.86140142530105,0.46553868126116543,0.0014139758646861647,349.33512208032374,334.9733740267746,5.58168280954953,5.6
150.0,80.0,19.87900336303665,0.4889911541062257,0.0014851549503672656,349.37617649090436,334.98705883030146,5.585996180991314,5.6
150.0,85.00000000000001,19.896605300772244,0.511802613318115,0.0015543836766726492,349.4165898878519,335.0005299626173,5.590242204495086,5.6
150.0,90.0,19.91420723850784,0.5340072105020212,0.0016217660817809455,349.4563964227714,335.0137988075905,5.594424468190758,5.6
150.0,95.0,19.931809176243437,0.5556364376290646,0.0016873980951006497,349.49562758763403,335.0268758625447,5.598546280774439,5.6
150.0,100.0,19.949411113979032,0.5767193962808003,0.0017513683586427415,349.5343124840213,335.0397708280071,5.602610699796522,5.6
150.0,105.0,19.967013051714627,0.5972830336585808,0.001813758946956273,349.5724780591347,335.05249268637823,5.606620556458096,5.6
150.0,110.00000000000001,19.984614989450222,0.6173523501627401,0.0018746460002978652,349.61014931337445,335.06504977112485,5.610578477419969,5.6
150.0,115.00000000000001,20.00221692718582,0.636950582555108,0.0019341002832887417,349.64734948350247,335.0774498278342,5.614486904046741,5.6
150.0,120.00000000000001,20.019818864921415,0.6560993660724632,0.0019921876793402584,349.6841002047554,335.08970006825183,5.618348109439182,5.6
150.0,125.0,20.037420802657014,0.6748188783287943,0.0020489696295111297,349.7204216547473,335.1018072182491,5.622164213553294,5.6
150.0,130.0,20.05502274039261,0.6931279674076186,0.002104503523126231,349.75633268156173,335.1137775605206,5.6259371966582945,5.6
150.0,135.0,20.072624678128207,0.7110442661841468,0.002158843046383104,349.79185091807386,335.12561697269126,5.629668911347819,5.6
150.0,140.0,20.090226615863802,0.7285842946164696,0.002212038494254442,349.8269928842418,335.13733096141397,5.6333610932872,5.6
150.0,145.00000000000003,20.107828553599397,0.7457635514939485,0.0022641370502284653,349.86177407885486,335.14892469295165,5.637015370852835,5.6
150.0,150.0,20.125430491334996,0.7625965969205369,0.002315183037786606,349.8962090620171,335.1604030206724,5.6406332737984535,5.6
150.0,155.0,20.14303242907059,0.7790971266336753,0.0023652181469772803,349.9303115294658,335.17177050982195,5.644216241063291,5.6
150.0,160.0,20.160634366806185,0.7952780391097863,0.0024142816389878265,349.9640943796775,335.1830314598925,5.647765627822574,5.6
150.0,165.0,20.178236304541784,0.8111514962806357,0.0024624105312297064,349.9975697745839,335.1941899248613,5.651282711866639,5.7
150.0,170.00000000000003,20.19583824227738,0.8267289785769486,0.002509639765122831,350.03074919461585,335.20524973153863,5.654768699384107,5.7
150.0,175.0,20.213440180012974,0.8420213349237,0.002556002358484123,350.0636434886982,335.21621449623274,5.658224730214552,5.7
150.0,180.0,20.23104211774857,0.8570388282327301,0.002601529544185043,350.0962629197428,335.22708763991426,5.661651882628264,5.7
150.0,185.0,20.248644055484167,0.8717911768707427,0.0026462508965365106,350.1286172061164,335.2378724020388,5.665051177683042,5.7
150.0,190.0,20.266245993219762,0.8862875925225709,0.0026901944466821196,350.16071555950384,335.24857185316796,5.668423583202243,5.7
150.0,195.00000000000003,20.28384793095536,0.9005368148193272,0.00273338678812715,350.19256671953616,335.25918890651207,5.67177001741304,5.7
150.0,200.0,20.301449868690955,0.91454714305761,0.0027758531733983074,350.2241789855101,335.2697263285034,5.675091352278987,5.7
150.0,205.00000000000003,20.319051806426554,0.9283264652981803,0.002817617602713905,350.25556024548627,335.28018674849545,5.6783884165572,5.7
150.0,210.0,20.33665374416215,0.9418822850997156,0.002858702905444099,350.2867180030234,335.2905726676745,5.6816619986072165,5.7
150.0,215.0,20.354255681897744,0.9552217461146112,0.0028991308150534303,350.3176594017739,335.30088646725795,5.684912848975087,5.7
150.0,220.00000000000003,20.371857619633342,0.9683516547487961,0.002938922038141619,350.3483912481436,335.3111304160479,5.688141682774186,5.7
150.0,225.0,20.389459557368937,0.9812785010656083,0.002978096318131691,350.37892003219605,335.3213066773987,5.691349181881391,5.7
150.0,230.00000000000003,20.407061495104532,0.9940084780945325,0.0030166724940958235,350.4092519469606,335.33141731565354,5.694535996965803,5.7
150.0,235.0,20.42466343284013,1.0065474996886927,0.0030546685551576754,350.4393929062903,335.34146430209677,5.6977027493649235,5.7
150.0,240.00000000000003,20.442265370575726,1.018901217060056,0.003092101690864457,350.4693485613973,335.3514495204658,5.700850032821961,5.7
150.0,245.00000000000003,20.45986730831132,1.0310750341081436,0.003128988337881796,350.499124316181,335.36137477206034,5.70397841509624,5.7
150.0,250.0,20.47746924604692,1.0430741216463757,0.0031653442233289066,350.5287253414548,335.3712417804849,5.707088439457997,5.7
150.0,255.00000000000003,20.495071183782514,1.0549034306198393,0.0032011844050400125,350.55815658816385,335.38105219605467,5.71018062607708,5.7
150.0,260.0,20.512673121518112,1.0665677043990962,0.003236523309010007,350.58742279967873,335.3908075998929,5.713255473314483,5.7
150.0,265.00000000000006,20.530275059253707,1.0780714902264725,0.003271374764257398,350.6165285232417,335.40050950774724,5.716313458925126,5.7
150.0,270.0,20.547876996989306,1.08941914988399,0.003305752035315391,350.64547812063483,335.41015937354496,5.719355041178548,5.7
150.0,275.0,20.5654789347249,1.1006148696456173,0.003339667852542171,350.674275778132,335.4197585927107,5.72238065990458,5.7
150.0,280.0,20.583080872460496,1.1116626695706915,0.0033731344404236883,350.7029255157927,335.42930850526426,5.725390737469753,5.7
150.0,285.0,20.60068281019609,1.122566412190166,0.0034061635440264235,350.73143119614775,335.43881039871593,5.728385679689919,5.7
150.0,290.00000000000006,20.618284747931686,1.1333298106326888,0.0034387664537433916,350.7597965323259,335.44826551077534,5.731365876684042,5.7
150.0,295.0,20.635886685667288,1.1439564362332981,0.003470954028463816,350.7880250956621,335.4576750318874,5.734331703673511,5.7
150.0,300.0,20.653488623402882,1.1544497256637842,0.0035027367172854834,350.81612032282817,335.4670401076094,5.737283521731419,5.7
155.0,0.0,20.25061810457601,0.0,0.0,349.2588000783375,334.94793335944587,5.573664057384023,5.6
155.0,5.0,20.268220042311604,0.04056185289237851,0.00012327764165512376,349.3169638689655,334.9673212896552,5.5797750215872055,5.6
155.0,10.0,20.285821980047203,0.07924106789395854,0.0002408193206975169,349.3732450217027,334.9860816739009,5.585688186908388,5.6
155.0,15.000000000000002,20.303423917782798,0.11620487526398286,0.0003531351644834896,349.4278107668083,335.00427025560276,5.591421123353201,5.6
155.0,20.0,20.321025855518396,0.15159915972895432,0.0004606701356117005,349.48080698900884,335.021935663003,5.596989158264185,5.6
155.0,25.0,20.33862779325399,0.18555194609533962,0.0005638146791438648,349.53236171311084,335.03912057103696,5.602405742535775,5.6
155.0,30.000000000000004,20.35622973098959,0.21817620113332484,0.0006629132803450848,349.5825879058844,335.0558626352948,5.6076827449936015,5.6
155.0,35.0,20.373831668725185,0.24957210662670173,0.0007582714064800886,349.6315857491134,335.07219524970446,5.612830691211908,5.6
155.0,40.0,20.39143360646078,0.2798289190282821,0.0008501611855423006,349.67944449925056,335.0881481664169,5.617858958897696,5.6
155.0,45.0,20.409035544196378,0.30902650278887844,0.0009388260880393777,349.7262440207468,335.1037480069156,5.622775938989629,5.6
155.0,50.0,20.426637481931973,0.3372366037561246,0.001024484814755565,349.7720560594496,335.11901868648323,5.627589169447356,5.6
155.0,55.00000000000001,20.444239419667568,0.36452391379333504,0.0011073345468013572,349.8169453072224,335.1339817690741,5.632305447105409,5.6
155.0,60.00000000000001,20.461841357403163,0.3909469663968819,0.0011875536794988771,349.86097029756155,335.1486567658539,5.636930921771074,5.6
155.0,65.0,20.47944329513876,0.41655889451953976,0.0012653041354530824,349.9041841634198,335.16306138780664,5.641471175844772,5.6
155.0,70.0,20.497045232874356,0.4414080752840401,0.0013407333322217152,349.9466352819199,335.17721176064,5.645931292056896,5.6
155.0,75.0,20.514647170609955,0.46553868126116543,0.0014139758646861647,349.9883678256327,335.1911226085442,5.650315911387626,5.7
155.0,80.0,20.53224910834555,0.4889911541062257,0.0014851549503672656,350.02942223621324,335.2048074120711,5.65462928282941,5.7
155.0,85.00000000000001,20.549851046081148,0.511802613318115,0.0015543836766726492,350.0698356331608,335.2182785443869,5.658875306333181,5.7
155.0,90.0,20.567452983816743,0.5340072105020212,0.0016217660817809455,350.10964216808026,335.23154738936006,5.663057570028836,5.7
155.0,95.0,20.58505492155234,0.5556364376290646,0.0016873980951006497,350.1488733329429,335.2446244443143,5.667179382612516,5.7
155.0,100.0,20.602656859287936,0.5767193962808003,0.0017513683586427415,350.18755822933025,335.25751940977676,5.671243801634636,5.7
155.0,105.0,20.62025879702353,0.5972830336585808,0.001813758946956273,350.22572380444365,335.2702412681479,5.675253658296209,5.7
155.0,110.00000000000001,20.637860734759126,0.6173523501627401,0.0018746460002978652,350.26339505868333,335.2827983528944,5.679211579258046,5.7
155.0,115.00000000000001,20.65546267249472,0.636950582555108,0.0019341002832887417,350.30059522881135,335.29519840960376,5.683120005884819,5.7
155.0,120.00000000000001,20.67306461023032,0.6560993660724632,0.0019921876793402584,350.3373459500643,335.3074486500214,5.686981211277259,5.7
155.0,125.0,20.690666547965918,0.6748188783287943,0.0020489696295111297,350.3736674000562,335.31955580001875,5.690797315391389,5.7
155.0,130.0,20.708268485701513,0.6931279674076186,0.002104503523126231,350.40957842687067,335.3315261422902,5.694570298496389,5.7
155.0,135.0,20.725870423437108,0.7110442661841468,0.002158843046383104,350.4450966633828,335.34336555446095,5.698302013185932,5.7
155.0,140.0,20.743472361172707,0.7285842946164696,0.002212038494254442,350.4802386295507,335.3550795431836,5.7019941951252955,5.7
155.0,145.00000000000003,20.7610742989083,0.7457635514939485,0.0022641370502284653,350.51501982416374,335.3666732747213,5.705648472690931,5.7
155.0,150.0,20.778676236643896,0.7625965969205369,0.002315183037786606,350.54945480732596,335.37815160244196,5.70926637563653,5.7
155.0,155.0,20.79627817437949,0.7790971266336753,0.0023652181469772803,350.5835572747747,335.3895190915916,5.712849342901386,5.7
155.0,160.0,20.813880112115093,0.7952780391097863,0.0024142816389878265,350.6173401249864,335.40078004166213,5.7163987296606695,5.7
155.0,165.0,20.83148204985069,0.8111514962806357,0.0024624105312297064,350.65081551989283,335.411938506631,5.719915813704752,5.7
155.0,170.00000000000003,20.849083987586283,0.8267289785769486,0.002509639765122831,350.6839949399248,335.42299831330826,5.723401801222202,5.7
155.0,175.0,20.866685925321878,0.8420213349237,0.002556002358484123,350.71688923400706,335.43396307800236,5.726857832052647,5.7
155.0,180.0,20.884287863057473,0.8570388282327301,0.002601529544185043,350.7495086650517,335.44483622168394,5.730284984466377,5.7
155.0,185.0,20.901889800793068,0.8717911768707427,0.0026462508965365106,350.7818629514253,335.45562098380844,5.733684279521137,5.7
155.0,190.0,20.91949173852867,0.8862875925225709,0.0026901944466821196,350.8139613048128,335.4663204349376,5.737056685040338,5.7
155.0,195.00000000000003,20.937093676264265,0.9005368148193272,0.00273338678812715,350.8458124648451,335.4769374882817,5.740403119251136,5.7
155.0,200.0,20.95469561399986,0.91454714305761,0.0027758531733983074,350.877424730819,335.487474910273,5.743724454117083,5.7
155.0,205.00000000000003,20.972297551735455,0.9283264652981803,0.002817617602713905,350.90880599079514,335.4979353302651,5.747021518395295,5.7
155.0,210.0,20.989899489471053,0.9418822850997156,0.002858702905444099,350.9399637483323,335.5083212494441,5.750295100445311,5.8
155.0,215.0,21.00750142720665,0.9552217461146112,0.0028991308150534303,350.97090514708276,335.5186350490276,5.753545950813182,5.8
155.0,220.00000000000003,21.025103364942243,0.9683516547487961,0.002938922038141619,351.00163699345256,335.52887899781757,5.7567747846123,5.8
155.0,225.0,21.042705302677845,0.9812785010656083,0.002978096318131691,351.032165777505,335.5390552591684,5.759982283719504,5.8
155.0,230.00000000000003,21.06030724041344,0.9940084780945325,0.0030166724940958235,351.0624976922695,335.54916589742317,5.763169098803898,5.8
155.0,235.0,21.077909178149035,1.0065474996886927,0.0030546685551576754,351.0926386515992,335.5592128838664,5.766335851203019,5.8
155.0,240.00000000000003,21.09551111588463,1.018901217060056,0.003092101690864457,351.12259430670616,335.56919810223536,5.769483134660038,5.8
155.0,245.00000000000003,21.113113053620225,1.0310750341081436,0.003128988337881796,351.1523700614899,335.57912335382997,5.772611516934336,5.8
155.0,250.0,21.13071499135582,1.0430741216463757,0.0031653442233289066,351.1819710867637,335.5889903622546,5.77572154129611,5.8
155.0,255.00000000000003,21.14831692909142,1.0549034306198393,0.0032011844050400125,351.2114023334728,335.59880077782424,5.778813727915157,5.8
155.0,260.0,21.165918866827017,1.0665677043990962,0.003236523309010007,351.24066854498767,335.60855618166255,5.781888575152578,5.8
155.0,265.00000000000006,21.18352080456261,1.0780714902264725,0.003271374764257398,351.2697742685506,335.61825808951687,5.784946560763221,5.8
155.0,270.0,21.201122742298207,1.08941914988399,0.003305752035315391,351.2987238659437,335.6279079553146,5.787988143016643,5.8
155.0,275.0,21.218724680033805,1.1006148696456173,0.003339667852542171,351.3275215234409,335.63750717448033,5.791013761742676,5.8
155.0,280.0,21.2363266177694,1.1116626695706915,0.0033731344404236883,351.3561712611016,335.6470570870339,5.794023839307847,5.8
155.0,285.0,21.253928555504995,1.122566412190166,0.0034061635440264235,351.3846769414567,335.6565589804856,5.797018781528032,5.8
155.0,290.00000000000006,21.27153049324059,1.1333298106326888,0.0034387664537433916,351.4130422776348,335.6660140925449,5.799998978522119,5.8
155.0,295.0,21.289132430976192,1.1439564362332981,0.003470954028463816,351.44127084097096,335.67542361365696,5.802964805511587,5.8
155.0,300.0,21.306734368711787,1.1544497256637842,0.0035027367172854834,351.46936606813705,335.68478868937905,5.805916623569514,5.8
160.0,0.0,20.903863849884914,0.0,0.0,349.9120458236464,335.1656819412155,5.642297159222118,5.6
160.0,5.0,20.92146578762051,0.04056185289237851,0.00012327764165512376,349.9702096142744,335.1850698714248,5.648408123425283,5.6
160.0,10.0,20.939067725356104,0.07924106789395854,0.0002408193206975169,350.0264907670116,335.20383025567054,5.654321288746482,5.7
160.0,15.000000000000002,20.956669663091702,0.11620487526398286,0.0003531351644834896,350.0810565121172,335.2220188373724,5.660054225191296,5.7
160.0,20.0,20.9742716008273,0.15159915972895432,0.0004606701356117005,350.1340527343178,335.2396842447726,5.665622260102279,5.7
160.0,25.0,20.991873538562896,0.18555194609533962,0.0005638146791438648,350.1856074584198,335.2568691528066,5.671038844373871,5.7
160.0,30.000000000000004,21.00947547629849,0.21817620113332484,0.0006629132803450848,350.23583365119333,335.27361121706446,5.676315846831714,5.7
160.0,35.0,21.02707741403409,0.24957210662670173,0.0007582714064800886,350.2848314944223,335.2899438314741,5.681463793050003,5.7
160.0,40.0,21.044679351769684,0.2798289190282821,0.0008501611855423006,350.33269024455944,335.3058967481865,5.686492060735791,5.7
160.0,45.0,21.06228128950528,0.30902650278887844,0.0009388260880393777,350.37948976605566,335.32149658868525,5.691409040827724,5.7
160.0,50.0,21.079883227240874,0.3372366037561246,0.001024484814755565,350.42530180475853,335.33676726825286,5.6962222712854516,5.7
160.0,55.00000000000001,21.097485164976476,0.36452391379333504,0.0011073345468013572,350.47019105253133,335.3517303508438,5.700938548943522,5.7
160.0,60.00000000000001,21.11508710271207,0.3909469663968819,0.0011875536794988771,350.5142160428705,335.36640534762347,5.705564023609152,5.7
160.0,65.0,21.132689040447666,0.41655889451953976,0.0012653041354530824,350.5574299087287,335.3808099695762,5.710104277682849,5.7
160.0,70.0,21.15029097818326,0.4414080752840401,0.0013407333322217152,350.5998810272288,335.3949603424096,5.714564393894991,5.7
160.0,75.0,21.167892915918856,0.46553868126116543,0.0014139758646861647,350.64161357094156,335.40887119031385,5.71894901322572,5.7
160.0,80.0,21.185494853654454,0.4889911541062257,0.0014851549503672656,350.6826679815222,335.4225559938407,5.723262384667505,5.7
160.0,85.00000000000001,21.20309679139005,0.511802613318115,0.0015543836766726492,350.7230813784697,335.4360271261566,5.727508408171294,5.7
160.0,90.0,21.220698729125647,0.5340072105020212,0.0016217660817809455,350.7628879133892,335.44929597112974,5.731690671866949,5.7
160.0,95.0,21.238300666861242,0.5556364376290646,0.0016873980951006497,350.8021190782518,335.4623730260839,5.735812484450611,5.7
160.0,100.0,21.25590260459684,0.5767193962808003,0.0017513683586427415,350.84080397463913,335.4752679915464,5.739876903472731,5.7
160.0,105.0,21.273504542332436,0.5972830336585808,0.001813758946956273,350.8789695497525,335.48798984991754,5.743886760134304,5.7
160.0,110.00000000000001,21.29110648006803,0.6173523501627401,0.0018746460002978652,350.91664080399227,335.5005469346641,5.74784468109616,5.7
160.0,115.00000000000001,21.308708417803626,0.636950582555108,0.0019341002832887417,350.9538409741203,335.51294699137344,5.751753107722932,5.8
160.0,120.00000000000001,21.32631035553922,0.6560993660724632,0.0019921876793402584,350.99059169537315,335.5251972317911,5.755614313115372,5.8
160.0,125.0,21.343912293274823,0.6748188783287943,0.0020489696295111297,351.0269131453651,335.5373043817884,5.759430417229485,5.8
160.0,130.0,21.361514231010418,0.6931279674076186,0.002104503523126231,351.06282417217955,335.54927472405984,5.7632034003344845,5.8
160.0,135.0,21.379116168746013,0.7110442661841468,0.002158843046383104,351.0983424086917,335.5611141362306,5.766935115024028,5.8
160.0,140.0,21.396718106481607,0.7285842946164696,0.002212038494254442,351.1334843748596,335.5728281249532,5.770627296963391,5.8
160.0,145.00000000000003,21.414320044217206,0.7457635514939485,0.0022641370502284653,351.1682655694727,335.5844218564909,5.7742815745290255,5.8
160.0,150.0,21.4319219819528,0.7625965969205369,0.002315183037786606,351.2027005526349,335.59590018421164,5.7778994774746435,5.8
160.0,155.0,21.449523919688396,0.7790971266336753,0.0023652181469772803,351.2368030200836,335.6072676733612,5.781482444739481,5.8
160.0,160.0,21.467125857423994,0.7952780391097863,0.0024142816389878265,351.2705858702953,335.61852862343176,5.785031831498764,5.8
160.0,165.0,21.484727795159593,0.8111514962806357,0.0024624105312297064,351.3040612652017,335.62968708840054,5.788548915542829,5.8
160.0,170.00000000000003,21.502329732895188,0.8267289785769486,0.002509639765122831,351.33724068523367,335.6407468950779,5.792034903060297,5.8
160.0,175.0,21.519931670630783,0.8420213349237,0.002556002358484123,351.370134979316,335.651711659772,5.7954909338907425,5.8
160.0,180.0,21.537533608366378,0.8570388282327301,0.002601529544185043,351.4027544103606,335.6625848034535,5.798918086304454,5.8
160.0,185.0,21.555135546101972,0.8717911768707427,0.0026462508965365106,351.4351086967342,335.67336956557807,5.802317381359233,5.8
160.0,190.0,21.572737483837575,0.8862875925225709,0.0026901944466821196,351.46720705012166,335.68406901670727,5.805689786878451,5.8
160.0,195.00000000000003,21.59033942157317,0.9005368148193272,0.00273338678812715,351.499058210154,335.6946860700513,5.809036221089231,5.8
160.0,200.0,21.607941359308764,0.91454714305761,0.0027758531733983074,351.5306704761279,335.70522349204265,5.8123575559551774,5.8
160.0,205.00000000000003,21.62554329704436,0.9283264652981803,0.002817617602713905,351.5620517361041,335.7156839120347,5.81565462023339,5.8
160.0,210.0,21.643145234779958,0.9418822850997156,0.002858702905444099,351.5932094936412,335.72606983121375,5.818928202283407,5.8
160.0,215.0,21.660747172515553,0.9552217461146112,0.0028991308150534303,351.62415089239164,335.7363836307972,5.822179052651277,5.8
160.0,220.00000000000003,21.678349110251148,0.9683516547487961,0.002938922038141619,351.65488273876144,335.74662757958714,5.825407886450377,5.8
160.0,225.0,21.695951047986746,0.9812785010656083,0.002978096318131691,351.68541152281387,335.75680384093795,5.8286153855575815,5.8
160.0,230.00000000000003,21.713552985722345,0.9940084780945325,0.0030166724940958235,351.7157434375784,335.7669144791928,5.831802200641993,5.8
160.0,235.0,21.73115492345794,1.0065474996886927,0.0030546685551576754,351.74588439690814,335.7769614656361,5.834968953041132,5.8
160.0,240.00000000000003,21.748756861193534,1.018901217060056,0.003092101690864457,351.7758400520151,335.78694668400504,5.838116236498151,5.8
160.0,245.00000000000003,21.76635879892913,1.0310750341081436,0.003128988337881796,351.80561580679876,335.7968719355996,5.841244618772431,5.8
160.0,250.0,21.783960736664724,1.0430741216463757,0.0031653442233289066,351.8352168320726,335.8067389440242,5.844354643134187,5.8
160.0,255.00000000000003,21.80156267440032,1.0549034306198393,0.0032011844050400125,351.86464807878167,335.8165493595939,5.84744682975327,5.8
160.0,260.0,21.81916461213592,1.0665677043990962,0.003236523309010007,351.89391429029655,335.82630476343223,5.850521676990691,5.9
160.0,265.00000000000006,21.836766549871516,1.0780714902264725,0.003271374764257398,351.9230200138595,335.8360066712865,5.853579662601316,5.9
160.0,270.0,21.85436848760711,1.08941914988399,0.003305752035315391,351.95196961125265,335.84565653708427,5.8566212448547565,5.9
160.0,275.0,21.871970425342706,1.1006148696456173,0.003339667852542171,351.9807672687498,335.85525575624996,5.85964686358077,5.9
160.0,280.0,21.889572363078305,1.1116626695706915,0.0033731344404236883,352.0094170064105,335.8648056688035,5.862656941145943,5.9
160.0,285.0,21.9071743008139,1.122566412190166,0.0034061635440264235,352.03792268676557,335.8743075622552,5.86565188336611,5.9
160.0,290.00000000000006,21.924776238549494,1.1333298106326888,0.0034387664537433916,352.0662880229437,335.8837626743146,5.868632080360232,5.9
160.0,295.0,21.942378176285093,1.1439564362332981,0.003470954028463816,352.0945165862799,335.89317219542664,5.871597907349701,5.9
160.0,300.0,21.95998011402069,1.1544497256637842,0.0035027367172854834,352.122611813446,335.9025372711487,5.87454972540761,5.9
165.0,0.0,21.55710959519382,0.0,0.0,350.56529156895533,335.3834305229851,5.710930261060213,5.7
165.0,5.0,21.574711532929413,0.04056185289237851,0.00012327764165512376,350.6234553595833,335.40281845319447,5.717041225263396,5.7
165.0,10.0,21.592313470665008,0.07924106789395854,0.0002408193206975169,350.6797365123205,335.42157883744017,5.722954390584578,5.7
165.0,15.000000000000002,21.609915408400603,0.11620487526398286,0.0003531351644834896,350.73430225742607,335.439767419142,5.728687327029391,5.7
165.0,20.0,21.627517346136205,0.15159915972895432,0.0004606701356117005,350.78729847962666,335.45743282654223,5.734255361940375,5.7
165.0,25.0,21.6451192838718,0.18555194609533962,0.0005638146791438648,350.83885320372866,335.4746177345762,5.739671946211966,5.7
165.0,30.000000000000004,21.662721221607395,0.21817620113332484,0.0006629132803450848,350.8890793965022,335.4913597988341,5.744948948669809,5.7
165.0,35.0,21.680323159342993,0.24957210662670173,0.0007582714064800886,350.93807723973123,335.5076924132438,5.750096894888117,5.8
165.0,40.0,21.69792509707859,0.2798289190282821,0.0008501611855423006,350.9859359898684,335.52364532995614,5.755125162573886,5.8
165.0,45.0,21.715527034814183,0.30902650278887844,0.0009388260880393777,351.03273551136454,335.5392451704549,5.760042142665819,5.8
165.0,50.0,21.73312897254978,0.3372366037561246,0.001024484814755565,351.0785475500674,335.5545158500225,5.764855373123546,5.8
165.0,55.00000000000001,21.75073091028538,0.36452391379333504,0.0011073345468013572,351.1234367978402,335.56947893261344,5.769571650781617,5.8
165.0,60.00000000000001,21.768332848020975,0.3909469663968819,0.0011875536794988771,351.16746178817937,335.58415392939315,5.774197125447265,5.8
165.0,65.0,21.78593478575657,0.41655889451953976,0.0012653041354530824,351.21067565403763,335.5985585513459,5.778737379520962,5.8
165.0,70.0,21.803536723492165,0.4414080752840401,0.0013407333322217152,351.2531267725377,335.61270892417923,5.783197495733086,5.8
165.0,75.0,21.82113866122776,0.46553868126116543,0.0014139758646861647,351.29485931625044,335.62661977208353,5.787582115063834,5.8
165.0,80.0,21.838740598963355,0.4889911541062257,0.0014851549503672656,351.33591372683105,335.64030457561034,5.7918954865056,5.8
165.0,85.00000000000001,21.856342536698953,0.511802613318115,0.0015543836766726492,351.3763271237786,335.6537757079262,5.796141510009371,5.8
165.0,90.0,21.873944474434552,0.5340072105020212,0.0016217660817809455,351.4161336586981,335.66704455289937,5.800323773705044,5.8
165.0,95.0,21.891546412170147,0.5556364376290646,0.0016873980951006497,351.4553648235607,335.6801216078536,5.8044455862887245,5.8
165.0,100.0,21.909148349905742,0.5767193962808003,0.0017513683586427415,351.49404971994807,335.693016573316,5.8085100053108265,5.8
165.0,105.0,21.92675028764134,0.5972830336585808,0.001813758946956273,351.53221529506146,335.70573843168717,5.812519861972399,5.8
165.0,110.00000000000001,21.944352225376935,0.6173523501627401,0.0018746460002978652,351.56988654930115,335.7182955164337,5.816477782934255,5.8
165.0,115.00000000000001,21.96195416311253,0.636950582555108,0.0019341002832887417,351.60708671942916,335.73069557314307,5.820386209561026,5.8
165.0,120.00000000000001,21.979556100848125,0.6560993660724632,0.0019921876793402584,351.6438374406821,335.7429458135607,5.824247414953468,5.8
165.0,125.0,21.997158038583727,0.6748188783287943,0.0020489696295111297,351.680158890674,335.755052963558,5.828063519067579,5.8
165.0,130.0,22.014759976319322,0.6931279674076186,0.002104503523126231,351.7160699174885,335.7670233058295,5.831836502172598,5.8
165.0,135.0,22.032361914054917,0.7110442661841468,0.002158843046383104,351.75158815400056,335.7788627180002,5.835568216862122,5.8
165.0,140.0,22.049963851790512,0.7285842946164696,0.002212038494254442,351.7867301201685,335.79057670672285,5.8392603988014855,5.8
165.0,145.00000000000003,22.067565789526107,0.7457635514939485,0.0022641370502284653,351.82151131478156,335.80217043826053,5.842914676367121,5.8
165.0,150.0,22.085167727261705,0.7625965969205369,0.002315183037786606,351.8559462979438,335.81364876598127,5.846532579312739,5.8
165.0,155.0,22.1027696649973,0.7790971266336753,0.0023652181469772803,351.8900487653925,335.82501625513083,5.850115546577577,5.9
165.0,160.0,22.1203716027329,0.7952780391097863,0.0024142816389878265,351.92383161560423,335.83627720520144,5.853664933336877,5.9
165.0,165.0,22.137973540468494,0.8111514962806357,0.0024624105312297064,351.95730701051065,335.8474356701702,5.857182017380942,5.9
165.0,170.00000000000003,22.155575478204092,0.8267289785769486,0.002509639765122831,351.99048643054255,335.8584954768475,5.860668004898392,5.9
165.0,175.0,22.173177415939687,0.8420213349237,0.002556002358484123,352.0233807246249,335.8694602415416,5.864124035728837,5.9
165.0,180.0,22.190779353675282,0.8570388282327301,0.002601529544185043,352.0560001556695,335.8803333852232,5.867551188142567,5.9
165.0,185.0,22.208381291410877,0.8717911768707427,0.0026462508965365106,352.0883544420431,335.8911181473477,5.870950483197327,5.9
165.0,190.0,22.22598322914648,0.8862875925225709,0.0026901944466821196,352.1204527954306,335.90181759847684,5.874322888716528,5.9
165.0,195.00000000000003,22.243585166882074,0.9005368148193272,0.00273338678812715,352.1523039554629,335.912434651821,5.877669322927344,5.9
165.0,200.0,22.26118710461767,0.91454714305761,0.0027758531733983074,352.1839162214368,335.9229720738123,5.880990657793273,5.9
165.0,205.00000000000003,22.278789042353264,0.9283264652981803,0.002817617602713905,352.21529748141296,335.93343249380433,5.884287722071486,5.9
165.0,210.0,22.29639098008886,0.9418822850997156,0.002858702905444099,352.2464552389501,335.9438184129834,5.887561304121502,5.9
165.0,215.0,22.313992917824457,0.9552217461146112,0.0028991308150534303,352.2773966377006,335.9541322125669,5.8908121544893906,5.9
165.0,220.00000000000003,22.331594855560052,0.9683516547487961,0.002938922038141619,352.3081284840704,335.9643761613568,5.8940409882884905,5.9
165.0,225.0,22.34919679329565,0.9812785010656083,0.002978096318131691,352.3386572681228,335.97455242270763,5.897248487395694,5.9
165.0,230.00000000000003,22.366798731031245,0.9940084780945325,0.0030166724940958235,352.3689891828873,335.9846630609624,5.900435302480089,5.9
165.0,235.0,22.384400668766844,1.0065474996886927,0.0030546685551576754,352.399130142217,335.9947100474057,5.903602054879227,5.9
165.0,240.00000000000003,22.40200260650244,1.018901217060056,0.003092101690864457,352.429085797324,336.00469526577467,5.906749338336247,5.9
165.0,245.00000000000003,22.419604544238034,1.0310750341081436,0.003128988337881796,352.4588615521077,336.0146205173692,5.909877720610526,5.9
165.0,250.0,22.43720648197363,1.0430741216463757,0.0031653442233289066,352.48846257738154,336.02448752579386,5.9129877449723,5.9
165.0,255.00000000000003,22.454808419709224,1.0549034306198393,0.0032011844050400125,352.51789382409055,336.03429794136355,5.916079931591366,5.9
165.0,260.0,22.472410357444826,1.0665677043990962,0.003236523309010007,352.54716003560543,336.0440533452018,5.919154778828768,5.9
165.0,265.00000000000006,22.49001229518042,1.0780714902264725,0.003271374764257398,352.5762657591684,336.0537552530561,5.922212764439411,5.9
165.0,270.0,22.507614232916016,1.08941914988399,0.003305752035315391,352.60521535656153,336.06340511885384,5.925254346692833,5.9
165.0,275.0,22.52521617065161,1.1006148696456173,0.003339667852542171,352.6340130140587,336.0730043380196,5.928279965418866,5.9
165.0,280.0,22.542818108387205,1.1116626695706915,0.0033731344404236883,352.66266275171944,336.08255425057314,5.931290042984038,5.9
165.0,285.0,22.560420046122804,1.122566412190166,0.0034061635440264235,352.6911684320745,336.09205614402487,5.934284985204222,5.9
165.0,290.00000000000006,22.5780219838584,1.1333298106326888,0.0034387664537433916,352.7195337682526,336.1015112560842,5.9372651821983276,5.9
165.0,295.0,22.595623921593997,1.1439564362332981,0.003470954028463816,352.7477623315888,336.11092077719627,5.940231009187796,5.9
165.0,300.0,22.613225859329592,1.1544497256637842,0.0035027367172854834,352.77585755875486,336.1202858529183,5.943182827245704,5.9
170.00000000000003,0.0,22.210355340502723,0.0,0.0,351.2185373142642,335.60117910475475,5.779563362898308,5.8
170.00000000000003,5.0,22.227957278238318,0.04056185289237851,0.00012327764165512376,351.2767011048922,335.6205670349641,5.785674327101491,5.8
170.00000000000003,10.0,22.245559215973913,0.07924106789395854,0.0002408193206975169,351.3329822576294,335.6393274192098,5.791587492422673,5.8
170.00000000000003,15.000000000000002,22.263161153709508,0.11620487526398286,0.0003531351644834896,351.387548002735,335.6575160009117,5.797320428867504,5.8
170.00000000000003,20.0,22.28076309144511,0.15159915972895432,0.0004606701356117005,351.4405442249356,335.67518140831186,5.80288846377847,5.8
170.00000000000003,25.0,22.298365029180705,0.18555194609533962,0.0005638146791438648,351.4920989490376,335.6923663163459,5.808305048050079,5.8
170.00000000000003,30.000000000000004,22.3159669669163,0.21817620113332484,0.0006629132803450848,351.5423251418111,335.7091083806037,5.813582050507905,5.8
170.00000000000003,35.0,22.333568904651894,0.24957210662670173,0.0007582714064800886,351.5913229850401,335.72544099501334,5.818729996726193,5.8
170.00000000000003,40.0,22.351170842387493,0.2798289190282821,0.0008501611855423006,351.63918173517726,335.74139391172577,5.823758264411982,5.8
170.00000000000003,45.0,22.368772780123088,0.30902650278887844,0.0009388260880393777,351.6859812566735,335.7569937522245,5.8286752445039145,5.8
170.00000000000003,50.0,22.386374717858683,0.3372366037561246,0.001024484814755565,351.73179329537635,335.7722644317921,5.833488474961642,5.8
170.00000000000003,55.00000000000001,22.40397665559428,0.36452391379333504,0.0011073345468013572,351.77668254314915,335.78722751438306,5.8382047526197125,5.8
170.00000000000003,60.00000000000001,22.42157859332988,0.3909469663968819,0.0011875536794988771,351.82070753348825,335.8019025111628,5.84283022728536,5.8
170.00000000000003,65.0,22.439180531065475,0.41655889451953976,0.0012653041354530824,351.8639213993465,335.8163071331155,5.847370481359057,5.8
170.00000000000003,70.0,22.45678246880107,0.4414080752840401,0.0013407333322217152,351.9063725178466,335.8304575059489,5.851830597571199,5.9
170.00000000000003,75.0,22.474384406536664,0.46553868126116543,0.0014139758646861647,351.9481050615594,335.8443683538531,5.856215216901911,5.9
170.00000000000003,80.0,22.49198634427226,0.4889911541062257,0.0014851549503672656,351.98915947214,335.85805315738,5.860528588343713,5.9
170.00000000000003,85.00000000000001,22.509588282007854,0.511802613318115,0.0015543836766726492,352.02957286908753,335.87152428969586,5.864774611847484,5.9
170.00000000000003,90.0,22.527190219743456,0.5340072105020212,0.0016217660817809455,352.06937940400695,335.884793134669,5.868956875543139,5.9
170.00000000000003,95.0,22.54479215747905,0.5556364376290646,0.0016873980951006497,352.1086105688696,335.89787018962323,5.873078688126819,5.9
170.00000000000003,100.0,22.562394095214646,0.5767193962808003,0.0017513683586427415,352.14729546525695,335.9107651550857,5.877143107148939,5.9
170.00000000000003,105.0,22.57999603295024,0.5972830336585808,0.001813758946956273,352.18546104037034,335.9234870134568,5.881152963810495,5.9
170.00000000000003,110.00000000000001,22.59759797068584,0.6173523501627401,0.0018746460002978652,352.2231322946101,335.93604409820335,5.88511088477235,5.9
170.00000000000003,115.00000000000001,22.615199908421435,0.636950582555108,0.0019341002832887417,352.2603324647381,335.9484441549127,5.889019311399122,5.9
170.00000000000003,120.00000000000001,22.63280184615703,0.6560993660724632,0.0019921876793402584,352.29708318599097,335.96069439533034,5.892880516791562,5.9
170.00000000000003,125.0,22.650403783892628,0.6748188783287943,0.0020489696295111297,352.3334046359829,335.9728015453276,5.896696620905675,5.9
170.00000000000003,130.0,22.668005721628226,0.6931279674076186,0.002104503523126231,352.36931566279736,335.98477188759915,5.900469604010693,5.9
170.00000000000003,135.0,22.68560765936382,0.7110442661841468,0.002158843046383104,352.4048338993095,335.9966112997699,5.904201318700236,5.9
170.00000000000003,140.0,22.703209597099416,0.7285842946164696,0.002212038494254442,352.43997586547744,336.0083252884925,5.907893500639581,5.9
170.00000000000003,145.00000000000003,22.72081153483501,0.7457635514939485,0.0022641370502284653,352.4747570600905,336.01991902003016,5.911547778205216,5.9
170.00000000000003,150.0,22.738413472570606,0.7625965969205369,0.002315183037786606,352.50919204325265,336.0313973477509,5.9151656811508335,5.9
170.00000000000003,155.0,22.756015410306205,0.7790971266336753,0.0023652181469772803,352.5432945107014,336.04276483690046,5.918748648415672,5.9
170.00000000000003,160.0,22.773617348041803,0.7952780391097863,0.0024142816389878265,352.5770773609131,336.05402578697107,5.922298035174973,5.9
170.00000000000003,165.0,22.791219285777398,0.8111514962806357,0.0024624105312297064,352.6105527558195,336.06518425193985,5.925815119219037,5.9
170.00000000000003,170.00000000000003,22.808821223512993,0.8267289785769486,0.002509639765122831,352.6437321758515,336.0762440586172,5.929301106736506,5.9
170.00000000000003,175.0,22.82642316124859,0.8420213349237,0.002556002358484123,352.6766264699338,336.0872088233113,5.93275713756695,5.9
170.00000000000003,180.0,22.844025098984186,0.8570388282327301,0.002601529544185043,352.7092459009784,336.0980819669928,5.9361842899806625,5.9
170.00000000000003,185.0,22.86162703671978,0.8717911768707427,0.0026462508965365106,352.741600187352,336.1088667291173,5.939583585035423,5.9
170.00000000000003,190.0,22.87922897445538,0.8862875925225709,0.0026901944466821196,352.7736985407395,336.1195661802465,5.942955990554641,5.9
170.00000000000003,195.00000000000003,22.89683091219098,0.9005368148193272,0.00273338678812715,352.8055497007718,336.13018323359057,5.946302424765421,5.9
170.00000000000003,200.0,22.914432849926573,0.91454714305761,0.0027758531733983074,352.8371619667457,336.1407206555819,5.949623759631368,5.9
170.00000000000003,205.00000000000003,22.932034787662168,0.9283264652981803,0.002817617602713905,352.8685432267219,336.15118107557396,5.95292082390958,6.0
170.00000000000003,210.0,22.949636725397763,0.9418822850997156,0.002858702905444099,352.89970098425897,336.161566994753,5.956194405959597,6.0
170.00000000000003,215.0,22.967238663133358,0.9552217461146112,0.0028991308150534303,352.93064238300946,336.17188079433646,5.959445256327467,6.0
170.00000000000003,220.00000000000003,22.984840600868957,0.9683516547487961,0.002938922038141619,352.96137422937926,336.18212474312645,5.962674090126585,6.0
170.00000000000003,225.0,23.002442538604555,0.9812785010656083,0.002978096318131691,352.9919030134317,336.19230100447726,5.965881589233789,6.0
170.00000000000003,230.00000000000003,23.02004447634015,0.9940084780945325,0.0030166724940958235,353.0222349281962,336.2024116427321,5.969068404318202,6.0
170.00000000000003,235.0,23.037646414075745,1.0065474996886927,0.0030546685551576754,353.05237588752595,336.21245862917533,5.972235156717322,6.0
170.00000000000003,240.00000000000003,23.055248351811343,1.018901217060056,0.003092101690864457,353.0823315426329,336.2224438475443,5.975382440174341,6.0
170.00000000000003,245.00000000000003,23.07285028954694,1.0310750341081436,0.003128988337881796,353.11210729741657,336.23236909913885,5.978510822448621,6.0
170.00000000000003,250.0,23.090452227282533,1.0430741216463757,0.0031653442233289066,353.1417083226904,336.2422361075635,5.9816208468103955,6.0
170.00000000000003,255.00000000000003,23.108054165018128,1.0549034306198393,0.0032011844050400125,353.1711395693995,336.2520465231332,5.98471303342946,6.0
170.00000000000003,260.0,23.12565610275373,1.0665677043990962,0.003236523309010007,353.20040578091437,336.2618019269715,5.987787880666882,6.0
170.00000000000003,265.00000000000006,23.143258040489325,1.0780714902264725,0.003271374764257398,353.22951150447733,336.2715038348258,5.990845866277525,6.0
170.00000000000003,270.0,23.16085997822492,1.08941914988399,0.003305752035315391,353.2584611018704,336.28115370062346,5.993887448530929,6.0
170.00000000000003,275.0,23.178461915960515,1.1006148696456173,0.003339667852542171,353.2872587593676,336.2907529197892,5.996913067256961,6.0
170.00000000000003,280.0,23.19606385369611,1.1116626695706915,0.0033731344404236883,353.3159084970283,336.30030283234277,5.999923144822134,6.0
170.00000000000003,285.0,23.213665791431705,1.122566412190166,0.0034061635440264235,353.3444141773834,336.3098047257945,6.0029180870423176,6.0
170.00000000000003,290.00000000000006,23.231267729167303,1.1333298106326888,0.0034387664537433916,353.3727795135615,336.31925983785385,6.005898284036422,6.0
170.00000000000003,295.0,23.248869666902902,1.1439564362332981,0.003470954028463816,353.4010080768977,336.3286693589659,6.008864111025891,6.0
170.00000000000003,300.0,23.266471604638497,1.1544497256637842,0.0035027367172854834,353.4291033040638,336.3380344346879,6.0118159290838,6.0
175.0,0.0,22.86360108581162,0.0,0.0,351.87178305957315,335.8189276865244,5.848196464736404,5.8
175.0,5.0,22.88120302354722,0.04056185289237851,0.00012327764165512376,351.92994685020113,335.8383156167337,5.854307428939586,5.9
175.0,10.0,22.898804961282814,0.07924106789395854,0.0002408193206975169,351.9862280029383,335.8570760009795,5.8602205942607855,5.9
175.0,15.000000000000002,22.91640689901841,0.11620487526398286,0.0003531351644834896,352.0407937480439,335.87526458268127,5.865953530705582,5.9
175.0,20.0,22.934008836754007,0.15159915972895432,0.0004606701356117005,352.0937899702445,335.8929299900815,5.871521565616566,5.9
175.0,25.0,22.951610774489605,0.18555194609533962,0.0005638146791438648,352.1453446943465,335.9101148981155,5.876938149888174,5.9
175.0,30.000000000000004,22.9692127122252,0.21817620113332484,0.0006629132803450848,352.19557088712,335.9268569623734,5.882215152346018,5.9
175.0,35.0,22.986814649960795,0.24957210662670173,0.0007582714064800886,352.24456873034904,335.943189576783,5.887363098564307,5.9
175.0,40.0,23.00441658769639,0.2798289190282821,0.0008501611855423006,352.29242748048614,335.9591424934954,5.892391366250076,5.9
175.0,45.0,23.022018525431985,0.30902650278887844,0.0009388260880393777,352.33922700198235,335.97474233399413,5.89730834634201,5.9
175.0,50.0,23.03962046316758,0.3372366037561246,0.001024484814755565,352.38503904068523,335.99001301356174,5.902121576799737,5.9
175.0,55.00000000000001,23.057222400903182,0.36452391379333504,0.0011073345468013572,352.42992828845803,336.0049760961527,5.906837854457807,5.9
175.0,60.00000000000001,23.074824338638777,0.3909469663968819,0.0011875536794988771,352.4739532787972,336.0196510929324,5.911463329123455,5.9
175.0,65.0,23.092426276374372,0.41655889451953976,0.0012653041354530824,352.51716714465545,336.03405571488514,5.916003583197153,5.9
175.0,70.0,23.110028214109967,0.4414080752840401,0.0013407333322217152,352.55961826315547,336.0482060877185,5.920463699409276,5.9
175.0,75.0,23.127630151845565,0.46553868126116543,0.0014139758646861647,352.60135080686825,336.0621169356228,5.9248483187400245,5.9
175.0,80.0,23.14523208958116,0.4889911541062257,0.0014851549503672656,352.64240521744887,336.07580173914965,5.929161690181808,5.9
175.0,85.00000000000001,23.162834027316755,0.511802613318115,0.0015543836766726492,352.6828186143964,336.0892728714655,5.93340771368558,5.9
175.0,90.0,23.180435965052354,0.5340072105020212,0.0016217660817809455,352.7226251493159,336.1025417164387,5.937589977381252,5.9
175.0,95.0,23.198037902787952,0.5556364376290646,0.0016873980951006497,352.76185631417854,336.11561877139286,5.941711789964915,5.9
175.0,100.0,23.215639840523547,0.5767193962808003,0.0017513683586427415,352.8005412105658,336.12851373685527,5.9457762089870165,5.9
175.0,105.0,23.233241778259142,0.5972830336585808,0.001813758946956273,352.8387067856792,336.1412355952264,5.949786065648589,5.9
175.0,110.00000000000001,23.250843715994737,0.6173523501627401,0.0018746460002978652,352.87637803991896,336.15379267997304,5.953743986610463,6.0
175.0,115.00000000000001,23.268445653730332,0.636950582555108,0.0019341002832887417,352.913578210047,336.1661927366824,5.957652413237235,6.0
175.0,120.00000000000001,23.28604759146593,0.6560993660724632,0.0019921876793402584,352.9503289312999,336.1784429771,5.9615136186296755,6.0
175.0,125.0,23.30364952920153,0.6748188783287943,0.0020489696295111297,352.98665038129184,336.1905501270973,5.965329722743788,6.0
175.0,130.0,23.321251466937124,0.6931279674076186,0.002104503523126231,353.02256140810624,336.2025204693687,5.96910270584877,6.0
175.0,135.0,23.33885340467272,0.7110442661841468,0.002158843046383104,353.0580796446184,336.21435988153945,5.972834420538313,6.0
175.0,140.0,23.356455342408317,0.7285842946164696,0.002212038494254442,353.0932216107863,336.2260738702621,5.976526602477676,6.0
175.0,145.00000000000003,23.374057280143912,0.7457635514939485,0.0022641370502284653,353.1280028053994,336.2376676017998,5.980180880043311,6.0
175.0,150.0,23.391659217879507,0.7625965969205369,0.002315183037786606,353.1624377885616,336.2491459295206,5.983798782988947,6.0
175.0,155.0,23.409261155615102,0.7790971266336753,0.0023652181469772803,353.19654025601034,336.26051341867014,5.9873817502537845,6.0
175.0,160.0,23.426863093350704,0.7952780391097863,0.0024142816389878265,353.23032310622204,336.2717743687407,5.990931137013068,6.0
175.0,165.0,23.4444650310863,0.8111514962806357,0.0024624105312297064,353.2637985011284,336.2829328337095,5.994448221057132,6.0
175.0,170.00000000000003,23.462066968821894,0.8267289785769486,0.002509639765122831,353.29697792116036,336.29399264038676,5.997934208574582,6.0
175.0,175.0,23.47966890655749,0.8420213349237,0.002556002358484123,353.3298722152427,336.30495740508087,6.001390239405028,6.0
175.0,180.0,23.497270844293084,0.8570388282327301,0.002601529544185043,353.3624916462873,336.31583054876245,6.004817391818758,6.0
175.0,185.0,23.514872782028682,0.8717911768707427,0.0026462508965365106,353.3948459326609,336.326615310887,6.008216686873536,6.0
175.0,190.0,23.532474719764277,0.8862875925225709,0.0026901944466821196,353.42694428604835,336.33731476201615,6.011589092392737,6.0
175.0,195.00000000000003,23.550076657499876,0.9005368148193272,0.00273338678812715,353.45879544608067,336.34793181536025,6.0149355266035345,6.0
175.0,200.0,23.56767859523547,0.91454714305761,0.0027758531733983074,353.4904077120546,336.3584692373515,6.018256861469463,6.0
175.0,205.00000000000003,23.58528053297107,0.9283264652981803,0.002817617602713905,353.5217889720308,336.3689296573436,6.021553925747676,6.0
175.0,210.0,23.602882470706664,0.9418822850997156,0.002858702905444099,353.5529467295679,336.37931557652263,6.024827507797692,6.0
175.0,215.0,23.62048440844226,0.9552217461146112,0.0028991308150534303,353.5838881283184,336.38962937610614,6.028078358165581,6.0
175.0,220.00000000000003,23.638086346177854,0.9683516547487961,0.002938922038141619,353.61461997468814,336.3998733248961,6.031307191964681,6.0
175.0,225.0,23.65568828391345,0.9812785010656083,0.002978096318131691,353.64514875874056,336.4100495862469,6.034514691071885,6.0
175.0,230.00000000000003,23.67329022164905,0.9940084780945325,0.0030166724940958235,353.6754806735051,336.42016022450167,6.037701506156279,6.0
175.0,235.0,23.690892159384646,1.0065474996886927,0.0030546685551576754,353.70562163283483,336.43020721094496,6.040868258555418,6.0
175.0,240.00000000000003,23.70849409712024,1.018901217060056,0.003092101690864457,353.7355772879418,336.440192429314,6.044015542012454,6.0
175.0,245.00000000000003,23.726096034855836,1.0310750341081436,0.003128988337881796,353.7653530427255,336.45011768090853,6.047143924286734,6.0
175.0,250.0,23.74369797259143,1.0430741216463757,0.0031653442233289066,353.7949540679993,336.4599846893331,6.050253948648491,6.1
175.0,255.00000000000003,23.76129991032703,1.0549034306198393,0.0032011844050400125,353.82438531470837,336.4697951049028,6.053346135267556,6.1
175.0,260.0,23.778901848062628,1.0665677043990962,0.003236523309010007,353.85365152622325,336.4795505087411,6.056420982504977,6.1
175.0,265.00000000000006,23.796503785798222,1.0780714902264725,0.003271374764257398,353.8827572497862,336.48925241659543,6.05947896811562,6.1
175.0,270.0,23.814105723533817,1.08941914988399,0.003305752035315391,353.91170684717935,336.49890228239315,6.062520550369042,6.1
175.0,275.0,23.831707661269416,1.1006148696456173,0.003339667852542171,353.94050450467654,336.50850150155884,6.065546169095056,6.1
175.0,280.0,23.84930959900501,1.1116626695706915,0.0033731344404236883,353.96915424233725,336.51805141411245,6.068556246660246,6.1
175.0,285.0,23.866911536740606,1.122566412190166,0.0034061635440264235,353.99765992269226,336.5275533075641,6.071551188880413,6.1
175.0,290.00000000000006,23.8845134744762,1.1333298106326888,0.0034387664537433916,354.0260252588704,336.5370084196235,6.074531385874518,6.1
175.0,295.0,23.902115412211803,1.1439564362332981,0.003470954028463816,354.0542538222066,336.5464179407356,6.077497212864004,6.1
175.0,300.0,23.919717349947398,1.1544497256637842,0.0035027367172854834,354.0823490493727,336.55578301645755,6.080449030921895,6.1
180.0,0.0,23.516846831120525,0.0,0.0,352.525028804882,336.036676268294,5.916829566574498,5.9
180.0,5.0,23.53444876885612,0.04056185289237851,0.00012327764165512376,352.58319259551,336.05606419850335,5.922940530777682,5.9
180.0,10.0,23.552050706591718,0.07924106789395854,0.0002408193206975169,352.6394737482472,336.07482458274905,5.928853696098863,5.9
180.0,15.000000000000002,23.569652644327313,0.11620487526398286,0.0003531351644834896,352.6940394933528,336.09301316445095,5.934586632543694,5.9
180.0,20.0,23.58725458206291,0.15159915972895432,0.0004606701356117005,352.7470357155534,336.11067857185117,5.940154667454678,5.9
180.0,25.0,23.604856519798506,0.18555194609533962,0.0005638146791438648,352.79859043965536,336.1278634798851,5.945571251726252,5.9
180.0,30.000000000000004,23.622458457534105,0.21817620113332484,0.0006629132803450848,352.8488166324289,336.14460554414296,5.950848254184095,6.0
180.0,35.0,23.6400603952697,0.24957210662670173,0.0007582714064800886,352.8978144756579,336.16093815855265,5.955996200402402,6.0
180.0,40.0,23.657662333005295,0.2798289190282821,0.0008501611855423006,352.9456732257951,336.176891075265,5.961024468088172,6.0
180.0,45.0,23.67526427074089,0.30902650278887844,0.0009388260880393777,352.9924727472913,336.19249091576376,5.9659414481801045,6.0
180.0,50.0,23.692866208476485,0.3372366037561246,0.001024484814755565,353.0382847859941,336.2077615953314,5.97075467863785,6.0
180.0,55.00000000000001,23.710468146212087,0.36452391379333504,0.0011073345468013572,353.0831740337669,336.2227246779223,5.9754709562959025,6.0
180.0,60.00000000000001,23.72807008394768,0.3909469663968819,0.0011875536794988771,353.12719902410606,336.23739967470203,5.9800964309615505,6.0
180.0,65.0,23.745672021683276,0.41655889451953976,0.0012653041354530824,353.1704128899643,336.2518042966548,5.984636685035265,6.0
180.0,70.0,23.76327395941887,0.4414080752840401,0.0013407333322217152,353.2128640084644,336.26595466948817,5.989096801247389,6.0
180.0,75.0,23.780875897154466,0.46553868126116543,0.0014139758646861647,353.2545965521772,336.2798655173924,5.993481420578119,6.0
180.0,80.0,23.798477834890065,0.4889911541062257,0.0014851549503672656,353.2956509627578,336.2935503209193,5.997794792019904,6.0
180.0,85.00000000000001,23.81607977262566,0.511802613318115,0.0015543836766726492,353.3360643597053,336.3070214532351,6.002040815523674,6.0
180.0,90.0,23.833681710361258,0.5340072105020212,0.0016217660817809455,353.37587089462477,336.32029029820825,6.006223079219329,6.0
180.0,95.0,23.851283648096853,0.5556364376290646,0.0016873980951006497,353.4151020594874,336.3333673531625,6.01034489180301,6.0
180.0,100.0,23.86888558583245,0.5767193962808003,0.0017513683586427415,353.45378695587476,336.34626231862495,6.01440931082513,6.0
180.0,105.0,23.886487523568046,0.5972830336585808,0.001813758946956273,353.49195253098816,336.35898417699605,6.018419167486685,6.0
180.0,110.00000000000001,23.90408946130364,0.6173523501627401,0.0018746460002978652,353.52962378522784,336.3715412617426,6.022377088448541,6.0
180.0,115.00000000000001,23.921691399039236,0.636950582555108,0.0019341002832887417,353.56682395535586,336.38394131845195,6.026285515075312,6.0
180.0,120.00000000000001,23.93929333677483,0.6560993660724632,0.0019921876793402584,353.6035746766088,336.3961915588696,6.030146720467753,6.0
180.0,125.0,23.956895274510433,0.6748188783287943,0.0020489696295111297,353.6398961266007,336.4082987088669,6.033962824581866,6.0
180.0,130.0,23.97449721224603,0.6931279674076186,0.002104503523126231,353.6758071534152,336.4202690511384,6.037735807686883,6.0
180.0,135.0,23.992099149981623,0.7110442661841468,0.002158843046383104,353.7113253899273,336.43210846330913,6.0414675223764265,6.0
180.0,140.0,24.009701087717218,0.7285842946164696,0.002212038494254442,353.74646735609525,336.4438224520318,6.04515970431579,6.0
180.0,145.00000000000003,24.027303025452817,0.7457635514939485,0.0022641370502284653,353.78124855070826,336.4554161835694,6.048813981881406,6.0
180.0,150.0,24.04490496318841,0.7625965969205369,0.002315183037786606,353.81568353387047,336.46689451129015,6.052431884827024,6.1
180.0,155.0,24.062506900924006,0.7790971266336753,0.0023652181469772803,353.8497860013192,336.47826200043977,6.05601485209188,6.1
180.0,160.0,24.080108838659605,0.7952780391097863,0.0024142816389878265,353.8835688515309,336.4895229505103,6.059564238851163,6.1
180.0,165.0,24.097710776395203,0.8111514962806357,0.0024624105312297064,353.91704424643734,336.50068141547916,6.063081322895245,6.1
180.0,170.00000000000003,24.1153127141308,0.8267289785769486,0.002509639765122831,353.9502236664693,336.51174122215645,6.066567310412696,6.1
180.0,175.0,24.132914651866393,0.8420213349237,0.002556002358484123,353.98311796055157,336.52270598685055,6.07002334124314,6.1
180.0,180.0,24.150516589601988,0.8570388282327301,0.002601529544185043,354.0157373915962,336.5335791305321,6.0734504936568525,6.1
180.0,185.0,24.168118527337583,0.8717911768707427,0.0026462508965365106,354.0480916779698,336.5443638926566,6.076849788711613,6.1
180.0,190.0,24.18572046507318,0.8862875925225709,0.0026901944466821196,354.0801900313573,336.5550633437858,6.080222194230832,6.1
180.0,195.00000000000003,24.20332240280878,0.9005368148193272,0.00273338678812715,354.1120411913896,336.5656803971299,6.083568628441629,6.1
180.0,200.0,24.220924340544375,0.91454714305761,0.0027758531733983074,354.14365345736354,336.5762178191212,6.086889963307576,6.1
180.0,205.00000000000003,24.23852627827997,0.9283264652981803,0.002817617602713905,354.17503471733966,336.58667823911327,6.090187027585789,6.1
180.0,210.0,24.25612821601557,0.9418822850997156,0.002858702905444099,354.2061924748768,336.5970641582923,6.093460609635805,6.1
180.0,215.0,24.273730153751163,0.9552217461146112,0.0028991308150534303,354.2371338736273,336.60737795787577,6.096711460003676,6.1
180.0,220.00000000000003,24.29133209148676,0.9683516547487961,0.002938922038141619,354.2678657199971,336.6176219066657,6.099940293802776,6.1
180.0,225.0,24.308934029222353,0.9812785010656083,0.002978096318131691,354.2983945040495,336.6277981680165,6.103147792909979,6.1
180.0,230.00000000000003,24.326535966957955,0.9940084780945325,0.0030166724940958235,354.328726418814,336.63790880627135,6.106334607994392,6.1
180.0,235.0,24.34413790469355,1.0065474996886927,0.0030546685551576754,354.3588673781437,336.6479557927146,6.109501360393512,6.1
180.0,240.00000000000003,24.361739842429145,1.018901217060056,0.003092101690864457,354.3888230332507,336.65794101108355,6.112648643850532,6.1
180.0,245.00000000000003,24.37934178016474,1.0310750341081436,0.003128988337881796,354.4185987880344,336.66786626267816,6.11577702612483,6.1
180.0,250.0,24.396943717900335,1.0430741216463757,0.0031653442233289066,354.44819981330824,336.6777332711028,6.118887050486603,6.1
180.0,255.00000000000003,24.41454565563593,1.0549034306198393,0.0032011844050400125,354.4776310600173,336.6875436866724,6.121979237105651,6.1
180.0,260.0,24.432147593371532,1.0665677043990962,0.003236523309010007,354.5068972715322,336.69729909051074,6.125054084343072,6.1
180.0,265.00000000000006,24.449749531107127,1.0780714902264725,0.003271374764257398,354.5360029950951,336.707000998365,6.128112069953697,6.1
180.0,270.0,24.467351468842722,1.08941914988399,0.003305752035315391,354.5649525924882,336.7166508641628,6.131153652207137,6.1
180.0,275.0,24.48495340657832,1.1006148696456173,0.003339667852542171,354.5937502499854,336.72625008332847,6.134179270933151,6.1
180.0,280.0,24.502555344313915,1.1116626695706915,0.0033731344404236883,354.62239998764613,336.735799995882,6.137189348498324,6.1
180.0,285.0,24.52015728204951,1.122566412190166,0.0034061635440264235,354.6509056680012,336.74530188933375,6.140184290718508,6.1
180.0,290.00000000000006,24.537759219785105,1.1333298106326888,0.0034387664537433916,354.6792710041793,336.7547570013931,6.143164487712613,6.1
180.0,295.0,24.555361157520707,1.1439564362332981,0.003470954028463816,354.7074995675155,336.76416652250515,6.146130314702082,6.1
180.0,300.0,24.572963095256302,1.1544497256637842,0.0035027367172854834,354.73559479468156,336.7735315982272,6.14908213275999,6.1
185.0,0.0,24.17009257642943,0.0,0.0,353.17827455019096,336.2544248500637,5.9854626684126115,6.0
185.0,5.0,24.187694514165024,0.04056185289237851,0.00012327764165512376,353.2364383408189,336.273812780273,5.991573632615777,6.0
185.0,10.0,24.20529645190062,0.07924106789395854,0.0002408193206975169,353.2927194935561,336.2925731645187,5.997486797936976,6.0
185.0,15.000000000000002,24.222898389636217,0.11620487526398286,0.0003531351644834896,353.3472852386617,336.3107617462206,6.00321973438179,6.0
185.0,20.0,24.240500327371816,0.15159915972895432,0.0004606701356117005,353.4002814608623,336.3284271536208,6.008787769292773,6.0
185.0,25.0,24.25810226510741,0.18555194609533962,0.0005638146791438648,353.4518361849643,336.3456120616548,6.014204353564365,6.0
185.0,30.000000000000004,24.275704202843006,0.21817620113332484,0.0006629132803450848,353.50206237773784,336.36235412591265,6.019481356022208,6.0
185.0,35.0,24.293306140578604,0.24957210662670173,0.0007582714064800886,353.5510602209668,336.3786867403223,6.0246293022404975,6.0
185.0,40.0,24.3109080783142,0.2798289190282821,0.0008501611855423006,353.59891897110396,336.3946396570347,6.029657569926285,6.0
185.0,45.0,24.328510016049794,0.30902650278887844,0.0009388260880393777,353.64571849260017,336.4102394975334,6.0345745500182,6.0
185.0,50.0,24.34611195378539,0.3372366037561246,0.001024484814755565,353.69153053130304,336.425510177101,6.039387780475927,6.0
185.0,55.00000000000001,24.36371389152099,0.36452391379333504,0.0011073345468013572,353.73641977907585,336.44047325969194,6.044104058133998,6.0
185.0,60.00000000000001,24.381315829256586,0.3909469663968819,0.0011875536794988771,353.780444769415,336.45514825647166,6.048729532799645,6.0
185.0,65.0,24.39891776699218,0.41655889451953976,0.0012653041354530824,353.8236586352732,336.4695528784244,6.053269786873343,6.1
185.0,70.0,24.416519704727776,0.4414080752840401,0.0013407333322217152,353.8661097537733,336.4837032512578,6.057729903085485,6.1
185.0,75.0,24.43412164246337,0.46553868126116543,0.0014139758646861647,353.90784229748607,336.49761409916204,6.0621145224162145,6.1
185.0,80.0,24.451723580198966,0.4889911541062257,0.0014851549503672656,353.9488967080667,336.5112989026889,6.066427893857998,6.1
185.0,85.00000000000001,24.469325517934564,0.511802613318115,0.0015543836766726492,353.9893101050142,336.5247700350048,6.070673917361788,6.1
185.0,90.0,24.486927455670163,0.5340072105020212,0.0016217660817809455,354.0291166399337,336.53803887997793,6.074856181057442,6.1
185.0,95.0,24.504529393405758,0.5556364376290646,0.0016873980951006497,354.0683478047963,336.5511159349321,6.078977993641105,6.1
185.0,100.0,24.522131331141356,0.5767193962808003,0.0017513683586427415,354.10703270118364,336.5640109003946,6.083042412663224,6.1
185.0,105.0,24.53973326887695,0.5972830336585808,0.001813758946956273,354.14519827629704,336.5767327587657,6.08705226932478,6.1
185.0,110.00000000000001,24.557335206612546,0.6173523501627401,0.0018746460002978652,354.1828695305368,336.5892898435123,6.091010190286653,6.1
185.0,115.00000000000001,24.57493714434814,0.636950582555108,0.0019341002832887417,354.2200697006648,336.60168990022163,6.094918616913425,6.1
185.0,120.00000000000001,24.592539082083736,0.6560993660724632,0.0019921876793402584,354.2568204219177,336.6139401406393,6.0987798223058665,6.1
185.0,125.0,24.610141019819338,0.6748188783287943,0.0020489696295111297,354.2931418719096,336.62604729063656,6.102595926419978,6.1
185.0,130.0,24.627742957554933,0.6931279674076186,0.002104503523126231,354.32905289872406,336.63801763290803,6.106368909524979,6.1
185.0,135.0,24.645344895290528,0.7110442661841468,0.002158843046383104,354.3645711352362,336.64985704507876,6.110100624214521,6.1
185.0,140.0,24.662946833026123,0.7285842946164696,0.002212038494254442,354.39971310140413,336.6615710338014,6.113792806153884,6.1
185.0,145.00000000000003,24.680548770761717,0.7457635514939485,0.0022641370502284653,354.4344942960172,336.6731647653391,6.11744708371952,6.1
185.0,150.0,24.698150708497316,0.7625965969205369,0.002315183037786606,354.4689292791794,336.68464309305983,6.121064986665138,6.1
185.0,155.0,24.71575264623291,0.7790971266336753,0.0023652181469772803,354.5030317466281,336.69601058220934,6.124647953929958,6.1
185.0,160.0,24.73335458396851,0.7952780391097863,0.0024142816389878265,354.5368145968398,336.70727153227995,6.128197340689258,6.1
185.0,165.0,24.750956521704104,0.8111514962806357,0.0024624105312297064,354.5702899917462,336.71842999724873,6.131714424733323,6.1
185.0,170.00000000000003,24.768558459439703,0.8267289785769486,0.002509639765122831,354.6034694117782,336.72948980392607,6.135200412250791,6.1
185.0,175.0,24.786160397175298,0.8420213349237,0.002556002358484123,354.6363637058605,336.7404545686202,6.138656443081236,6.1
185.0,180.0,24.803762334910893,0.8570388282327301,0.002601529544185043,354.6689831369051,336.7513277123017,6.142083595494948,6.1
185.0,185.0,24.821364272646488,0.8717911768707427,0.0026462508965365106,354.7013374232787,336.76211247442626,6.145482890549726,6.1
185.0,190.0,24.838966210382083,0.8862875925225709,0.0026901944466821196,354.73343577666617,336.7728119255554,6.148855296068927,6.1
185.0,195.00000000000003,24.856568148117685,0.9005368148193272,0.00273338678812715,354.7652869366985,336.7834289788995,6.1522017302797245,6.2
185.0,200.0,24.87417008585328,0.91454714305761,0.0027758531733983074,354.7968992026724,336.79396640089084,6.155523065145672,6.2
185.0,205.00000000000003,24.891772023588874,0.9283264652981803,0.002817617602713905,354.8282804626486,336.80442682088284,6.158820129423867,6.2
185.0,210.0,24.90937396132447,0.9418822850997156,0.002858702905444099,354.8594382201857,336.8148127400619,6.162093711473882,6.2
185.0,215.0,24.926975899060068,0.9552217461146112,0.0028991308150534303,354.8903796189362,336.8251265396454,6.1653445618417715,6.2
185.0,220.00000000000003,24.944577836795663,0.9683516547487961,0.002938922038141619,354.92111146530596,336.83537048843533,6.168573395640871,6.2
185.0,225.0,24.962179774531258,0.9812785010656083,0.002978096318131691,354.9516402493584,336.84554674978614,6.171780894748075,6.2
185.0,230.00000000000003,24.979781712266856,0.9940084780945325,0.0030166724940958235,354.9819721641229,336.855657388041,6.1749677098324876,6.2
185.0,235.0,24.997383650002455,1.0065474996886927,0.0030546685551576754,355.01211312345265,336.8657043744842,6.178134462231608,6.2
185.0,240.00000000000003,25.01498558773805,1.018901217060056,0.003092101690864457,355.0420687785596,336.87568959285323,6.181281745688645,6.2
185.0,245.00000000000003,25.032587525473645,1.0310750341081436,0.003128988337881796,355.07184453334327,336.88561484444773,6.184410127962907,6.2
185.0,250.0,25.05018946320924,1.0430741216463757,0.0031653442233289066,355.1014455586171,336.89548185287236,6.187520152324681,6.2
185.0,255.00000000000003,25.067791400944834,1.0549034306198393,0.0032011844050400125,355.1308768053262,336.90529226844205,6.190612338943747,6.2
185.0,260.0,25.085393338680436,1.0665677043990962,0.003236523309010007,355.16014301684106,336.91504767228037,6.193687186181167,6.2
185.0,265.00000000000006,25.10299527641603,1.0780714902264725,0.003271374764257398,355.189248740404,336.9247495801347,6.19674517179181,6.2
185.0,270.0,25.120597214151626,1.08941914988399,0.003305752035315391,355.21819833779716,336.9343994459324,6.199786754045232,6.2
185.0,275.0,25.13819915188722,1.1006148696456173,0.003339667852542171,355.24699599529436,336.94399866509815,6.202812372771264,6.2
185.0,280.0,25.15580108962282,1.1116626695706915,0.0033731344404236883,355.275645732955,336.9535485776517,6.205822450336437,6.2
185.0,285.0,25.173403027358415,1.122566412190166,0.0034061635440264235,355.3041514133101,336.9630504711034,6.208817392556603,6.2
185.0,290.00000000000006,25.19100496509401,1.1333298106326888,0.0034387664537433916,355.3325167494882,336.97250558316273,6.211797589550708,6.2
185.0,295.0,25.208606902829608,1.1439564362332981,0.003470954028463816,355.3607453128244,336.98191510427483,6.214763416540195,6.2
185.0,300.0,25.226208840565207,1.1544497256637842,0.0035027367172854834,355.3888405399905,336.99128017999686,6.217715234598103,6.2
190.0,0.0,24.823338321738337,0.0,0.0,353.83152029549984,336.47217343183326,6.054095770250689,6.1
190.0,5.0,24.840940259473932,0.04056185289237851,0.00012327764165512376,353.88968408612783,336.4915613620426,6.060206734453872,6.1
190.0,10.0,24.858542197209527,0.07924106789395854,0.0002408193206975169,353.945965238865,336.51032174628835,6.066119899775072,6.1
190.0,15.000000000000002,24.876144134945125,0.11620487526398286,0.0003531351644834896,354.00053098397063,336.5285103279902,6.071852836219885,6.1
190.0,20.0,24.893746072680724,0.15159915972895432,0.0004606701356117005,354.05352720617117,336.54617573539036,6.077420871130851,6.1
190.0,25.0,24.91134801041632,0.18555194609533962,0.0005638146791438648,354.1050819302732,336.5633606434244,6.082837455402459,6.1
190.0,30.000000000000004,24.928949948151914,0.21817620113332484,0.0006629132803450848,354.1553081230467,336.5801027076823,6.0881144578603035,6.1
190.0,35.0,24.946551885887512,0.24957210662670173,0.0007582714064800886,354.20430596627574,336.59643532209196,6.093262404078611,6.1
190.0,40.0,24.964153823623107,0.2798289190282821,0.0008501611855423006,354.2521647164129,336.6123882388043,6.098290671764362,6.1
190.0,45.0,24.981755761358702,0.30902650278887844,0.0009388260880393777,354.2989642379091,336.62798807930307,6.103207651856313,6.1
190.0,50.0,24.999357699094297,0.3372366037561246,0.001024484814755565,354.3447762766119,336.6432587588707,6.10802088231404,6.1
190.0,55.00000000000001,25.0169596368299,0.36452391379333504,0.0011073345468013572,354.3896655243847,336.6582218414616,6.112737159972111,6.1
190.0,60.00000000000001,25.034561574565494,0.3909469663968819,0.0011875536794988771,354.4336905147239,336.6728968382413,6.1173626346377405,6.1
190.0,65.0,25.05216351230109,0.41655889451953976,0.0012653041354530824,354.47690438058214,336.6873014601941,6.121902888711456,6.1
190.0,70.0,25.069765450036684,0.4414080752840401,0.0013407333322217152,354.5193554990822,336.7014518330274,6.12636300492358,6.1
190.0,75.0,25.08736738777228,0.46553868126116543,0.0014139758646861647,354.561088042795,336.7153626809317,6.130747624254328,6.1
190.0,80.0,25.104969325507877,0.4889911541062257,0.0014851549503672656,354.60214245337556,336.72904748445853,6.135060995696094,6.1
190.0,85.00000000000001,25.122571263243472,0.511802613318115,0.0015543836766726492,354.6425558503231,336.74251861677436,6.139307019199865,6.1
190.0,90.0,25.14017320097907,0.5340072105020212,0.0016217660817809455,354.6823623852426,336.75578746174756,6.143489282895538,6.1
190.0,95.0,25.157775138714666,0.5556364376290646,0.0016873980951006497,354.72159355010524,336.76886451670174,6.1476110954792,6.1
190.0,100.0,25.175377076450264,0.5767193962808003,0.0017513683586427415,354.7602784464926,336.7817594821642,6.15167551450132,6.2
190.0,105.0,25.19297901418586,0.5972830336585808,0.001813758946956273,354.798444021606,336.79448134053536,6.155685371162893,6.2
190.0,110.00000000000001,25.210580951921454,0.6173523501627401,0.0018746460002978652,354.83611527584566,336.8070384252819,6.159643292124748,6.2
190.0,115.00000000000001,25.22818288965705,0.636950582555108,0.0019341002832887417,354.8733154459737,336.81943848199126,6.1635517187515205,6.2
190.0,120.00000000000001,25.245784827392644,0.6560993660724632,0.0019921876793402584,354.9100661672266,336.8316887224089,6.167412924143961,6.2
190.0,125.0,25.263386765128246,0.6748188783287943,0.0020489696295111297,354.94638761721853,336.8437958724062,6.1712290282580735,6.2
190.0,130.0,25.28098870286384,0.6931279674076186,0.002104503523126231,354.982298644033,336.85576621467766,6.175002011363073,6.2
190.0,135.0,25.298590640599436,0.7110442661841468,0.002158843046383104,355.0178168805451,336.8676056268484,6.1787337260526165,6.2
190.0,140.0,25.31619257833503,0.7285842946164696,0.002212038494254442,355.052958846713,336.879319615571,6.182425907991962,6.2
190.0,145.00000000000003,25.33379451607063,0.7457635514939485,0.0022641370502284653,355.0877400413261,336.89091334710866,6.186080185557596,6.2
190.0,150.0,25.351396453806224,0.7625965969205369,0.002315183037786606,355.1221750244883,336.90239167482946,6.189698088503232,6.2
190.0,155.0,25.36899839154182,0.7790971266336753,0.0023652181469772803,355.15627749193703,336.913759163979,6.19328105576807,6.2
190.0,160.0,25.386600329277417,0.7952780391097863,0.0024142816389878265,355.19006034214874,336.9250201140496,6.196830442527354,6.2
190.0,165.0,25.404202267013016,0.8111514962806357,0.0024624105312297064,355.22353573705516,336.9361785790184,6.200347526571436,6.2
190.0,170.00000000000003,25.42180420474861,0.8267289785769486,0.002509639765122831,355.2567151570871,336.9472383856957,6.2038335140888865,6.2
190.0,175.0,25.439406142484206,0.8420213349237,0.002556002358484123,355.2896094511694,336.9582031503898,6.207289544919331,6.2
190.0,180.0,25.4570080802198,0.8570388282327301,0.002601529544185043,355.322228882214,336.96907629407133,6.210716697333043,6.2
190.0,185.0,25.474610017955396,0.8717911768707427,0.0026462508965365106,355.3545831685876,336.9798610561959,6.214115992387821,6.2
190.0,190.0,25.492211955690998,0.8862875925225709,0.0026901944466821196,355.3866815219751,336.99056050732503,6.217488397907022,6.2
190.0,195.00000000000003,25.509813893426593,0.9005368148193272,0.00273338678812715,355.4185326820074,337.0011775606692,6.220834832117838,6.2
190.0,200.0,25.527415831162187,0.91454714305761,0.0027758531733983074,355.4501449479813,337.0117149826604,6.224156166983748,6.2
190.0,205.00000000000003,25.545017768897782,0.9283264652981803,0.002817617602713905,355.4815262079575,337.0221754026525,6.227453231261979,6.2
190.0,210.0,25.56261970663338,0.9418822850997156,0.002858702905444099,355.5126839654946,337.03256132183157,6.230726813311995,6.2
190.0,215.0,25.580221644368976,0.9552217461146112,0.0028991308150534303,355.5436253642451,337.0428751214151,6.233977663679884,6.2
190.0,220.00000000000003,25.59782358210457,0.9683516547487961,0.002938922038141619,355.5743572106149,337.05311907020496,6.237206497478966,6.2
190.0,225.0,25.61542551984017,0.9812785010656083,0.002978096318131691,355.6048859946673,337.06329533155576,6.24041399658617,6.2
190.0,230.00000000000003,25.633027457575768,0.9940084780945325,0.0030166724940958235,355.63521790943184,337.0734059698106,6.243600811670582,6.2
190.0,235.0,25.650629395311363,1.0065474996886927,0.0030546685551576754,355.66535886876153,337.0834529562539,6.246767564069721,6.2
190.0,240.00000000000003,25.668231333046958,1.018901217060056,0.003092101690864457,355.6953145238685,337.09343817462286,6.24991484752674,6.2
190.0,245.00000000000003,25.685833270782553,1.0310750341081436,0.003128988337881796,355.7250902786522,337.1033634262174,6.25304322980102,6.3
190.0,250.0,25.703435208518147,1.0430741216463757,0.0031653442233289066,355.75469130392605,337.11323043464205,6.256153254162794,6.3
190.0,255.00000000000003,25.721037146253742,1.0549034306198393,0.0032011844050400125,355.7841225506351,337.12304085021174,6.259245440781859,6.3
190.0,260.0,25.738639083989344,1.0665677043990962,0.003236523309010007,355.81338876215,337.13279625405,6.2623202880192625,6.3
190.0,265.00000000000006,25.75624102172494,1.0780714902264725,0.003271374764257398,355.8424944857129,337.1424981619043,6.2653782736299055,6.3
190.0,270.0,25.773842959460534,1.08941914988399,0.003305752035315391,355.87144408310604,337.152148027702,6.2684198558833275,6.3
190.0,275.0,25.79144489719613,1.1006148696456173,0.003339667852542171,355.90024174060324,337.1617472468677,6.271445474609342,6.3
190.0,280.0,25.809046834931728,1.1116626695706915,0.0033731344404236883,355.92889147826395,337.17129715942133,6.2744555521745315,6.3
190.0,285.0,25.826648772667323,1.122566412190166,0.0034061635440264235,355.957397158619,337.180799052873,6.2774504943946985,6.3
190.0,290.00000000000006,25.844250710402918,1.1333298106326888,0.0034387664537433916,355.98576249479714,337.1902541649324,6.280430691388821,6.3
190.0,295.0,25.861852648138516,1.1439564362332981,0.003470954028463816,356.0139910581333,337.19966368604446,6.283396518378289,6.3
190.0,300.0,25.879454585874115,1.1544497256637842,0.0035027367172854834,356.0420862852994,337.20902876176643,6.2863483364361805,6.3
195.00000000000003,0.0,25.47658406704724,0.0,0.0,354.4847660408087,336.68992201360294,6.1227288720888025,6.1
195.00000000000003,5.0,25.494186004782836,0.04056185289237851,0.00012327764165512376,354.5429298314367,336.70930994381223,6.128839836291967,6.1
195.00000000000003,10.0,25.51178794251843,0.07924106789395854,0.0002408193206975169,354.5992109841739,336.728070328058,6.134753001613166,6.1
195.00000000000003,15.000000000000002,25.529389880254026,0.11620487526398286,0.0003531351644834896,354.6537767292795,336.7462589097599,6.140485938057998,6.1
195.00000000000003,20.0,25.54699181798963,0.15159915972895432,0.0004606701356117005,354.7067729514801,336.76392431716005,6.146053972968963,6.1
195.00000000000003,25.0,25.564593755725223,0.18555194609533962,0.0005638146791438648,354.7583276755821,336.78110922519403,6.151470557240555,6.2
195.00000000000003,30.000000000000004,25.582195693460818,0.21817620113332484,0.0006629132803450848,354.80855386835566,336.7978512894519,6.156747559698398,6.2
195.00000000000003,35.0,25.599797631196417,0.24957210662670173,0.0007582714064800886,354.8575517115846,336.81418390386153,6.1618955059166876,6.2
195.00000000000003,40.0,25.61739956893201,0.2798289190282821,0.0008501611855423006,354.9054104617218,336.83013682057395,6.166923773602475,6.2
195.00000000000003,45.0,25.635001506667606,0.30902650278887844,0.0009388260880393777,354.952209983218,336.84573666107264,6.17184075369439,6.2
195.00000000000003,50.0,25.6526034444032,0.3372366037561246,0.001024484814755565,354.99802202192086,336.8610073406403,6.176653984152136,6.2
195.00000000000003,55.00000000000001,25.670205382138803,0.36452391379333504,0.0011073345468013572,355.04291126969366,336.8759704232312,6.181370261810188,6.2
195.00000000000003,60.00000000000001,25.6878073198744,0.3909469663968819,0.0011875536794988771,355.0869362600328,336.89064542001097,6.185995736475854,6.2
195.00000000000003,65.0,25.705409257609993,0.41655889451953976,0.0012653041354530824,355.130150125891,336.9050500419637,6.1905359905495505,6.2
195.00000000000003,70.0,25.723011195345588,0.4414080752840401,0.0013407333322217152,355.1726012443911,336.91920041479705,6.194996106761675,6.2
195.00000000000003,75.0,25.740613133081183,0.46553868126116543,0.0014139758646861647,355.2143337881039,336.9331112627013,6.1993807260924045,6.2
195.00000000000003,80.0,25.758215070816778,0.4889911541062257,0.0014851549503672656,355.2553881986845,336.94679606622816,6.203694097534189,6.2
195.00000000000003,85.00000000000001,25.775817008552377,0.511802613318115,0.0015543836766726492,355.29580159563204,336.96026719854405,6.2079401210379785,6.2
195.00000000000003,90.0,25.793418946287975,0.5340072105020212,0.0016217660817809455,355.3356081305515,336.9735360435172,6.212122384733633,6.2
195.00000000000003,95.0,25.81102088402357,0.5556364376290646,0.0016873980951006497,355.3748392954141,336.9866130984714,6.216244197317313,6.2
195.00000000000003,100.0,25.828622821759165,0.5767193962808003,0.0017513683586427415,355.41352419180146,336.99950806393383,6.220308616339415,6.2
195.00000000000003,105.0,25.846224759494763,0.5972830336585808,0.001813758946956273,355.45168976691485,337.0122299223049,6.22431847300097,6.2
195.00000000000003,110.00000000000001,25.86382669723036,0.6173523501627401,0.0018746460002978652,355.4893610211546,337.02478700705154,6.228276393962844,6.2
195.00000000000003,115.00000000000001,25.881428634965953,0.636950582555108,0.0019341002832887417,355.5265611912826,337.0371870637609,6.232184820589616,6.2
195.00000000000003,120.00000000000001,25.899030572701548,0.6560993660724632,0.0019921876793402584,355.5633119125355,337.0494373041785,6.2360460259820565,6.2
195.00000000000003,125.0,25.91663251043715,0.6748188783287943,0.0020489696295111297,355.5996333625274,337.0615444541758,6.239862130096169,6.2
195.00000000000003,130.0,25.934234448172745,0.6931279674076186,0.002104503523126231,355.6355443893419,337.07351479644734,6.2436351132011865,6.2
195.00000000000003,135.0,25.95183638590834,0.7110442661841468,0.002158843046383104,355.671062625854,337.085354208618,6.247366827890712,6.2
195.00000000000003,140.0,25.969438323643935,0.7285842946164696,0.002212038494254442,355.70620459202195,337.09706819734066,6.251059009830075,6.3
195.00000000000003,145.00000000000003,25.98704026137953,0.7457635514939485,0.0022641370502284653,355.740985786635,337.10866192887835,6.25471328739571,6.3
195.00000000000003,150.0,26.00464219911513,0.7625965969205369,0.002315183037786606,355.7754207697972,337.1201402565991,6.258331190341328,6.3
195.00000000000003,155.0,26.022244136850723,0.7790971266336753,0.0023652181469772803,355.8095232372459,337.13150774574865,6.261914157606165,6.3
195.00000000000003,160.0,26.039846074586322,0.7952780391097863,0.0024142816389878265,355.8433060874576,337.14276869581926,6.265463544365467,6.3
195.00000000000003,165.0,26.057448012321917,0.8111514962806357,0.0024624105312297064,355.87678148236404,337.15392716078804,6.268980628409531,6.3
195.00000000000003,170.00000000000003,26.075049950057515,0.8267289785769486,0.002509639765122831,355.909960902396,337.1649869674654,6.272466615926999,6.3
195.00000000000003,175.0,26.09265188779311,0.8420213349237,0.002556002358484123,355.9428551964783,337.1759517321595,6.2759226467574445,6.3
195.00000000000003,180.0,26.110253825528705,0.8570388282327301,0.002601529544185043,355.97547462752294,337.186824875841,6.279349799171156,6.3
195.00000000000003,185.0,26.1278557632643,0.8717911768707427,0.0026462508965365106,356.0078289138965,337.1976096379655,6.282749094225917,6.3
195.00000000000003,190.0,26.145457700999902,0.8862875925225709,0.0026901944466821196,356.039927267284,337.20830908909466,6.286121499745118,6.3
195.00000000000003,195.00000000000003,26.163059638735497,0.9005368148193272,0.00273338678812715,356.0717784273163,337.21892614243876,6.289467933955915,6.3
195.00000000000003,200.0,26.180661576471092,0.91454714305761,0.0027758531733983074,356.10339069329024,337.2294635644301,6.292789268821862,6.3
195.00000000000003,205.00000000000003,26.198263514206687,0.9283264652981803,0.002817617602713905,356.1347719532664,337.23992398442215,6.2960863331000745,6.3
195.00000000000003,210.0,26.215865451942282,0.9418822850997156,0.002858702905444099,356.16592971080354,337.2503099036012,6.299359915150091,6.3
195.00000000000003,215.0,26.23346738967788,0.9552217461146112,0.0028991308150534303,356.19687110955397,337.26062370318465,6.3026107655179615,6.3
195.00000000000003,220.00000000000003,26.251069327413475,0.9683516547487961,0.002938922038141619,356.22760295592377,337.2708676519746,6.3058395993170615,6.3
195.00000000000003,225.0,26.268671265149074,0.9812785010656083,0.002978096318131691,356.2581317399762,337.2810439133254,6.309047098424265,6.3
195.00000000000003,230.00000000000003,26.28627320288467,0.9940084780945325,0.0030166724940958235,356.2884636547407,337.2911545515803,6.312233913508695,6.3
195.00000000000003,235.0,26.303875140620267,1.0065474996886927,0.0030546685551576754,356.31860461407047,337.30120153802346,6.315400665907798,6.3
195.00000000000003,240.00000000000003,26.321477078355862,1.018901217060056,0.003092101690864457,356.3485602691774,337.3111867563925,6.318547949364835,6.3
195.00000000000003,245.00000000000003,26.339079016091457,1.0310750341081436,0.003128988337881796,356.3783360239611,337.32111200798704,6.321676331639115,6.3
195.00000000000003,250.0,26.356680953827052,1.0430741216463757,0.0031653442233289066,356.40793704923493,337.3309790164117,6.324786356000889,6.3
195.00000000000003,255.00000000000003,26.374282891562647,1.0549034306198393,0.0032011844050400125,356.437368295944,337.34078943198136,6.327878542619954,6.3
195.00000000000003,260.0,26.39188482929825,1.0665677043990962,0.003236523309010007,356.4666345074589,337.3505448358196,6.330953389857357,6.3
195.00000000000003,265.00000000000006,26.409486767033844,1.0780714902264725,0.003271374764257398,356.49574023102184,337.36024674367394,6.334011375468,6.3
195.00000000000003,270.0,26.42708870476944,1.08941914988399,0.003305752035315391,356.524689828415,337.36989660947165,6.337052957721423,6.3
195.00000000000003,275.0,26.444690642505034,1.1006148696456173,0.003339667852542171,356.5534874859121,337.3794958286374,6.340078576447454,6.3
195.00000000000003,280.0,26.46229258024063,1.1116626695706915,0.0033731344404236883,356.58213722357283,337.38904574119096,6.343088654012627,6.3
195.00000000000003,285.0,26.479894517976227,1.122566412190166,0.0034061635440264235,356.6106429039279,337.3985476346426,6.346083596232794,6.3
195.00000000000003,290.00000000000006,26.497496455711822,1.1333298106326888,0.0034387664537433916,356.639008240106,337.40800274670204,6.349063793226916,6.3
195.00000000000003,295.0,26.51509839344742,1.1439564362332981,0.003470954028463816,356.6672368034422,337.4174122678141,6.352029620216385,6.4
195.00000000000003,300.0,26.532700331183015,1.1544497256637842,0.0035027367172854834,356.6953320306083,337.4267773435361,6.354981438274294,6.4
200.0,0.0,26.12982981235614,0.0,0.0,355.13801178611766,336.90767059537257,6.191361973926897,6.2
200.0,5.0,26.147431750091737,0.04056185289237851,0.00012327764165512376,355.19617557674565,336.9270585255819,6.197472938130081,6.2
200.0,10.0,26.165033687827332,0.07924106789395854,0.0002408193206975169,355.25245672948284,336.94581890982766,6.20338610345128,6.2
200.0,15.000000000000002,26.182635625562927,0.11620487526398286,0.0003531351644834896,355.3070224745884,336.96400749152946,6.209119039896075,6.2
200.0,20.0,26.20023756329853,0.15159915972895432,0.0004606701356117005,355.360018696789,336.9816728989297,6.214687074807059,6.2
200.0,25.0,26.217839501034124,0.18555194609533962,0.0005638146791438648,355.411573420891,336.9988578069637,6.220103659078668,6.2
200.0,30.000000000000004,26.23544143876972,0.21817620113332484,0.0006629132803450848,355.46179961366454,337.0155998712215,6.2253806615364935,6.2
200.0,35.0,26.253043376505314,0.24957210662670173,0.0007582714064800886,355.51079745689356,337.0319324856312,6.230528607754801,6.2
200.0,40.0,26.27064531424091,0.2798289190282821,0.0008501611855423006,355.55865620703065,337.0478854023436,6.235556875440571,6.2
200.0,45.0,26.288247251976504,0.30902650278887844,0.0009388260880393777,355.60545572852686,337.0634852428423,6.240473855532503,6.2
200.0,50.0,26.305849189712102,0.3372366037561246,0.001024484814755565,355.65126776722974,337.0787559224099,6.24528708599023,6.2
200.0,55.00000000000001,26.3234511274477,0.36452391379333504,0.0011073345468013572,355.69615701500254,337.0937190050009,6.250003363648301,6.3
200.0,60.00000000000001,26.341053065183296,0.3909469663968819,0.0011875536794988771,355.7401820053417,337.1083940017806,6.254628838313949,6.3
200.0,65.0,26.35865500291889,0.41655889451953976,0.0012653041354530824,355.78339587119996,337.12279862373333,6.259169092387646,6.3
200.0,70.0,26.37625694065449,0.4414080752840401,0.0013407333322217152,355.82584698970004,337.1369489965667,6.26362920859977,6.3
200.0,75.0,26.393858878390084,0.46553868126116543,0.0014139758646861647,355.86757953341277,337.1508598444709,6.2680138279305,6.3
200.0,80.0,26.41146081612568,0.4889911541062257,0.0014851549503672656,355.9086339439934,337.16454464799784,6.272327199372302,6.3
200.0,85.00000000000001,26.429062753861274,0.511802613318115,0.0015543836766726492,355.9490473409409,337.1780157803137,6.276573222876073,6.3
200.0,90.0,26.446664691596876,0.5340072105020212,0.0016217660817809455,355.9888538758604,337.1912846252868,6.280755486571728,6.3
200.0,95.0,26.46426662933247,0.5556364376290646,0.0016873980951006497,356.02808504072306,337.204361680241,6.28487729915539,6.3
200.0,100.0,26.481868567068066,0.5767193962808003,0.0017513683586427415,356.0667699371104,337.21725664570346,6.288941718177511,6.3
200.0,105.0,26.49947050480366,0.5972830336585808,0.001813758946956273,356.10493551222373,337.2299785040746,6.292951574839083,6.3
200.0,110.00000000000001,26.517072442539256,0.6173523501627401,0.0018746460002978652,356.1426067664635,337.24253558882117,6.296909495800939,6.3
200.0,115.00000000000001,26.534674380274854,0.636950582555108,0.0019341002832887417,356.1798069365915,337.2549356455305,6.3008179224277105,6.3
200.0,120.00000000000001,26.55227631801045,0.6560993660724632,0.0019921876793402584,356.2165576578444,337.26718588594815,6.304679127820152,6.3
200.0,125.0,26.569878255746048,0.6748188783287943,0.0020489696295111297,356.25287910783635,337.2792930359455,6.308495231934282,6.3
200.0,130.0,26.587480193481642,0.6931279674076186,0.002104503523126231,356.2887901346508,337.2912633782169,6.312268215039264,6.3
200.0,135.0,26.60508213121724,0.7110442661841468,0.002158843046383104,356.3243083711629,337.30310279038764,6.3159999297288065,6.3
200.0,140.0,26.622684068952836,0.7285842946164696,0.002212038494254442,356.3594503373308,337.3148167791103,6.31969211166817,6.3
200.0,145.00000000000003,26.64028600668843,0.7457635514939485,0.0022641370502284653,356.3942315319439,337.326410510648,6.323346389233805,6.3
200.0,150.0,26.657887944424026,0.7625965969205369,0.002315183037786606,356.4286665151061,337.3378888383687,6.326964292179423,6.3
200.0,155.0,26.67548988215962,0.7790971266336753,0.0023652181469772803,356.46276898255485,337.3492563275183,6.330547259444261,6.3
200.0,160.0,26.693091819895223,0.7952780391097863,0.0024142816389878265,356.49655183276656,337.3605172775888,6.334096646203544,6.3
200.0,165.0,26.710693757630818,0.8111514962806357,0.0024624105312297064,356.5300272276729,337.37167574255767,6.337613730247626,6.3
200.0,170.00000000000003,26.728295695366413,0.8267289785769486,0.002509639765122831,356.5632066477049,337.38273554923495,6.3410997177650765,6.3
200.0,175.0,26.745897633102008,0.8420213349237,0.002556002358484123,356.5961009417872,337.39370031392906,6.344555748595521,6.3
200.0,180.0,26.763499570837606,0.8570388282327301,0.002601529544185043,356.6287203728318,337.40457345761064,6.347982901009251,6.3
200.0,185.0,26.7811015085732,0.8717911768707427,0.0026462508965365106,356.66107465920544,337.4153582197352,6.351382196064029,6.4
200.0,190.0,26.798703446308796,0.8862875925225709,0.0026901944466821196,356.6931730125929,337.42605767086434,6.354754601583231,6.4
200.0,195.00000000000003,26.816305384044394,0.9005368148193272,0.00273338678812715,356.7250241726252,337.4366747242084,6.35810103579401,6.4
200.0,200.0,26.833907321779993,0.91454714305761,0.0027758531733983074,356.7566364385991,337.4472121461997,6.361422370659957,6.4
200.0,205.00000000000003,26.851509259515588,0.9283264652981803,0.002817617602713905,356.7880176985753,337.4576725661918,6.36471943493817,6.4
200.0,210.0,26.869111197251183,0.9418822850997156,0.002858702905444099,356.8191754561124,337.4680584853708,6.367993016988186,6.4
200.0,215.0,26.886713134986778,0.9552217461146112,0.0028991308150534303,356.8501168548629,337.47837228495433,6.371243867356075,6.4
200.0,220.00000000000003,26.904315072722373,0.9683516547487961,0.002938922038141619,356.8808487012327,337.48861623374427,6.374472701155175,6.4
200.0,225.0,26.921917010457967,0.9812785010656083,0.002978096318131691,356.9113774852851,337.4987924950951,6.377680200262378,6.4
200.0,230.00000000000003,26.93951894819357,0.9940084780945325,0.0030166724940958235,356.9417094000496,337.50890313334986,6.380867015346773,6.4
200.0,235.0,26.957120885929164,1.0065474996886927,0.0030546685551576754,356.97185035937935,337.51895011979315,6.384033767745911,6.4
200.0,240.00000000000003,26.97472282366476,1.018901217060056,0.003092101690864457,357.0018060144863,337.5289353381621,6.387181051202931,6.4
200.0,245.00000000000003,26.992324761400354,1.0310750341081436,0.003128988337881796,357.03158176927,337.53886058975667,6.39030943347721,6.4
200.0,250.0,27.009926699135953,1.0430741216463757,0.0031653442233289066,357.06118279454387,337.5487275981813,6.393419457838984,6.4
200.0,255.00000000000003,27.027528636871548,1.0549034306198393,0.0032011844050400125,357.0906140412529,337.55853801375093,6.396511644458032,6.4
200.0,260.0,27.045130574607146,1.0665677043990962,0.003236523309010007,357.11988025276776,337.56829341758925,6.399586491695453,6.4
200.0,265.00000000000006,27.06273251234274,1.0780714902264725,0.003271374764257398,357.1489859763307,337.5779953254436,6.402644477306113,6.4
200.0,270.0,27.08033445007834,1.08941914988399,0.003305752035315391,357.17793557372386,337.5876451912413,6.4056860595595175,6.4
200.0,275.0,27.097936387813935,1.1006148696456173,0.003339667852542171,357.20673323122105,337.59724441040703,6.40871167828555,6.4
200.0,280.0,27.11553832554953,1.1116626695706915,0.0033731344404236883,357.23538296888177,337.60679432296064,6.41172175585074,6.4
200.0,285.0,27.133140263285124,1.122566412190166,0.0034061635440264235,357.2638886492368,337.6162962164123,6.414716698070906,6.4
200.0,290.00000000000006,27.15074220102072,1.1333298106326888,0.0034387664537433916,357.2922539854149,337.6257513284716,6.417696895064993,6.4
200.0,295.0,27.16834413875632,1.1439564362332981,0.003470954028463816,357.3204825487511,337.6351608495837,6.42066272205448,6.4
200.0,300.0,27.185946076491916,1.1544497256637842,0.0035027367172854834,357.3485777759172,337.64452592530574,6.423614540112388,6.4
205.00000000000003,0.0,26.78307555766505,0.0,0.0,355.79125753142654,337.1254191771422,6.2599950757649925,6.3
205.00000000000003,5.0,26.800677495400645,0.04056185289237851,0.00012327764165512376,355.8494213220545,337.1448071073515,6.266106039968157,6.3
205.00000000000003,10.0,26.81827943313624,0.07924106789395854,0.0002408193206975169,355.9057024747917,337.16356749159723,6.272019205289357,6.3
205.00000000000003,15.000000000000002,26.835881370871835,0.11620487526398286,0.0003531351644834896,355.96026821989733,337.18175607329914,6.277752141734188,6.3
205.00000000000003,20.0,26.853483308607437,0.15159915972895432,0.0004606701356117005,356.0132644420979,337.1994214806993,6.283320176645154,6.3
205.00000000000003,25.0,26.871085246343032,0.18555194609533962,0.0005638146791438648,356.0648191661999,337.2166063887333,6.288736760916745,6.3
205.00000000000003,30.000000000000004,26.888687184078627,0.21817620113332484,0.0006629132803450848,356.1150453589734,337.23334845299115,6.294013763374589,6.3
205.00000000000003,35.0,26.906289121814222,0.24957210662670173,0.0007582714064800886,356.16404320220244,337.24968106740084,6.299161709592896,6.3
205.00000000000003,40.0,26.923891059549817,0.2798289190282821,0.0008501611855423006,356.2119019523396,337.2656339841132,6.304189977278666,6.3
205.00000000000003,45.0,26.941492997285415,0.30902650278887844,0.0009388260880393777,356.2587014738358,337.28123382461195,6.309106957370599,6.3
205.00000000000003,50.0,26.95909493502101,0.3372366037561246,0.001024484814755565,356.3045135125387,337.2965045041796,6.3139201878283435,6.3
205.00000000000003,55.00000000000001,26.97669687275661,0.36452391379333504,0.0011073345468013572,356.3494027603115,337.3114675867705,6.318636465486397,6.3
205.00000000000003,60.00000000000001,26.994298810492204,0.3909469663968819,0.0011875536794988771,356.3934277506506,337.32614258355017,6.323261940152026,6.3
205.00000000000003,65.0,27.011900748227802,0.41655889451953976,0.0012653041354530824,356.43664161650884,337.34054720550296,6.327802194225741,6.3
205.00000000000003,70.0,27.029502685963397,0.4414080752840401,0.0013407333322217152,356.4790927350089,337.3546975783363,6.332262310437866,6.3
205.00000000000003,75.0,27.047104623698992,0.46553868126116543,0.0014139758646861647,356.5208252787217,337.3686084262406,6.336646929768613,6.3
205.00000000000003,80.0,27.064706561434587,0.4889911541062257,0.0014851549503672656,356.5618796893023,337.3822932297674,6.340960301210379,6.3
205.00000000000003,85.00000000000001,27.082308499170182,0.511802613318115,0.0015543836766726492,356.60229308624986,337.3957643620833,6.345206324714169,6.3
205.00000000000003,90.0,27.099910436905784,0.5340072105020212,0.0016217660817809455,356.6420996211693,337.40903320705644,6.349388588409823,6.3
205.00000000000003,95.0,27.11751237464138,0.5556364376290646,0.0016873980951006497,356.68133078603194,337.4221102620107,6.353510400993503,6.4
205.00000000000003,100.0,27.135114312376974,0.5767193962808003,0.0017513683586427415,356.7200156824193,337.4350052274731,6.357574820015605,6.4
205.00000000000003,105.0,27.15271625011257,0.5972830336585808,0.001813758946956273,356.75818125753267,337.44772708584424,6.361584676677179,6.4
205.00000000000003,110.00000000000001,27.170318187848164,0.6173523501627401,0.0018746460002978652,356.7958525117724,337.4602841705908,6.365542597639034,6.4
205.00000000000003,115.00000000000001,27.187920125583762,0.636950582555108,0.0019341002832887417,356.8330526819004,337.47268422730014,6.369451024265806,6.4
205.00000000000003,120.00000000000001,27.205522063319357,0.6560993660724632,0.0019921876793402584,356.8698034031533,337.4849344677178,6.3733122296582465,6.4
205.00000000000003,125.0,27.223124001054956,0.6748188783287943,0.0020489696295111297,356.90612485314523,337.49704161771507,6.377128333772359,6.4
205.00000000000003,130.0,27.240725938790554,0.6931279674076186,0.002104503523126231,356.9420358799597,337.5090119599866,6.380901316877377,6.4
205.00000000000003,135.0,27.25832787652615,0.7110442661841468,0.002158843046383104,356.9775541164718,337.52085137215727,6.384633031566902,6.4
205.00000000000003,140.0,27.275929814261744,0.7285842946164696,0.002212038494254442,357.01269608263976,337.5325653608799,6.388325213506265,6.4
205.00000000000003,145.00000000000003,27.29353175199734,0.7457635514939485,0.0022641370502284653,357.0474772772528,337.5441590924176,6.3919794910719006,6.4
205.00000000000003,150.0,27.311133689732934,0.7625965969205369,0.002315183037786606,357.081912260415,337.55563742013834,6.395597394017518,6.4
205.00000000000003,155.0,27.32873562746853,0.7790971266336753,0.0023652181469772803,357.1160147278637,337.56700490928796,6.399180361282374,6.4
205.00000000000003,160.0,27.34633756520413,0.7952780391097863,0.0024142816389878265,357.14979757807544,337.5782658593585,6.402729748041657,6.4
205.00000000000003,165.0,27.363939502939726,0.8111514962806357,0.0024624105312297064,357.18327297298185,337.5894243243273,6.4062468320857215,6.4
205.00000000000003,170.00000000000003,27.38154144067532,0.8267289785769486,0.002509639765122831,357.2164523930138,337.60048413100463,6.40973281960319,6.4
205.00000000000003,175.0,27.399143378410916,0.8420213349237,0.002556002358484123,357.24934668709614,337.61144889569874,6.4131888504336345,6.4
205.00000000000003,180.0,27.416745316146514,0.8570388282327301,0.002601529544185043,357.2819661181407,337.6223220393802,6.416616002847329,6.4
205.00000000000003,185.0,27.43434725388211,0.8717911768707427,0.0026462508965365106,357.3143204045143,337.63310680150477,6.420015297902107,6.4
205.00000000000003,190.0,27.451949191617707,0.8862875925225709,0.0026901944466821196,357.3464187579018,337.64380625263396,6.423387703421326,6.4
205.00000000000003,195.00000000000003,27.469551129353302,0.9005368148193272,0.00273338678812715,357.3782699179341,337.65442330597807,6.426734137632123,6.4
205.00000000000003,200.0,27.4871530670889,0.91454714305761,0.0027758531733983074,357.40988218390805,337.66496072796934,6.4300554724980525,6.4
205.00000000000003,205.00000000000003,27.504755004824496,0.9283264652981803,0.002817617602713905,357.4412634438842,337.67542114796146,6.433352536776283,6.4
205.00000000000003,210.0,27.52235694256009,0.9418822850997156,0.002858702905444099,357.4724212014213,337.68580706714044,6.436626118826281,6.4
205.00000000000003,215.0,27.539958880295686,0.9552217461146112,0.0028991308150534303,357.5033626001718,337.69612086672396,6.439876969194169,6.4
205.00000000000003,220.00000000000003,27.55756081803128,0.9683516547487961,0.002938922038141619,357.5340944465416,337.70636481551384,6.4431058029932515,6.4
205.00000000000003,225.0,27.575162755766883,0.9812785010656083,0.002978096318131691,357.564623230594,337.71654107686464,6.446313302100456,6.4
205.00000000000003,230.00000000000003,27.592764693502478,0.9940084780945325,0.0030166724940958235,357.59495514535854,337.72665171511954,6.449500117184886,6.4
205.00000000000003,235.0,27.610366631238072,1.0065474996886927,0.0030546685551576754,357.6250961046883,337.7366987015628,6.452666869584006,6.5
205.00000000000003,240.00000000000003,27.627968568973667,1.018901217060056,0.003092101690864457,357.6550517597952,337.74668391993174,6.455814153041025,6.5
205.00000000000003,245.00000000000003,27.645570506709266,1.0310750341081436,0.003128988337881796,357.6848275145789,337.75660917152635,6.458942535315323,6.5
205.00000000000003,250.0,27.66317244444486,1.0430741216463757,0.0031653442233289066,357.71442853985275,337.7664761799509,6.462052559677081,6.5
205.00000000000003,255.00000000000003,27.680774382180456,1.0549034306198393,0.0032011844050400125,357.7438597865618,337.7762865955206,6.465144746296144,6.5
205.00000000000003,260.0,27.698376319916054,1.0665677043990962,0.003236523309010007,357.7731259980767,337.78604199935893,6.468219593533566,6.5
205.00000000000003,265.00000000000006,27.715978257651653,1.0780714902264725,0.003271374764257398,357.80223172163966,337.7957439072132,6.471277579144191,6.5
205.00000000000003,270.0,27.733580195387248,1.08941914988399,0.003305752035315391,357.83118131903274,337.80539377301096,6.474319161397631,6.5
205.00000000000003,275.0,27.751182133122843,1.1006148696456173,0.003339667852542171,357.85997897652993,337.81499299217666,6.477344780123645,6.5
205.00000000000003,280.0,27.768784070858437,1.1116626695706915,0.0033731344404236883,357.88862871419065,337.8245429047302,6.480354857688818,6.5
205.00000000000003,285.0,27.786386008594032,1.122566412190166,0.0034061635440264235,357.9171343945457,337.8340447981819,6.483349799908984,6.5
205.00000000000003,290.00000000000006,27.80398794632963,1.1333298106326888,0.0034387664537433916,357.94549973072384,337.8434999102413,6.486329996903106,6.5
205.00000000000003,295.0,27.82158988406523,1.1439564362332981,0.003470954028463816,357.97372829406004,337.85290943135334,6.489295823892575,6.5
205.00000000000003,300.0,27.839191821800824,1.1544497256637842,0.0035027367172854834,358.00182352122613,337.86227450707537,6.492247641950484,6.5
210.0,0.0,27.436321302973948,0.0,0.0,356.4445032767355,337.3431677589119,6.328628177603106,6.3
210.0,5.0,27.453923240709543,0.04056185289237851,0.00012327764165512376,356.50266706736346,337.36255568912117,6.334739141806271,6.3
210.0,10.0,27.47152517844514,0.07924106789395854,0.0002408193206975169,356.5589482201006,337.38131607336686,6.340652307127452,6.3
210.0,15.000000000000002,27.489127116180736,0.11620487526398286,0.0003531351644834896,356.6135139652062,337.39950465506877,6.346385243572284,6.3
210.0,20.0,27.506729053916334,0.15159915972895432,0.0004606701356117005,356.6665101874068,337.417170062469,6.3519532784832675,6.4
210.0,25.0,27.52433099165193,0.18555194609533962,0.0005638146791438648,356.7180649115088,337.43435497050297,6.357369862754858,6.4
210.0,30.000000000000004,27.541932929387528,0.21817620113332484,0.0006629132803450848,356.76829110428235,337.4510970347608,6.3626468652126835,6.4
210.0,35.0,27.559534867123123,0.24957210662670173,0.0007582714064800886,356.8172889475114,337.46742964917047,6.367794811430991,6.4
210.0,40.0,27.577136804858718,0.2798289190282821,0.0008501611855423006,356.86514769764847,337.48338256588283,6.372823079116761,6.4
210.0,45.0,27.594738742594313,0.30902650278887844,0.0009388260880393777,356.9119472191447,337.4989824063816,6.377740059208694,6.4
210.0,50.0,27.612340680329908,0.3372366037561246,0.001024484814755565,356.95775925784756,337.5142530859492,6.382553289666421,6.4
210.0,55.00000000000001,27.62994261806551,0.36452391379333504,0.0011073345468013572,357.00264850562036,337.52921616854013,6.387269567324491,6.4
210.0,60.00000000000001,27.647544555801105,0.3909469663968819,0.0011875536794988771,357.0466734959595,337.54389116531985,6.391895041990139,6.4
210.0,65.0,27.6651464935367,0.41655889451953976,0.0012653041354530824,357.0898873618178,337.5582957872726,6.396435296063837,6.4
210.0,70.0,27.682748431272294,0.4414080752840401,0.0013407333322217152,357.1323384803178,337.5724461601059,6.40089541227596,6.4
210.0,75.0,27.70035036900789,0.46553868126116543,0.0014139758646861647,357.1740710240306,337.5863570080102,6.405280031606709,6.4
210.0,80.0,27.717952306743488,0.4889911541062257,0.0014851549503672656,357.2151254346112,337.6000418115371,6.4095934030484925,6.4
210.0,85.00000000000001,27.735554244479083,0.511802613318115,0.0015543836766726492,357.25553883155874,337.6135129438529,6.413839426552264,6.4
210.0,90.0,27.75315618221468,0.5340072105020212,0.0016217660817809455,357.2953453664782,337.62678178882607,6.418021690247919,6.4
210.0,95.0,27.770758119950276,0.5556364376290646,0.0016873980951006497,357.3345765313409,337.6398588437803,6.422143502831599,6.4
210.0,100.0,27.788360057685875,0.5767193962808003,0.0017513683586427415,357.37326142772815,337.6527538092427,6.426207921853701,6.4
210.0,105.0,27.80596199542147,0.5972830336585808,0.001813758946956273,357.41142700284155,337.66547566761386,6.430217778515273,6.4
210.0,110.00000000000001,27.823563933157065,0.6173523501627401,0.0018746460002978652,357.4490982570813,337.6780327523604,6.434175699477129,6.4
210.0,115.00000000000001,27.84116587089266,0.636950582555108,0.0019341002832887417,357.4862984272093,337.69043280906976,6.4380841261039015,6.4
210.0,120.00000000000001,27.858767808628254,0.6560993660724632,0.0019921876793402584,357.52304914846223,337.7026830494874,6.441945331496342,6.4
210.0,125.0,27.876369746363856,0.6748188783287943,0.0020489696295111297,357.55937059845417,337.71479019948475,6.445761435610472,6.4
210.0,130.0,27.89397168409945,0.6931279674076186,0.002104503523126231,357.59528162526857,337.7267605417562,6.449534418715472,6.4
210.0,135.0,27.911573621835046,0.7110442661841468,0.002158843046383104,357.6307998617807,337.7385999539269,6.453266133404997,6.5
210.0,140.0,27.92917555957064,0.7285842946164696,0.002212038494254442,357.66594182794864,337.7503139426496,6.456958315344378,6.5
210.0,145.00000000000003,27.94677749730624,0.7457635514939485,0.0022641370502284653,357.7007230225617,337.7619076741873,6.460612592910014,6.5
210.0,150.0,27.964379435041835,0.7625965969205369,0.002315183037786606,357.7351580057239,337.77338600190797,6.464230495855612,6.5
210.0,155.0,27.98198137277743,0.7790971266336753,0.0023652181469772803,357.76926047317266,337.78475349105753,6.467813463120451,6.5
210.0,160.0,27.999583310513028,0.7952780391097863,0.0024142816389878265,357.8030433233843,337.79601444112814,6.4713628498797515,6.5
210.0,165.0,28.017185248248627,0.8111514962806357,0.0024624105312297064,357.83651871829073,337.8071729060969,6.474879933923816,6.5
210.0,170.00000000000003,28.03478718598422,0.8267289785769486,0.002509639765122831,357.8696981383227,337.81823271277426,6.478365921441284,6.5
210.0,175.0,28.052389123719816,0.8420213349237,0.002556002358484123,357.902592432405,337.82919747746837,6.481821952271729,6.5
210.0,180.0,28.06999106145541,0.8570388282327301,0.002601529544185043,357.93521186344964,337.8400706211499,6.485249104685442,6.5
210.0,185.0,28.087592999191006,0.8717911768707427,0.0026462508965365106,357.96756614982326,337.85085538327445,6.48864839974022,6.5
210.0,190.0,28.105194936926605,0.8862875925225709,0.0026901944466821196,357.9996645032107,337.86155483440353,6.492020805259403,6.5
210.0,195.00000000000003,28.122796874662203,0.9005368148193272,0.00273338678812715,358.031515663243,337.8721718877477,6.495367239470219,6.5
210.0,200.0,28.140398812397798,0.91454714305761,0.0027758531733983074,358.06312792921693,337.882709309739,6.498688574336166,6.5
210.0,205.00000000000003,28.158000750133393,0.9283264652981803,0.002817617602713905,358.0945091891931,337.893169729731,6.50198563861436,6.5
210.0,210.0,28.17560268786899,0.9418822850997156,0.002858702905444099,358.12566694673023,337.90355564891007,6.505259220664376,6.5
210.0,215.0,28.193204625604587,0.9552217461146112,0.0028991308150534303,358.1566083454807,337.9138694484936,6.508510071032265,6.5
210.0,220.00000000000003,28.21080656334018,0.9683516547487961,0.002938922038141619,358.18734019185047,337.9241133972835,6.511738904831365,6.5
210.0,225.0,28.228408501075776,0.9812785010656083,0.002978096318131691,358.2178689759029,337.9342896586343,6.514946403938569,6.5
210.0,230.00000000000003,28.24601043881138,0.9940084780945325,0.0030166724940958235,358.2482008906674,337.94440029688917,6.51813321902298,6.5
210.0,235.0,28.263612376546973,1.0065474996886927,0.0030546685551576754,358.27834184999716,337.9544472833324,6.521299971422102,6.5
210.0,240.00000000000003,28.28121431428257,1.018901217060056,0.003092101690864457,358.3082975051041,337.96443250170137,6.52444725487912,6.5
210.0,245.00000000000003,28.298816252018163,1.0310750341081436,0.003128988337881796,358.33807325988784,337.9743577532959,6.527575637153401,6.5
210.0,250.0,28.316418189753758,1.0430741216463757,0.0031653442233289066,358.3676742851616,337.98422476172055,6.530685661515175,6.5
210.0,255.00000000000003,28.334020127489353,1.0549034306198393,0.0032011844050400125,358.3971055318707,337.99403517729024,6.533777848134239,6.5
210.0,260.0,28.351622065224955,1.0665677043990962,0.003236523309010007,358.4263717433856,338.0037905811285,6.536852695371643,6.5
210.0,265.00000000000006,28.36922400296055,1.0780714902264725,0.003271374764257398,358.45547746694854,338.0134924889829,6.539910680982304,6.5
210.0,270.0,28.386825940696145,1.08941914988399,0.003305752035315391,358.4844270643417,338.02314235478053,6.542952263235708,6.5
210.0,275.0,28.404427878431743,1.1006148696456173,0.003339667852542171,358.51322472183887,338.03274157394634,6.5459778819617584,6.5
210.0,280.0,28.42202981616734,1.1116626695706915,0.0033731344404236883,358.5418744594996,338.0422914864999,6.54898795952693,6.5
210.0,285.0,28.439631753902933,1.122566412190166,0.0034061635440264235,358.5703801398546,338.05179337995156,6.551982901747097,6.6
210.0,290.00000000000006,28.45723369163853,1.1333298106326888,0.0034387664537433916,358.5987454760327,338.0612484920109,6.554963098741201,6.6
210.0,295.0,28.47483562937413,1.1439564362332981,0.003470954028463816,358.6269740393689,338.07065801312297,6.557928925730669,6.6
210.0,300.0,28.492437567109725,1.1544497256637842,0.0035027367172854834,358.655069266535,338.08002308884505,6.560880743788597,6.6
215.0,0.0,28.089567048282852,0.0,0.0,357.09774902204435,337.56091634068144,6.3972612794411825,6.4
215.0,5.0,28.107168986018447,0.04056185289237851,0.00012327764165512376,357.15591281267234,337.5803042708908,6.403372243644366,6.4
215.0,10.0,28.124770923754042,0.07924106789395854,0.0002408193206975169,357.21219396540954,337.59906465513654,6.409285408965565,6.4
215.0,15.000000000000002,28.14237286148964,0.11620487526398286,0.0003531351644834896,357.26675971051515,337.6172532368384,6.415018345410378,6.4
215.0,20.0,28.15997479922524,0.15159915972895432,0.0004606701356117005,357.31975593271574,337.63491864423855,6.420586380321344,6.4
215.0,25.0,28.177576736960834,0.18555194609533962,0.0005638146791438648,357.3713106568177,337.6521035522726,6.4260029645929535,6.4
215.0,30.000000000000004,28.19517867469643,0.21817620113332484,0.0006629132803450848,357.42153684959123,337.6688456165304,6.431279967050779,6.4
215.0,35.0,28.212780612432027,0.24957210662670173,0.0007582714064800886,357.47053469282025,337.6851782309401,6.436427913269086,6.4
215.0,40.0,28.230382550167622,0.2798289190282821,0.0008501611855423006,357.5183934429574,337.70113114765246,6.441456180954856,6.4
215.0,45.0,28.247984487903217,0.30902650278887844,0.0009388260880393777,357.5651929644536,337.71673098815126,6.4463731610468065,6.4
215.0,50.0,28.265586425638812,0.3372366037561246,0.001024484814755565,357.61100500315644,337.7320016677188,6.451186391504516,6.5
215.0,55.00000000000001,28.283188363374414,0.36452391379333504,0.0011073345468013572,357.65589425092924,337.74696475030976,6.455902669162588,6.5
215.0,60.00000000000001,28.30079030111001,0.3909469663968819,0.0011875536794988771,357.6999192412684,337.7616397470895,6.460528143828234,6.5
215.0,65.0,28.318392238845604,0.41655889451953976,0.0012653041354530824,357.74313310712665,337.7760443690422,6.4650683979019306,6.5
215.0,70.0,28.3359941765812,0.4414080752840401,0.0013407333322217152,357.78558422562674,337.7901947418756,6.4695285141140735,6.5
215.0,75.0,28.353596114316794,0.46553868126116543,0.0014139758646861647,357.8273167693395,337.80410558977985,6.473913133444804,6.5
215.0,80.0,28.37119805205239,0.4889911541062257,0.0014851549503672656,357.8683711799201,337.8177903933067,6.478226504886587,6.5
215.0,85.00000000000001,28.388799989787987,0.511802613318115,0.0015543836766726492,357.9087845768676,337.83126152562255,6.482472528390359,6.5
215.0,90.0,28.406401927523586,0.5340072105020212,0.0016217660817809455,357.9485911117871,337.8445303705957,6.486654792086013,6.5
215.0,95.0,28.42400386525918,0.5556364376290646,0.0016873980951006497,357.98782227664975,337.85760742554993,6.490776604669694,6.5
215.0,100.0,28.44160580299478,0.5767193962808003,0.0017513683586427415,358.0265071730371,337.8705023910124,6.494841023691814,6.5
215.0,105.0,28.459207740730374,0.5972830336585808,0.001813758946956273,358.0646727481505,337.88322424938355,6.498850880353387,6.5
215.0,110.00000000000001,28.47680967846597,0.6173523501627401,0.0018746460002978652,358.10234400239017,337.89578133413005,6.502808801315225,6.5
215.0,115.00000000000001,28.494411616201564,0.636950582555108,0.0019341002832887417,358.1395441725182,337.9081813908394,6.506717227941996,6.5
215.0,120.00000000000001,28.51201355393716,0.6560993660724632,0.0019921876793402584,358.1762948937711,337.92043163125703,6.510578433334437,6.5
215.0,125.0,28.52961549167276,0.6748188783287943,0.0020489696295111297,358.21261634376305,337.9325387812544,6.514394537448567,6.5
215.0,130.0,28.547217429408356,0.6931279674076186,0.002104503523126231,358.2485273705775,337.94450912352585,6.518167520553567,6.5
215.0,135.0,28.56481936714395,0.7110442661841468,0.002158843046383104,358.28404560708964,337.9563485356966,6.521899235243111,6.5
215.0,140.0,28.582421304879546,0.7285842946164696,0.002212038494254442,358.3191875732576,337.96806252441917,6.525591417182455,6.5
215.0,145.00000000000003,28.60002324261514,0.7457635514939485,0.0022641370502284653,358.3539687678706,337.97965625595685,6.529245694748091,6.5
215.0,150.0,28.61762518035074,0.7625965969205369,0.002315183037786606,358.3884037510328,337.9911345836776,6.532863597693709,6.5
215.0,155.0,28.635227118086334,0.7790971266336753,0.0023652181469772803,358.42250621848154,338.0025020728272,6.536446564958564,6.5
215.0,160.0,28.652829055821933,0.7952780391097863,0.0024142816389878265,358.45628906869325,338.01376302289776,6.539995951717847,6.5
215.0,165.0,28.670430993557527,0.8111514962806357,0.0024624105312297064,358.48976446359967,338.02492148786655,6.543513035761911,6.5
215.0,170.00000000000003,28.688032931293126,0.8267289785769486,0.002509639765122831,358.5229438836316,338.0359812945439,6.54699902327938,6.5
215.0,175.0,28.70563486902872,0.8420213349237,0.002556002358484123,358.5558381777139,338.046946059238,6.5504550541098245,6.6
215.0,180.0,28.723236806764316,0.8570388282327301,0.002601529544185043,358.5884576087585,338.0578192029195,6.553882206523536,6.6
215.0,185.0,28.74083874449991,0.8717911768707427,0.0026462508965365106,358.62081189513214,338.0686039650441,6.557281501578315,6.6
215.0,190.0,28.758440682235506,0.8862875925225709,0.0026901944466821196,358.6529102485196,338.0793034161732,6.5606539070975165,6.6
215.0,195.00000000000003,28.776042619971108,0.9005368148193272,0.00273338678812715,358.68476140855194,338.0899204695173,6.564000341308314,6.6
215.0,200.0,28.793644557706703,0.91454714305761,0.0027758531733983074,358.71637367452587,338.1004578915086,6.567321676174243,6.6
215.0,205.00000000000003,28.811246495442298,0.9283264652981803,0.002817617602713905,358.747754934502,338.11091831150065,6.5706187404524545,6.6
215.0,210.0,28.828848433177892,0.9418822850997156,0.002858702905444099,358.7789126920391,338.1213042306797,6.573892322502471,6.6
215.0,215.0,28.84645037091349,0.9552217461146112,0.0028991308150534303,358.8098540907896,338.1316180302632,6.577143172870361,6.6
215.0,220.00000000000003,28.864052308649086,0.9683516547487961,0.002938922038141619,358.8405859371594,338.14186197905315,6.580372006669459,6.6
215.0,225.0,28.88165424638468,0.9812785010656083,0.002978096318131691,358.8711147212118,338.15203824040395,6.5835795057766635,6.6
215.0,230.00000000000003,28.89925618412028,0.9940084780945325,0.0030166724940958235,358.90144663597636,338.1621488786588,6.586766320861076,6.6
215.0,235.0,28.916858121855878,1.0065474996886927,0.0030546685551576754,358.93158759530604,338.172195865102,6.589933073260197,6.6
215.0,240.00000000000003,28.934460059591473,1.018901217060056,0.003092101690864457,358.961543250413,338.182181083471,6.593080356717216,6.6
215.0,245.00000000000003,28.952061997327068,1.0310750341081436,0.003128988337881796,358.9913190051967,338.1921063350656,6.596208738991514,6.6
215.0,250.0,28.969663935062663,1.0430741216463757,0.0031653442233289066,359.02092003047056,338.2019733434902,6.599318763353269,6.6
215.0,255.00000000000003,28.987265872798258,1.0549034306198393,0.0032011844050400125,359.05035127717963,338.21178375905987,6.602410949972335,6.6
215.0,260.0,29.00486781053386,1.0665677043990962,0.003236523309010007,359.0796174886945,338.2215391628982,6.605485797209756,6.6
215.0,265.00000000000006,29.022469748269454,1.0780714902264725,0.003271374764257398,359.1087232122574,338.2312410707525,6.608543782820398,6.6
215.0,270.0,29.04007168600505,1.08941914988399,0.003305752035315391,359.13767280965055,338.2408909365502,6.611585365073821,6.6
215.0,275.0,29.057673623740644,1.1006148696456173,0.003339667852542171,359.16647046714775,338.2504901557159,6.614610983799835,6.6
215.0,280.0,29.075275561476243,1.1116626695706915,0.0033731344404236883,359.19512020480846,338.2600400682695,6.617621061365025,6.6
215.0,285.0,29.092877499211838,1.122566412190166,0.0034061635440264235,359.22362588516353,338.2695419617212,6.620616003585192,6.6
215.0,290.00000000000006,29.110479436947433,1.1333298106326888,0.0034387664537433916,359.25199122134165,338.27899707378054,6.623596200579297,6.6
215.0,295.0,29.12808137468303,1.1439564362332981,0.003470954028463816,359.2802197846778,338.2884065948926,6.626562027568766,6.6
215.0,300.0,29.14568331241863,1.1544497256637842,0.0035027367172854834,359.3083150118439,338.2977716706146,6.629513845626674,6.6
220.00000000000003,0.0,28.742812793591757,0.0,0.0,357.7509947673533,337.7786649224511,6.465894381279296,6.5
220.00000000000003,5.0,28.76041473132735,0.04056185289237851,0.00012327764165512376,357.8091585579812,337.7980528526604,6.472005345482461,6.5
220.00000000000003,10.0,28.778016669062946,0.07924106789395854,0.0002408193206975169,357.8654397107184,337.81681323690617,6.4779185108036605,6.5
220.00000000000003,15.000000000000002,28.79561860679854,0.11620487526398286,0.0003531351644834896,357.920005455824,337.835001818608,6.483651447248475,6.5
220.00000000000003,20.0,28.813220544534143,0.15159915972895432,0.0004606701356117005,357.9730016780246,337.85266722600824,6.4892194821594575,6.5
220.00000000000003,25.0,28.83082248226974,0.18555194609533962,0.0005638146791438648,358.0245564021266,337.8698521340422,6.494636066431049,6.5
220.00000000000003,30.000000000000004,28.848424420005333,0.21817620113332484,0.0006629132803450848,358.07478259490017,337.8865941983001,6.499913068888892,6.5
220.00000000000003,35.0,28.866026357740928,0.24957210662670173,0.0007582714064800886,358.12378043812913,337.9029268127097,6.505061015107182,6.5
220.00000000000003,40.0,28.883628295476527,0.2798289190282821,0.0008501611855423006,358.1716391882663,337.9188797294221,6.510089282792951,6.5
220.00000000000003,45.0,28.90123023321212,0.30902650278887844,0.0009388260880393777,358.2184387097625,337.9344795699208,6.515006262884884,6.5
220.00000000000003,50.0,28.918832170947717,0.3372366037561246,0.001024484814755565,358.2642507484654,337.9497502494885,6.519819493342628,6.5
220.00000000000003,55.00000000000001,28.936434108683315,0.36452391379333504,0.0011073345468013572,358.3091399962382,337.9647133320794,6.524535771000682,6.5
220.00000000000003,60.00000000000001,28.954036046418913,0.3909469663968819,0.0011875536794988771,358.3531649865773,337.9793883288591,6.529161245666329,6.5
220.00000000000003,65.0,28.97163798415451,0.41655889451953976,0.0012653041354530824,358.39637885243553,337.99379295081184,6.533701499740027,6.5
220.00000000000003,70.0,28.989239921890103,0.4414080752840401,0.0013407333322217152,358.4388299709356,338.0079433236452,6.538161615952151,6.5
220.00000000000003,75.0,29.0068418596257,0.46553868126116543,0.0014139758646861647,358.4805625146484,338.0218541715495,6.542546235282899,6.5
220.00000000000003,80.0,29.024443797361293,0.4889911541062257,0.0014851549503672656,358.521616925229,338.03553897507635,6.5468596067246825,6.5
220.00000000000003,85.00000000000001,29.04204573509689,0.511802613318115,0.0015543836766726492,358.56203032217655,338.0490101073922,6.551105630228453,6.6
220.00000000000003,90.0,29.05964767283249,0.5340072105020212,0.0016217660817809455,358.60183685709603,338.0622789523654,6.555287893924127,6.6
220.00000000000003,95.0,29.077249610568085,0.5556364376290646,0.0016873980951006497,358.64106802195863,338.07535600731956,6.55940970650779,6.6
220.00000000000003,100.0,29.09485154830368,0.5767193962808003,0.0017513683586427415,358.67975291834597,338.08825097278196,6.563474125529891,6.6
220.00000000000003,105.0,29.11245348603928,0.5972830336585808,0.001813758946956273,358.71791849345936,338.1009728311531,6.567483982191464,6.6
220.00000000000003,110.00000000000001,29.130055423774873,0.6173523501627401,0.0018746460002978652,358.7555897476991,338.11352991589973,6.571441903153337,6.6
220.00000000000003,115.00000000000001,29.14765736151047,0.636950582555108,0.0019341002832887417,358.7927899178271,338.1259299726091,6.575350329780109,6.6
220.00000000000003,120.00000000000001,29.165259299246063,0.6560993660724632,0.0019921876793402584,358.82954063908005,338.1381802130267,6.579211535172551,6.6
220.00000000000003,125.0,29.182861236981665,0.6748188783287943,0.0020489696295111297,358.8658620890719,338.150287363024,6.583027639286662,6.6
220.00000000000003,130.0,29.20046317471726,0.6931279674076186,0.002104503523126231,358.9017731158864,338.1622577052955,6.586800622391663,6.6
220.00000000000003,135.0,29.218065112452855,0.7110442661841468,0.002158843046383104,358.9372913523985,338.17409711746615,6.5905323370811875,6.6
220.00000000000003,140.0,29.23566705018845,0.7285842946164696,0.002212038494254442,358.97243331856646,338.18581110618885,6.594224519020568,6.6
220.00000000000003,145.00000000000003,29.253268987924045,0.7457635514939485,0.0022641370502284653,359.0072145131795,338.19740483772654,6.597878796586204,6.6
220.00000000000003,150.0,29.27087092565964,0.7625965969205369,0.002315183037786606,359.04164949634173,338.2088831654473,6.601496699531822,6.6
220.00000000000003,155.0,29.28847286339524,0.7790971266336753,0.0023652181469772803,359.0757519637904,338.22025065459684,6.605079666796659,6.6
220.00000000000003,160.0,29.306074801130837,0.7952780391097863,0.0024142816389878265,359.10953481400213,338.2315116046674,6.608629053555943,6.6
220.00000000000003,165.0,29.323676738866432,0.8111514962806357,0.0024624105312297064,359.14301020890855,338.2426700696362,6.612146137600007,6.6
220.00000000000003,170.00000000000003,29.341278676602027,0.8267289785769486,0.002509639765122831,359.1761896289405,338.2537298763135,6.615632125117476,6.6
220.00000000000003,175.0,29.358880614337625,0.8420213349237,0.002556002358484123,359.20908392302283,338.2646946410076,6.619088155947921,6.6
220.00000000000003,180.0,29.37648255207322,0.8570388282327301,0.002601529544185043,359.24170335406745,338.27556778468914,6.622515308361632,6.6
220.00000000000003,185.0,29.394084489808815,0.8717911768707427,0.0026462508965365106,359.274057640441,338.2863525468137,6.62591460341641,6.6
220.00000000000003,190.0,29.41168642754441,0.8862875925225709,0.0026901944466821196,359.3061559938285,338.29705199794284,6.629287008935611,6.6
220.00000000000003,195.00000000000003,29.429288365280012,0.9005368148193272,0.00273338678812715,359.3380071538608,338.30766905128695,6.632633443146409,6.6
220.00000000000003,200.0,29.446890303015607,0.91454714305761,0.0027758531733983074,359.36961941983475,338.3182064732783,6.635954778012356,6.6
220.00000000000003,205.00000000000003,29.464492240751202,0.9283264652981803,0.002817617602713905,359.4010006798109,338.32866689327034,6.639251842290568,6.6
220.00000000000003,210.0,29.482094178486797,0.9418822850997156,0.002858702905444099,359.43215843734805,338.3390528124494,6.642525424340584,6.6
220.00000000000003,215.0,29.499696116222392,0.9552217461146112,0.0028991308150534303,359.4630998360985,338.34936661203284,6.645776274708456,6.6
220.00000000000003,220.00000000000003,29.51729805395799,0.9683516547487961,0.002938922038141619,359.4938316824683,338.3596105608228,6.649005108507555,6.6
220.00000000000003,225.0,29.534899991693585,0.9812785010656083,0.002978096318131691,359.5243604665207,338.3697868221736,6.652212607614759,6.7
220.00000000000003,230.00000000000003,29.552501929429184,0.9940084780945325,0.0030166724940958235,359.55469238128524,338.3798974604284,6.655399422699172,6.7
220.00000000000003,235.0,29.57010386716478,1.0065474996886927,0.0030546685551576754,359.584833340615,338.38994444687165,6.658566175098292,6.7
220.00000000000003,240.00000000000003,29.587705804900377,1.018901217060056,0.003092101690864457,359.61478899572194,338.3999296652407,6.6617134585553295,6.7
220.00000000000003,245.00000000000003,29.605307742635972,1.0310750341081436,0.003128988337881796,359.6445647505056,338.40985491683523,6.664841840829608,6.7
220.00000000000003,250.0,29.622909680371567,1.0430741216463757,0.0031653442233289066,359.67416577577944,338.4197219252598,6.667951865191365,6.7
220.00000000000003,255.00000000000003,29.640511618107162,1.0549034306198393,0.0032011844050400125,359.7035970224885,338.42953234082955,6.671044051810449,6.7
220.00000000000003,260.0,29.658113555842764,1.0665677043990962,0.003236523309010007,359.7328632340034,338.4392877446678,6.67411889904785,6.7
220.00000000000003,265.00000000000006,29.67571549357836,1.0780714902264725,0.003271374764257398,359.76196895756635,338.44898965252213,6.677176884658494,6.7
220.00000000000003,270.0,29.693317431313954,1.08941914988399,0.003305752035315391,359.7909185549595,338.45863951831984,6.680218466911915,6.7
220.00000000000003,275.0,29.71091936904955,1.1006148696456173,0.003339667852542171,359.8197162124567,338.4682387374856,6.6832440856379485,6.7
220.00000000000003,280.0,29.728521306785144,1.1116626695706915,0.0033731344404236883,359.84836595011734,338.47778865003914,6.686254163203121,6.7
220.00000000000003,285.0,29.746123244520742,1.122566412190166,0.0034061635440264235,359.8768716304724,338.4872905434908,6.689249105423287,6.7
220.00000000000003,290.00000000000006,29.763725182256337,1.1333298106326888,0.0034387664537433916,359.90523696665053,338.4967456555502,6.69222930241741,6.7
220.00000000000003,295.0,29.781327119991936,1.1439564362332981,0.003470954028463816,359.93346552998673,338.5061551766623,6.695195129406879,6.7
220.00000000000003,300.0,29.79892905772753,1.1544497256637842,0.0035027367172854834,359.9615607571528,338.5155202523843,6.698146947464787,6.7
225.0,0.0,29.39605853890066,0.0,0.0,358.40424051266217,337.99641350422075,6.53452748311739,6.5
225.0,5.0,29.413660476636256,0.04056185289237851,0.00012327764165512376,358.46240430329016,338.0158014344301,6.540638447320574,6.5
225.0,10.0,29.43126241437185,0.07924106789395854,0.0002408193206975169,358.51868545602736,338.0345618186758,6.546551612641756,6.5
225.0,15.000000000000002,29.448864352107446,0.11620487526398286,0.0003531351644834896,358.5732512011329,338.05275040037765,6.552284549086569,6.6
225.0,20.0,29.466466289843048,0.15159915972895432,0.0004606701356117005,358.6262474233335,338.07041580777786,6.557852583997552,6.6
225.0,25.0,29.484068227578643,0.18555194609533962,0.0005638146791438648,358.6778021474355,338.08760071581185,6.563269168269144,6.6
225.0,30.000000000000004,29.501670165314238,0.21817620113332484,0.0006629132803450848,358.72802834020905,338.10434278006966,6.56854617072697,6.6
225.0,35.0,29.519272103049833,0.24957210662670173,0.0007582714064800886,358.77702618343807,338.12067539447935,6.573694116945276,6.6
225.0,40.0,29.536874040785428,0.2798289190282821,0.0008501611855423006,358.8248849335752,338.13662831119177,6.578722384631064,6.6
225.0,45.0,29.554475978521026,0.30902650278887844,0.0009388260880393777,358.8716844550714,338.15222815169045,6.583639364722979,6.6
225.0,50.0,29.57207791625662,0.3372366037561246,0.001024484814755565,358.91749649377425,338.1674988312581,6.5884525951807245,6.6
225.0,55.00000000000001,29.58967985399222,0.36452391379333504,0.0011073345468013572,358.96238574154705,338.182461913849,6.593168872838777,6.6
225.0,60.00000000000001,29.607281791727814,0.3909469663968819,0.0011875536794988771,359.0064107318862,338.1971369106288,6.5977943475044425,6.6
225.0,65.0,29.624883729463413,0.41655889451953976,0.0012653041354530824,359.04962459774447,338.2115415325815,6.60233460157814,6.6
225.0,70.0,29.642485667199008,0.4414080752840401,0.0013407333322217152,359.09207571624455,338.22569190541486,6.606794717790264,6.6
225.0,75.0,29.660087604934603,0.46553868126116543,0.0014139758646861647,359.13380825995733,338.2396027533191,6.611179337120993,6.6
225.0,80.0,29.677689542670198,0.4889911541062257,0.0014851549503672656,359.1748626705379,338.253287556846,6.615492708562779,6.6
225.0,85.00000000000001,29.695291480405793,0.511802613318115,0.0015543836766726492,359.21527606748543,338.2667586891618,6.6197387320665495,6.6
225.0,90.0,29.712893418141395,0.5340072105020212,0.0016217660817809455,359.2550826024049,338.28002753413494,6.623920995762204,6.6
225.0,95.0,29.73049535587699,0.5556364376290646,0.0016873980951006497,359.29431376726757,338.2931045890892,6.628042808345884,6.6
225.0,100.0,29.748097293612584,0.5767193962808003,0.0017513683586427415,359.3329986636549,338.30599955455165,6.632107227368004,6.6
225.0,105.0,29.76569923134818,0.5972830336585808,0.001813758946956273,359.37116423876824,338.31872141292274,6.636117084029559,6.6
225.0,110.00000000000001,29.783301169083778,0.6173523501627401,0.0018746460002978652,359.408835493008,338.3312784976693,6.640075004991415,6.6
225.0,115.00000000000001,29.800903106819373,0.636950582555108,0.0019341002832887417,359.446035663136,338.34367855437864,6.643983431618187,6.6
225.0,120.00000000000001,29.818505044554968,0.6560993660724632,0.0019921876793402584,359.48278638438893,338.3559287947963,6.6478446370106274,6.6
225.0,125.0,29.836106982290566,0.6748188783287943,0.0020489696295111297,359.51910783438086,338.36803594479363,6.651660741124759,6.7
225.0,130.0,29.853708920026165,0.6931279674076186,0.002104503523126231,359.5550188611953,338.3800062870651,6.655433724229757,6.7
225.0,135.0,29.87131085776176,0.7110442661841468,0.002158843046383104,359.59053709770745,338.39184569923583,6.659165438919301,6.7
225.0,140.0,29.888912795497355,0.7285842946164696,0.002212038494254442,359.62567906387534,338.4035596879585,6.662857620858663,6.7
225.0,145.00000000000003,29.90651473323295,0.7457635514939485,0.0022641370502284653,359.6604602584884,338.41515341949616,6.666511898424298,6.7
225.0,150.0,29.924116670968544,0.7625965969205369,0.002315183037786606,359.6948952416506,338.42663174721685,6.670129801369899,6.7
225.0,155.0,29.94171860870414,0.7790971266336753,0.0023652181469772803,359.72899770909936,338.43799923636647,6.673712768634754,6.7
225.0,160.0,29.95932054643974,0.7952780391097863,0.0024142816389878265,359.76278055931107,338.449260186437,6.677262155394038,6.7
225.0,165.0,29.976922484175336,0.8111514962806357,0.0024624105312297064,359.7962559542175,338.46041865140586,6.68077923943812,6.7
225.0,170.00000000000003,29.99452442191093,0.8267289785769486,0.002509639765122831,359.8294353742494,338.47147845808314,6.684265226955571,6.7
225.0,175.0,30.012126359646526,0.8420213349237,0.002556002358484123,359.8623296683317,338.48244322277725,6.6877212577860154,6.7
225.0,180.0,30.029728297382125,0.8570388282327301,0.002601529544185043,359.89494909937633,338.4933163664588,6.691148410199745,6.7
225.0,185.0,30.04733023511772,0.8717911768707427,0.0026462508965365106,359.92730338574995,338.50410112858333,6.694547705254506,6.7
225.0,190.0,30.064932172853315,0.8862875925225709,0.0026901944466821196,359.95940173913743,338.51480057971247,6.6979201107737065,6.7
225.0,195.00000000000003,30.082534110588917,0.9005368148193272,0.00273338678812715,359.99125289916975,338.5254176330566,6.701266544984503,6.7
225.0,200.0,30.10013604832451,0.91454714305761,0.0027758531733983074,360.0228651651436,338.5359550550479,6.70458787985045,6.7
225.0,205.00000000000003,30.117737986060106,0.9283264652981803,0.002817617602713905,360.0542464251198,338.54641547503996,6.707884944128663,6.7
225.0,210.0,30.1353399237957,0.9418822850997156,0.002858702905444099,360.08540418265693,338.556801394219,6.7111585261786795,6.7
225.0,215.0,30.152941861531296,0.9552217461146112,0.0028991308150534303,360.1163455814074,338.56711519380247,6.714409376546549,6.7
225.0,220.00000000000003,30.17054379926689,0.9683516547487961,0.002938922038141619,360.1470774277772,338.57735914259246,6.717638210345668,6.7
225.0,225.0,30.18814573700249,0.9812785010656083,0.002978096318131691,360.17760621182964,338.58753540394326,6.720845709452872,6.7
225.0,230.00000000000003,30.205747674738088,0.9940084780945325,0.0030166724940958235,360.2079381265941,338.59764604219805,6.724032524537266,6.7
225.0,235.0,30.223349612473683,1.0065474996886927,0.0030546685551576754,360.23807908592386,338.6076930286413,6.727199276936386,6.7
225.0,240.00000000000003,30.240951550209278,1.018901217060056,0.003092101690864457,360.2680347410308,338.61767824701025,6.730346560393406,6.7
225.0,245.00000000000003,30.258553487944877,1.0310750341081436,0.003128988337881796,360.29781049581453,338.62760349860486,6.733474942667704,6.7
225.0,250.0,30.27615542568047,1.0430741216463757,0.0031653442233289066,360.3274115210884,338.6374705070295,6.736584967029478,6.7
225.0,255.00000000000003,30.293757363416066,1.0549034306198393,0.0032011844050400125,360.35684276779745,338.6472809225991,6.739677153648525,6.7
225.0,260.0,30.311359301151665,1.0665677043990962,0.003236523309010007,360.38610897931227,338.65703632643744,6.742752000885947,6.7
225.0,265.00000000000006,30.328961238887263,1.0780714902264725,0.003271374764257398,360.41521470287523,338.66673823429176,6.74580998649659,6.7
225.0,270.0,30.34656317662286,1.08941914988399,0.003305752035315391,360.44416430026837,338.67638810008947,6.748851568750012,6.7
225.0,275.0,30.364165114358453,1.1006148696456173,0.003339667852542171,360.47296195776556,338.6859873192552,6.751877187476043,6.8
225.0,280.0,30.381767052094048,1.1116626695706915,0.0033731344404236883,360.5016116954263,338.69553723180877,6.754887265041217,6.8
225.0,285.0,30.399368989829643,1.122566412190166,0.0034061635440264235,360.53011737578134,338.7050391252605,6.7578822072614,6.8
225.0,290.00000000000006,30.41697092756524,1.1333298106326888,0.0034387664537433916,360.5584827119594,338.7144942373198,6.760862404255487,6.8
225.0,295.0,30.43457286530084,1.1439564362332981,0.003470954028463816,360.5867112752956,338.72390375843185,6.763828231244956,6.8
225.0,300.0,30.452174803036435,1.1544497256637842,0.0035027367172854834,360.6148065024617,338.73326883415393,6.766780049302882,6.8
230.00000000000003,0.0,30.049304284209562,0.0,0.0,359.05748625797105,338.2141620859904,6.603160584955487,6.6
230.00000000000003,5.0,30.06690622194516,0.04056185289237851,0.00012327764165512376,359.11565004859904,338.2335500161997,6.609271549158652,6.6
230.00000000000003,10.0,30.084508159680755,0.07924106789395854,0.0002408193206975169,359.17193120133624,338.2523104004454,6.615184714479851,6.6
230.00000000000003,15.000000000000002,30.10211009741635,0.11620487526398286,0.0003531351644834896,359.22649694644184,338.2704989821473,6.620917650924664,6.6
230.00000000000003,20.0,30.119712035151952,0.15159915972895432,0.0004606701356117005,359.27949316864243,338.2881643895475,6.626485685835648,6.6
230.00000000000003,25.0,30.137313972887547,0.18555194609533962,0.0005638146791438648,359.33104789274444,338.3053492975815,6.631902270107239,6.6
230.00000000000003,30.000000000000004,30.154915910623142,0.21817620113332484,0.0006629132803450848,359.38127408551793,338.32209136183934,6.637179272565082,6.6
230.00000000000003,35.0,30.172517848358737,0.24957210662670173,0.0007582714064800886,359.43027192874695,338.338423976249,6.642327218783372,6.6
230.00000000000003,40.0,30.190119786094332,0.2798289190282821,0.0008501611855423006,359.4781306788841,338.3543768929614,6.647355486469159,6.6
230.00000000000003,45.0,30.207721723829927,0.30902650278887844,0.0009388260880393777,359.5249302003803,338.36997673346013,6.652272466561092,6.7
230.00000000000003,50.0,30.225323661565525,0.3372366037561246,0.001024484814755565,359.5707422390832,338.38524741302774,6.65708569701882,6.7
230.00000000000003,55.00000000000001,30.242925599301124,0.36452391379333504,0.0011073345468013572,359.615631486856,338.4002104956187,6.66180197467689,6.7
230.00000000000003,60.00000000000001,30.26052753703672,0.3909469663968819,0.0011875536794988771,359.6596564771951,338.41488549239835,6.66642744934252,6.7
230.00000000000003,65.0,30.278129474772314,0.41655889451953976,0.0012653041354530824,359.70287034305335,338.4292901143511,6.670967703416217,6.7
230.00000000000003,70.0,30.295731412507912,0.4414080752840401,0.0013407333322217152,359.74532146155343,338.4434404871845,6.675427819628359,6.7
230.00000000000003,75.0,30.313333350243507,0.46553868126116543,0.0014139758646861647,359.7870540052662,338.45735133508873,6.679812438959089,6.7
230.00000000000003,80.0,30.330935287979102,0.4889911541062257,0.0014851549503672656,359.8281084158468,338.4710361386156,6.684125810400873,6.7
230.00000000000003,85.00000000000001,30.348537225714697,0.511802613318115,0.0015543836766726492,359.86852181279437,338.4845072709315,6.688371833904663,6.7
230.00000000000003,90.0,30.3661391634503,0.5340072105020212,0.0016217660817809455,359.90832834771385,338.4977761159046,6.6925540976003175,6.7
230.00000000000003,95.0,30.383741101185894,0.5556364376290646,0.0016873980951006497,359.94755951257645,338.5108531708588,6.696675910183979,6.7
230.00000000000003,100.0,30.40134303892149,0.5767193962808003,0.0017513683586427415,359.9862444089638,338.5237481363213,6.7007403292060985,6.7
230.00000000000003,105.0,30.418944976657084,0.5972830336585808,0.001813758946956273,360.0244099840772,338.5364699946924,6.704750185867671,6.7
230.00000000000003,110.00000000000001,30.43654691439268,0.6173523501627401,0.0018746460002978652,360.0620812383169,338.549027079439,6.708708106829528,6.7
230.00000000000003,115.00000000000001,30.454148852128277,0.636950582555108,0.0019341002832887417,360.09928140844494,338.5614271361483,6.712616533456299,6.7
230.00000000000003,120.00000000000001,30.471750789863872,0.6560993660724632,0.0019921876793402584,360.1360321296978,338.57367737656597,6.716477738848741,6.7
230.00000000000003,125.0,30.48935272759947,0.6748188783287943,0.0020489696295111297,360.17235357968974,338.58578452656326,6.720293842962853,6.7
230.00000000000003,130.0,30.506954665335066,0.6931279674076186,0.002104503523126231,360.2082646065042,338.5977548688347,6.724066826067852,6.7
230.00000000000003,135.0,30.524556603070664,0.7110442661841468,0.002158843046383104,360.24378284301633,338.60959428100546,6.727798540757395,6.7
230.00000000000003,140.0,30.54215854080626,0.7285842946164696,0.002212038494254442,360.2789248091843,338.6213082697281,6.731490722696759,6.7
230.00000000000003,145.00000000000003,30.559760478541854,0.7457635514939485,0.0022641370502284653,360.31370600379734,338.6329020012658,6.735145000262394,6.7
230.00000000000003,150.0,30.57736241627745,0.7625965969205369,0.002315183037786606,360.3481409869595,338.64438032898653,6.738762903208012,6.7
230.00000000000003,155.0,30.594964354013044,0.7790971266336753,0.0023652181469772803,360.38224345440824,338.6557478181361,6.7423458704728505,6.7
230.00000000000003,160.0,30.612566291748646,0.7952780391097863,0.0024142816389878265,360.41602630461995,338.66700876820664,6.7458952572321325,6.7
230.00000000000003,165.0,30.63016822948424,0.8111514962806357,0.0024624105312297064,360.44950169952637,338.67816723317543,6.749412341276197,6.7
230.00000000000003,170.00000000000003,30.647770167219836,0.8267289785769486,0.002509639765122831,360.4826811195583,338.68922703985277,6.752898328793664,6.8
230.00000000000003,175.0,30.66537210495543,0.8420213349237,0.002556002358484123,360.51557541364065,338.7001918045469,6.75635435962411,6.8
230.00000000000003,180.0,30.68297404269103,0.8570388282327301,0.002601529544185043,360.5481948446852,338.7110649482284,6.759781512037822,6.8
230.00000000000003,185.0,30.700575980426624,0.8717911768707427,0.0026462508965365106,360.58054913105883,338.72184971035296,6.763180807092601,6.8
230.00000000000003,190.0,30.71817791816222,0.8862875925225709,0.0026901944466821196,360.6126474844463,338.73254916148215,6.76655321261182,6.8
230.00000000000003,195.00000000000003,30.735779855897817,0.9005368148193272,0.00273338678812715,360.64449864447863,338.7431662148262,6.7698996468226,6.8
230.00000000000003,200.0,30.753381793633416,0.91454714305761,0.0027758531733983074,360.67611091045256,338.75370363681753,6.773220981688546,6.8
230.00000000000003,205.00000000000003,30.77098373136901,0.9283264652981803,0.002817617602713905,360.70749217042874,338.7641640568096,6.7765180459667596,6.8
230.00000000000003,210.0,30.788585669104606,0.9418822850997156,0.002858702905444099,360.73864992796587,338.77454997598863,6.779791628016776,6.8
230.00000000000003,215.0,30.8061876068402,0.9552217461146112,0.0028991308150534303,360.7695913267163,338.7848637755721,6.783042478384646,6.8
230.00000000000003,220.00000000000003,30.823789544575796,0.9683516547487961,0.002938922038141619,360.8003231730861,338.795107724362,6.786271312183746,6.8
230.00000000000003,225.0,30.84139148231139,0.9812785010656083,0.002978096318131691,360.8308519571385,338.80528398571283,6.789478811290949,6.8
230.00000000000003,230.00000000000003,30.858993420046993,0.9940084780945325,0.0030166724940958235,360.86118387190305,338.8153946239677,6.792665626375361,6.8
230.00000000000003,235.0,30.876595357782588,1.0065474996886927,0.0030546685551576754,360.8913248312328,338.82544161041096,6.7958323787745,6.8
230.00000000000003,240.00000000000003,30.894197295518183,1.018901217060056,0.003092101690864457,360.9212804863397,338.83542682877993,6.7989796622315195,6.8
230.00000000000003,245.00000000000003,30.911799233253777,1.0310750341081436,0.003128988337881796,360.9510562411234,338.8453520803745,6.8021080445057995,6.8
230.00000000000003,250.0,30.929401170989376,1.0430741216463757,0.0031653442233289066,360.98065726639726,338.85521908879906,6.805218068867555,6.8
230.00000000000003,255.00000000000003,30.94700310872497,1.0549034306198393,0.0032011844050400125,361.0100885131063,338.8650295043688,6.808310255486639,6.8
230.00000000000003,260.0,30.96460504646057,1.0665677043990962,0.003236523309010007,361.0393547246212,338.8747849082071,6.811385102724059,6.8
230.00000000000003,265.00000000000006,30.982206984196164,1.0780714902264725,0.003271374764257398,361.06846044818417,338.8844868160614,6.814443088334684,6.8
230.00000000000003,270.0,30.999808921931763,1.08941914988399,0.003305752035315391,361.0974100455773,338.89413668185915,6.817484670588125,6.8
230.00000000000003,275.0,31.017410859667358,1.1006148696456173,0.003339667852542171,361.12620770307444,338.90373590102485,6.8205102893141385,6.8
230.00000000000003,280.0,31.035012797402953,1.1116626695706915,0.0033731344404236883,361.15485744073516,338.9132858135784,6.823520366879311,6.8
230.00000000000003,285.0,31.052614735138548,1.122566412190166,0.0034061635440264235,361.1833631210902,338.92278770703007,6.826515309099478,6.8
230.00000000000003,290.00000000000006,31.070216672874142,1.1333298106326888,0.0034387664537433916,361.21172845726835,338.9322428190895,6.8294955060936005,6.8
230.00000000000003,295.0,31.087818610609744,1.1439564362332981,0.003470954028463816,361.23995702060455,338.94165234020153,6.832461333083069,6.8
230.00000000000003,300.0,31.10542054834534,1.1544497256637842,0.0035027367172854834,361.26805224777064,338.95101741592356,6.835413151140978,6.8
235.0,0.0,30.702550029518466,0.0,0.0,359.71073200328,338.43191066776,6.671793686793582,6.7
235.0,5.0,30.720151967254065,0.04056185289237851,0.00012327764165512376,359.768895793908,338.45129859796936,6.677904650996765,6.7
235.0,10.0,30.73775390498966,0.07924106789395854,0.0002408193206975169,359.8251769466452,338.47005898221505,6.683817816317945,6.7
235.0,15.000000000000002,30.755355842725255,0.11620487526398286,0.0003531351644834896,359.8797426917507,338.4882475639169,6.689550752762759,6.7
235.0,20.0,30.772957780460853,0.15159915972895432,0.0004606701356117005,359.9327389139513,338.5059129713171,6.695118787673744,6.7
235.0,25.0,30.79055971819645,0.18555194609533962,0.0005638146791438648,359.9842936380533,338.5230978793511,6.7005353719453336,6.7
235.0,30.000000000000004,30.808161655932047,0.21817620113332484,0.0006629132803450848,360.03451983082687,338.53983994360897,6.705812374403177,6.7
235.0,35.0,30.82576359366764,0.24957210662670173,0.0007582714064800886,360.0835176740559,338.55617255801866,6.710960320621485,6.7
235.0,40.0,30.843365531403236,0.2798289190282821,0.0008501611855423006,360.131376424193,338.57212547473097,6.715988588307237,6.7
235.0,45.0,30.86096746913883,0.30902650278887844,0.0009388260880393777,360.1781759456892,338.58772531522976,6.720905568399187,6.7
235.0,50.0,30.878569406874426,0.3372366037561246,0.001024484814755565,360.22398798439207,338.60299599479737,6.7257187988569145,6.7
235.0,55.00000000000001,30.89617134461003,0.36452391379333504,0.0011073345468013572,360.26887723216487,338.6179590773883,6.730435076514985,6.7
235.0,60.00000000000001,30.913773282345623,0.3909469663968819,0.0011875536794988771,360.312902222504,338.63263407416804,6.735060551180633,6.7
235.0,65.0,30.931375220081218,0.41655889451953976,0.0012653041354530824,360.3561160883623,338.6470386961208,6.73960080525433,6.7
235.0,70.0,30.948977157816813,0.4414080752840401,0.0013407333322217152,360.39856720686237,338.6611890689541,6.744060921466454,6.7
235.0,75.0,30.96657909555241,0.46553868126116543,0.0014139758646861647,360.4402997505751,338.6750999168584,6.748445540797202,6.7
235.0,80.0,30.984181033288007,0.4889911541062257,0.0014851549503672656,360.4813541611557,338.68878472038523,6.752758912238968,6.8
235.0,85.00000000000001,31.0017829710236,0.511802613318115,0.0015543836766726492,360.52176755810325,338.70225585270106,6.7570049357427395,6.8
235.0,90.0,31.0193849087592,0.5340072105020212,0.0016217660817809455,360.5615740930227,338.71552469767425,6.761187199438412,6.8
235.0,95.0,31.0369868464948,0.5556364376290646,0.0016873980951006497,360.6008052578854,338.7286017526285,6.765309012022092,6.8
235.0,100.0,31.054588784230393,0.5767193962808003,0.0017513683586427415,360.6394901542727,338.7414967180909,6.769373431044194,6.8
235.0,105.0,31.07219072196599,0.5972830336585808,0.001813758946956273,360.67765572938606,338.75421857646205,6.773383287705768,6.8
235.0,110.00000000000001,31.089792659701583,0.6173523501627401,0.0018746460002978652,360.7153269836258,338.7667756612086,6.777341208667623,6.8
235.0,115.00000000000001,31.107394597437178,0.636950582555108,0.0019341002832887417,360.7525271537538,338.77917571791795,6.781249635294394,6.8
235.0,120.00000000000001,31.124996535172777,0.6560993660724632,0.0019921876793402584,360.78927787500675,338.7914259583356,6.785110840686835,6.8
235.0,125.0,31.142598472908375,0.6748188783287943,0.0020489696295111297,360.8255993249987,338.8035331083329,6.788926944800948,6.8
235.0,130.0,31.16020041064397,0.6931279674076186,0.002104503523126231,360.86151035181314,338.8155034506044,6.792699927905965,6.8
235.0,135.0,31.177802348379565,0.7110442661841468,0.002158843046383104,360.8970285883252,338.8273428627751,6.796431642595491,6.8
235.0,140.0,31.195404286115163,0.7285842946164696,0.002212038494254442,360.93217055449315,338.83905685149773,6.800123824534855,6.8
235.0,145.00000000000003,31.21300622385076,0.7457635514939485,0.0022641370502284653,360.9669517491062,338.8506505830354,6.80377810210049,6.8
235.0,150.0,31.230608161586353,0.7625965969205369,0.002315183037786606,361.00138673226843,338.86212891075616,6.807396005046106,6.8
235.0,155.0,31.24821009932195,0.7790971266336753,0.0023652181469772803,361.0354891997172,338.8734963999057,6.810978972310945,6.8
235.0,160.0,31.26581203705755,0.7952780391097863,0.0024142816389878265,361.0692720499289,338.8847573499763,6.814528359070245,6.8
235.0,165.0,31.283413974793145,0.8111514962806357,0.0024624105312297064,361.10274744483525,338.8959158149451,6.81804544311431,6.8
235.0,170.00000000000003,31.30101591252874,0.8267289785769486,0.002509639765122831,361.1359268648672,338.9069756216224,6.821531430631761,6.8
235.0,175.0,31.318617850264335,0.8420213349237,0.002556002358484123,361.1688211589495,338.9179403863165,6.8249874614622055,6.8
235.0,180.0,31.33621978799993,0.8570388282327301,0.002601529544185043,361.20144058999415,338.9288135299981,6.828414613875935,6.8
235.0,185.0,31.35382172573553,0.8717911768707427,0.0026462508965365106,361.23379487636777,338.9395982921226,6.831813908930695,6.8
235.0,190.0,31.371423663471123,0.8862875925225709,0.0026901944466821196,361.26589322975525,338.9502977432517,6.8351863144498965,6.8
235.0,195.00000000000003,31.389025601206722,0.9005368148193272,0.00273338678812715,361.2977443897875,338.9609147965959,6.838532748660712,6.8
235.0,200.0,31.406627538942317,0.91454714305761,0.0027758531733983074,361.32935665576144,338.97145221858716,6.841854083526642,6.8
235.0,205.00000000000003,31.424229476677915,0.9283264652981803,0.002817617602713905,361.3607379157376,338.9819126385792,6.845151147804854,6.8
235.0,210.0,31.44183141441351,0.9418822850997156,0.002858702905444099,361.39189567327475,338.99229855775826,6.84842472985487,6.8
235.0,215.0,31.459433352149105,0.9552217461146112,0.0028991308150534303,361.42283707202523,339.0026123573418,6.851675580222759,6.9
235.0,220.00000000000003,31.4770352898847,0.9683516547487961,0.002938922038141619,361.45356891839504,339.0128563061317,6.854904414021859,6.9
235.0,225.0,31.494637227620295,0.9812785010656083,0.002978096318131691,361.4840977024474,339.02303256748246,6.858111913129044,6.9
235.0,230.00000000000003,31.512239165355897,0.9940084780945325,0.0030166724940958235,361.51442961721193,339.0331432057373,6.861298728213457,6.9
235.0,235.0,31.529841103091492,1.0065474996886927,0.0030546685551576754,361.5445705765417,339.0431901921806,6.864465480612595,6.9
235.0,240.00000000000003,31.547443040827087,1.018901217060056,0.003092101690864457,361.57452623164863,339.05317541054956,6.867612764069614,6.9
235.0,245.00000000000003,31.565044978562682,1.0310750341081436,0.003128988337881796,361.60430198643235,339.0631006621441,6.870741146343894,6.9
235.0,250.0,31.582646916298277,1.0430741216463757,0.0031653442233289066,361.6339030117062,339.07296767056874,6.873851170705668,6.9
235.0,255.00000000000003,31.600248854033875,1.0549034306198393,0.0032011844050400125,361.6633342584152,339.08277808613843,6.876943357324733,6.9
235.0,260.0,31.617850791769474,1.0665677043990962,0.003236523309010007,361.6926004699301,339.0925334899767,6.880018204562137,6.9
235.0,265.00000000000006,31.63545272950507,1.0780714902264725,0.003271374764257398,361.72170619349305,339.102235397831,6.883076190172779,6.9
235.0,270.0,31.653054667240664,1.08941914988399,0.003305752035315391,361.7506557908862,339.1118852636287,6.886117772426202,6.9
235.0,275.0,31.670656604976262,1.1006148696456173,0.003339667852542171,361.7794534483834,339.1214844827945,6.889143391152235,6.9
235.0,280.0,31.688258542711857,1.1116626695706915,0.0033731344404236883,361.8081031860441,339.131034395348,6.892153468717406,6.9
235.0,285.0,31.705860480447452,1.122566412190166,0.0034061635440264235,361.8366088663991,339.1405362887997,6.895148410937572,6.9
235.0,290.00000000000006,31.723462418183047,1.1333298106326888,0.0034387664537433916,361.86497420257723,339.1499914008591,6.898128607931695,6.9
235.0,295.0,31.74106435591865,1.1439564362332981,0.003470954028463816,361.89320276591343,339.15940092197116,6.901094434921164,6.9
235.0,300.0,31.758666293654244,1.1544497256637842,0.0035027367172854834,361.9212979930795,339.1687659976932,6.904046252979073,6.9
240.00000000000003,0.0,31.35579577482737,0.0,0.0,360.36397774858887,338.64965924952963,6.740426788631677,6.7
240.00000000000003,5.0,31.373397712562966,0.04056185289237851,0.00012327764165512376,360.42214153921685,338.669047179739,6.746537752834859,6.7
240.00000000000003,10.0,31.390999650298564,0.07924106789395854,0.0002408193206975169,360.47842269195405,338.6878075639847,6.7524509181560415,6.8
240.00000000000003,15.000000000000002,31.40860158803416,0.11620487526398286,0.0003531351644834896,360.53298843705966,338.7059961456866,6.758183854600873,6.8
240.00000000000003,20.0,31.426203525769758,0.15159915972895432,0.0004606701356117005,360.58598465926025,338.72366155308674,6.7637518895118385,6.8
240.00000000000003,25.0,31.443805463505353,0.18555194609533962,0.0005638146791438648,360.6375393833622,338.7408464611207,6.769168473783429,6.8
240.00000000000003,30.000000000000004,31.46140740124095,0.21817620113332484,0.0006629132803450848,360.68776557613575,338.7575885253786,6.774445476241273,6.8
240.00000000000003,35.0,31.479009338976546,0.24957210662670173,0.0007582714064800886,360.73676341936476,338.77392113978823,6.779593422459562,6.8
240.00000000000003,40.0,31.49661127671214,0.2798289190282821,0.0008501611855423006,360.7846221695019,338.78987405650065,6.78462169014535,6.8
240.00000000000003,45.0,31.514213214447736,0.30902650278887844,0.0009388260880393777,360.8314216909981,338.8054738969994,6.789538670237284,6.8
240.00000000000003,50.0,31.53181515218333,0.3372366037561246,0.001024484814755565,360.877233729701,338.820744576567,6.794351900695009,6.8
240.00000000000003,55.00000000000001,31.549417089918933,0.36452391379333504,0.0011073345468013572,360.92212297747375,338.8357076591579,6.799068178353063,6.8
240.00000000000003,60.00000000000001,31.567019027654528,0.3909469663968819,0.0011875536794988771,360.9661479678129,338.85038265593766,6.803693653018727,6.8
240.00000000000003,65.0,31.584620965390123,0.41655889451953976,0.0012653041354530824,361.00936183367116,338.8647872778904,6.808233907092425,6.8
240.00000000000003,70.0,31.602222903125718,0.4414080752840401,0.0013407333322217152,361.05181295217125,338.8789376507238,6.812694023304568,6.8
240.00000000000003,75.0,31.619824840861313,0.46553868126116543,0.0014139758646861647,361.09354549588403,338.892848498628,6.81707864263528,6.8
240.00000000000003,80.0,31.63742677859691,0.4889911541062257,0.0014851549503672656,361.13459990646464,338.9065333021549,6.82139201407708,6.8
240.00000000000003,85.00000000000001,31.655028716332506,0.511802613318115,0.0015543836766726492,361.17501330341213,338.92000443447074,6.825638037580853,6.8
240.00000000000003,90.0,31.672630654068104,0.5340072105020212,0.0016217660817809455,361.2148198383316,338.9332732794439,6.8298203012765075,6.8
240.00000000000003,95.0,31.6902325918037,0.5556364376290646,0.0016873980951006497,361.25405100319426,338.9463503343981,6.8339421138601875,6.8
240.00000000000003,100.0,31.707834529539298,0.5767193962808003,0.0017513683586427415,361.2927358995816,338.9592452998606,6.838006532882307,6.8
240.00000000000003,105.0,31.725436467274893,0.5972830336585808,0.001813758946956273,361.330901474695,338.9719671582317,6.842016389543863,6.8
240.00000000000003,110.00000000000001,31.743038405010488,0.6173523501627401,0.0018746460002978652,361.36857272893474,338.98452424297824,6.845974310505718,6.8
240.00000000000003,115.00000000000001,31.760640342746083,0.636950582555108,0.0019341002832887417,361.4057728990627,338.9969242996876,6.84988273713249,6.8
240.00000000000003,120.00000000000001,31.778242280481678,0.6560993660724632,0.0019921876793402584,361.4425236203156,339.0091745401052,6.853743942524931,6.9
240.00000000000003,125.0,31.79584421821728,0.6748188783287943,0.0020489696295111297,361.47884507030756,339.0212816901025,6.857560046639043,6.9
240.00000000000003,130.0,31.813446155952875,0.6931279674076186,0.002104503523126231,361.514756097122,339.03325203237404,6.861333029744062,6.9
240.00000000000003,135.0,31.83104809368847,0.7110442661841468,0.002158843046383104,361.55027433363415,339.04509144454477,6.865064744433604,6.9
240.00000000000003,140.0,31.848650031424064,0.7285842946164696,0.002212038494254442,361.5854162998021,339.05680543326736,6.868756926372949,6.9
240.00000000000003,145.00000000000003,31.866251969159663,0.7457635514939485,0.0022641370502284653,361.62019749441515,339.06839916480504,6.872411203938585,6.9
240.00000000000003,150.0,31.883853906895258,0.7625965969205369,0.002315183037786606,361.6546324775773,339.0798774925258,6.876029106884202,6.9
240.00000000000003,155.0,31.901455844630853,0.7790971266336753,0.0023652181469772803,361.68873494502606,339.09124498167535,6.87961207414904,6.9
240.00000000000003,160.0,31.91905778236645,0.7952780391097863,0.0024142816389878265,361.72251779523776,339.10250593174595,6.883161460908341,6.9
240.00000000000003,165.0,31.93665972010205,0.8111514962806357,0.0024624105312297064,361.7559931901442,339.11366439671474,6.886678544952405,6.9
240.00000000000003,170.00000000000003,31.954261657837645,0.8267289785769486,0.002509639765122831,361.78917261017614,339.1247242033921,6.890164532469874,6.9
240.00000000000003,175.0,31.97186359557324,0.8420213349237,0.002556002358484123,361.8220669042584,339.1356889680862,6.893620563300319,6.9
240.00000000000003,180.0,31.989465533308834,0.8570388282327301,0.002601529544185043,361.85468633530303,339.1465621117677,6.89704771571403,6.9
240.00000000000003,185.0,32.00706747104443,0.8717911768707427,0.0026462508965365106,361.88704062167665,339.1573468738922,6.900447010768791,6.9
240.00000000000003,190.0,32.02466940878003,0.8862875925225709,0.0026901944466821196,361.91913897506413,339.1680463250214,6.90381941628801,6.9
240.00000000000003,195.00000000000003,32.042271346515626,0.9005368148193272,0.00273338678812715,361.95099013509645,339.17866337836546,6.90716585049879,6.9
240.00000000000003,200.0,32.059873284251225,0.91454714305761,0.0027758531733983074,361.9826024010704,339.1892008003568,6.910487185364737,6.9
240.00000000000003,205.00000000000003,32.077475221986816,0.9283264652981803,0.002817617602713905,362.01398366104655,339.19966122034884,6.913784249642949,6.9
240.00000000000003,210.0,32.095077159722415,0.9418822850997156,0.002858702905444099,362.0451414185836,339.2100471395279,6.917057831692964,6.9
240.00000000000003,215.0,32.112679097458006,0.9552217461146112,0.0028991308150534303,362.0760828173341,339.22036093911134,6.920308682060836,6.9
240.00000000000003,220.00000000000003,32.130281035193605,0.9683516547487961,0.002938922038141619,362.1068146637039,339.23060488790134,6.923537515859953,6.9
240.00000000000003,225.0,32.1478829729292,0.9812785010656083,0.002978096318131691,362.13734344775634,339.24078114925214,6.926745014967157,6.9
240.00000000000003,230.00000000000003,32.1654849106648,0.9940084780945325,0.0030166724940958235,362.16767536252087,339.250891787507,6.92993183005157,6.9
240.00000000000003,235.0,32.18308684840039,1.0065474996886927,0.0030546685551576754,362.19781632185055,339.26093877395016,6.933098582450673,6.9
240.00000000000003,240.00000000000003,32.20068878613599,1.018901217060056,0.003092101690864457,362.2277719769575,339.2709239923192,6.9362458659077095,6.9
240.00000000000003,245.00000000000003,32.21829072387159,1.0310750341081436,0.003128988337881796,362.2575477317412,339.28084924391374,6.939374248181989,6.9
240.00000000000003,250.0,32.23589266160718,1.0430741216463757,0.0031653442233289066,362.2871487570151,339.29071625233837,6.942484272543763,6.9
240.00000000000003,255.00000000000003,32.25349459934278,1.0549034306198393,0.0032011844050400125,362.31658000372414,339.30052666790806,6.945576459162829,6.9
240.00000000000003,260.0,32.27109653707838,1.0665677043990962,0.003236523309010007,362.345846215239,339.31028207174637,6.94865130640025,6.9
240.00000000000003,265.00000000000006,32.28869847481398,1.0780714902264725,0.003271374764257398,362.374951938802,339.3199839796007,6.951709292010892,7.0
240.00000000000003,270.0,32.30630041254957,1.08941914988399,0.003305752035315391,362.40390153619506,339.32963384539835,6.954750874264296,7.0
240.00000000000003,275.0,32.32390235028517,1.1006148696456173,0.003339667852542171,362.43269919369226,339.3392330645641,6.957776492990329,7.0
240.00000000000003,280.0,32.34150428802076,1.1116626695706915,0.0033731344404236883,362.461348931353,339.34878297711765,6.960786570555502,7.0
240.00000000000003,285.0,32.359106225756356,1.122566412190166,0.0034061635440264235,362.48985461170804,339.3582848705694,6.963781512775685,7.0
240.00000000000003,290.00000000000006,32.376708163491955,1.1333298106326888,0.0034387664537433916,362.51821994788617,339.36773998262873,6.9667617097697905,7.0
240.00000000000003,295.0,32.39431010122755,1.1439564362332981,0.003470954028463816,362.54644851122237,339.3771495037408,6.969727536759259,7.0
240.00000000000003,300.0,32.411912038963145,1.1544497256637842,0.0035027367172854834,362.5745437383884,339.3865145794628,6.972679354817168,7.0
245.00000000000003,0.0,32.00904152013627,0.0,0.0,361.0172234938978,338.86740783129926,6.809059890469771,6.8
245.00000000000003,5.0,32.02664345787187,0.04056185289237851,0.00012327764165512376,361.0753872845258,338.8867957615086,6.815170854672955,6.8
245.00000000000003,10.0,32.04424539560747,0.07924106789395854,0.0002408193206975169,361.13166843726293,338.90555614575436,6.821084019994154,6.8
245.00000000000003,15.000000000000002,32.06184733334306,0.11620487526398286,0.0003531351644834896,361.18623418236854,338.92374472745615,6.82681695643895,6.8
245.00000000000003,20.0,32.079449271078666,0.15159915972895432,0.0004606701356117005,361.2392304045691,338.94141013485637,6.832384991349933,6.8
245.00000000000003,25.0,32.09705120881426,0.18555194609533962,0.0005638146791438648,361.29078512867113,338.9585950428904,6.837801575621542,6.8
245.00000000000003,30.000000000000004,32.114653146549855,0.21817620113332484,0.0006629132803450848,361.3410113214447,338.9753371071483,6.843078578079386,6.8
245.00000000000003,35.0,32.13225508428545,0.24957210662670173,0.0007582714064800886,361.39000916467364,338.9916697215579,6.848226524297675,6.8
245.00000000000003,40.0,32.149857022021045,0.2798289190282821,0.0008501611855423006,361.4378679148108,339.0076226382703,6.853254791983444,6.9
245.00000000000003,45.0,32.16745895975664,0.30902650278887844,0.0009388260880393777,361.484667436307,339.023222478769,6.858171772075378,6.9
245.00000000000003,50.0,32.185060897492235,0.3372366037561246,0.001024484814755565,361.5304794750099,339.0384931583366,6.862985002533105,6.9
245.00000000000003,55.00000000000001,32.202662835227834,0.36452391379333504,0.0011073345468013572,361.5753687227827,339.0534562409276,6.867701280191175,6.9
245.00000000000003,60.00000000000001,32.22026477296343,0.3909469663968819,0.0011875536794988771,361.61939371312184,339.0681312377073,6.872326754856823,6.9
245.00000000000003,65.0,32.23786671069902,0.41655889451953976,0.0012653041354530824,361.6626075789801,339.08253585966,6.876867008930521,6.9
245.00000000000003,70.0,32.25546864843462,0.4414080752840401,0.0013407333322217152,361.7050586974801,339.09668623249337,6.881327125142644,6.9
245.00000000000003,75.0,32.27307058617022,0.46553868126116543,0.0014139758646861647,361.7467912411929,339.11059708039767,6.885711744473393,6.9
245.00000000000003,80.0,32.29067252390581,0.4889911541062257,0.0014851549503672656,361.7878456517735,339.12428188392454,6.890025115915177,6.9
245.00000000000003,85.00000000000001,32.30827446164141,0.511802613318115,0.0015543836766726492,361.82825904872107,339.13775301624037,6.894271139418947,6.9
245.00000000000003,90.0,32.32587639937701,0.5340072105020212,0.0016217660817809455,361.86806558364054,339.15102186121356,6.898453403114621,6.9
245.00000000000003,95.0,32.34347833711261,0.5556364376290646,0.0016873980951006497,361.9072967485032,339.16409891616775,6.902575215698284,6.9
245.00000000000003,100.0,32.3610802748482,0.5767193962808003,0.0017513683586427415,361.9459816448905,339.17699388163015,6.906639634720385,6.9
245.00000000000003,105.0,32.3786822125838,0.5972830336585808,0.001813758946956273,361.9841472200039,339.1897157400013,6.910649491381958,6.9
245.00000000000003,110.00000000000001,32.39628415031939,0.6173523501627401,0.0018746460002978652,362.0218184742436,339.2022728247479,6.914607412343831,6.9
245.00000000000003,115.00000000000001,32.41388608805499,0.636950582555108,0.0019341002832887417,362.05901864437163,339.21467288145726,6.918515838970603,6.9
245.00000000000003,120.00000000000001,32.431488025790586,0.6560993660724632,0.0019921876793402584,362.09576936562456,339.2269231218749,6.922377044363044,6.9
245.00000000000003,125.0,32.449089963526184,0.6748188783287943,0.0020489696295111297,362.1320908156165,339.2390302718722,6.926193148477156,6.9
245.00000000000003,130.0,32.466691901261775,0.6931279674076186,0.002104503523126231,362.1680018424309,339.2510006141436,6.929966131582138,6.9
245.00000000000003,135.0,32.484293838997374,0.7110442661841468,0.002158843046383104,362.20352007894303,339.26284002631434,6.933697846271682,6.9
245.00000000000003,140.0,32.50189577673297,0.7285842946164696,0.002212038494254442,362.23866204511097,339.274554015037,6.937390028211044,6.9
245.00000000000003,145.00000000000003,32.519497714468564,0.7457635514939485,0.0022641370502284653,362.27344323972403,339.28614774657467,6.941044305776679,6.9
245.00000000000003,150.0,32.53709965220416,0.7625965969205369,0.002315183037786606,362.30787822288625,339.29762607429547,6.944662208722315,6.9
245.00000000000003,155.0,32.554701589939754,0.7790971266336753,0.0023652181469772803,362.34198069033494,339.308993563445,6.948245175987135,6.9
245.00000000000003,160.0,32.57230352767536,0.7952780391097863,0.0024142816389878265,362.3757635405467,339.3202545135156,6.951794562746437,7.0
245.00000000000003,165.0,32.58990546541095,0.8111514962806357,0.0024624105312297064,362.40923893545306,339.33141297848437,6.9553116467905,7.0
245.00000000000003,170.00000000000003,32.60750740314655,0.8267289785769486,0.002509639765122831,362.442418355485,339.34247278516165,6.958797634307951,7.0
245.00000000000003,175.0,32.62510934088214,0.8420213349237,0.002556002358484123,362.47531264956734,339.35343754985576,6.962253665138396,7.0
245.00000000000003,180.0,32.64271127861774,0.8570388282327301,0.002601529544185043,362.50793208061197,339.36431069353733,6.965680817552126,7.0
245.00000000000003,185.0,32.66031321635334,0.8717911768707427,0.0026462508965365106,362.5402863669856,339.3750954556619,6.969080112606904,7.0
245.00000000000003,190.0,32.67791515408893,0.8862875925225709,0.0026901944466821196,362.572384720373,339.38579490679103,6.972452518126104,7.0
245.00000000000003,195.00000000000003,32.69551709182453,0.9005368148193272,0.00273338678812715,362.6042358804053,339.39641196013514,6.975798952336903,7.0
245.00000000000003,200.0,32.713119029560126,0.91454714305761,0.0027758531733983074,362.63584814637926,339.4069493821264,6.979120287202831,7.0
245.00000000000003,205.00000000000003,32.730720967295724,0.9283264652981803,0.002817617602713905,362.66722940635543,339.41740980211847,6.982417351481044,7.0
245.00000000000003,210.0,32.748322905031316,0.9418822850997156,0.002858702905444099,362.69838716389256,339.4277957212975,6.98569093353106,7.0
245.00000000000003,215.0,32.765924842766914,0.9552217461146112,0.0028991308150534303,362.72932856264305,339.438109520881,6.988941783898949,7.0
245.00000000000003,220.00000000000003,32.783526780502505,0.9683516547487961,0.002938922038141619,362.7600604090128,339.44835346967096,6.992170617698049,7.0
245.00000000000003,225.0,32.801128718238104,0.9812785010656083,0.002978096318131691,362.7905891930652,339.45852973102177,6.995378116805253,7.0
245.00000000000003,230.00000000000003,32.8187306559737,0.9940084780945325,0.0030166724940958235,362.82092110782975,339.46864036927656,6.998564931889647,7.0
245.00000000000003,235.0,32.8363325937093,1.0065474996886927,0.0030546685551576754,362.8510620671595,339.47868735571984,7.001731684288786,7.0
245.00000000000003,240.00000000000003,32.85393453144489,1.018901217060056,0.003092101690864457,362.88101772226645,339.48867257408887,7.004878967745823,7.0
245.00000000000003,245.00000000000003,32.87153646918049,1.0310750341081436,0.003128988337881796,362.91079347705016,339.4985978256834,7.008007350020102,7.0
245.00000000000003,250.0,32.88913840691609,1.0430741216463757,0.0031653442233289066,362.94039450232395,339.508464834108,7.011117374381859,7.0
245.00000000000003,255.00000000000003,32.90674034465168,1.0549034306198393,0.0032011844050400125,362.969825749033,339.5182752496777,7.014209561000925,7.0
245.00000000000003,260.0,32.92434228238728,1.0665677043990962,0.003236523309010007,362.9990919605479,339.528030653516,7.0172844082383445,7.0
245.00000000000003,265.00000000000006,32.94194422012288,1.0780714902264725,0.003271374764257398,363.02819768411086,339.5377325613703,7.020342393848988,7.0
245.00000000000003,270.0,32.959546157858476,1.08941914988399,0.003305752035315391,363.057147281504,339.54738242716803,7.0233839761024095,7.0
245.00000000000003,275.0,32.97714809559407,1.1006148696456173,0.003339667852542171,363.0859449390012,339.5569816463337,7.026409594828424,7.0
245.00000000000003,280.0,32.994750033329666,1.1116626695706915,0.0033731344404236883,363.1145946766619,339.56653155888733,7.029419672393614,7.0
245.00000000000003,285.0,33.01235197106526,1.122566412190166,0.0034061635440264235,363.1431003570169,339.576033452339,7.032414614613781,7.0
245.00000000000003,290.00000000000006,33.029953908800856,1.1333298106326888,0.0034387664537433916,363.17146569319505,339.58548856439836,7.035394811607887,7.0
245.00000000000003,295.0,33.047555846536454,1.1439564362332981,0.003470954028463816,363.19969425653125,339.59489808551047,7.038360638597372,7.0
245.00000000000003,300.0,33.06515778427205,1.1544497256637842,0.0035027367172854834,363.22778948369734,339.60426316123244,7.0413124566552625,7.0
250.0,0.0,32.66228726544517,0.0,0.0,361.6704692392067,339.0851564130689,6.877692992307867,6.9
250.0,5.0,32.67988920318077,0.04056185289237851,0.00012327764165512376,361.72863302983467,339.10454434327823,6.883803956511051,6.9
250.0,10.0,32.69749114091636,0.07924106789395854,0.0002408193206975169,361.78491418257187,339.12330472752393,6.8897171218322315,6.9
250.0,15.000000000000002,32.71509307865196,0.11620487526398286,0.0003531351644834896,361.8394799276774,339.14149330922584,6.895450058277063,6.9
250.0,20.0,32.73269501638756,0.15159915972895432,0.0004606701356117005,361.892476149878,339.159158716626,6.9010180931880285,6.9
250.0,25.0,32.75029695412316,0.18555194609533962,0.0005638146791438648,361.94403087398,339.17634362466,6.90643467745962,6.9
250.0,30.000000000000004,32.76789889185875,0.21817620113332484,0.0006629132803450848,361.99425706675356,339.19308568891785,6.911711679917463,6.9
250.0,35.0,32.78550082959435,0.24957210662670173,0.0007582714064800886,362.0432549099826,339.20941830332754,6.9168596261357695,6.9
250.0,40.0,32.803102767329946,0.2798289190282821,0.0008501611855423006,362.09111366011973,339.2253712200399,6.92188789382154,6.9
250.0,45.0,32.82070470506554,0.30902650278887844,0.0009388260880393777,362.13791318161594,339.24097106053864,6.926804873913472,6.9
250.0,50.0,32.838306642801136,0.3372366037561246,0.001024484814755565,362.18372522031876,339.2562417401063,6.931618104371219,6.9
250.0,55.00000000000001,32.855908580536735,0.36452391379333504,0.0011073345468013572,362.22861446809156,339.2712048226972,6.93633438202927,6.9
250.0,60.00000000000001,32.87351051827233,0.3909469663968819,0.0011875536794988771,362.2726394584307,339.2858798194769,6.940959856694919,6.9
250.0,65.0,32.891112456007924,0.41655889451953976,0.0012653041354530824,362.315853324289,339.3002844414297,6.945500110768633,6.9
250.0,70.0,32.90871439374352,0.4414080752840401,0.0013407333322217152,362.35830444278906,339.31443481426305,6.949960226980758,6.9
250.0,75.0,32.926316331479114,0.46553868126116543,0.0014139758646861647,362.4000369865018,339.3283456621673,6.954344846311487,7.0
250.0,80.0,32.94391826921471,0.4889911541062257,0.0014851549503672656,362.4410913970824,339.3420304656941,6.958658217753253,7.0
250.0,85.00000000000001,32.96152020695031,0.511802613318115,0.0015543836766726492,362.48150479402995,339.35550159801,6.962904241257043,7.0
250.0,90.0,32.97912214468591,0.5340072105020212,0.0016217660817809455,362.5213113289494,339.36877044298313,6.9670865049526975,7.0
250.0,95.0,32.9967240824215,0.5556364376290646,0.0016873980951006497,362.5605424938121,339.3818474979374,6.971208317536378,7.0
250.0,100.0,33.0143260201571,0.5767193962808003,0.0017513683586427415,362.5992273901994,339.39474246339984,6.975272736558498,7.0
250.0,105.0,33.0319279578927,0.5972830336585808,0.001813758946956273,362.6373929653128,339.40746432177093,6.979282593220052,7.0
250.0,110.00000000000001,33.04952989562829,0.6173523501627401,0.0018746460002978652,362.6750642195525,339.4200214065175,6.983240514181909,7.0
250.0,115.00000000000001,33.06713183336389,0.636950582555108,0.0019341002832887417,362.7122643896805,339.43242146322683,6.98714894080868,7.0
250.0,120.00000000000001,33.08473377109948,0.6560993660724632,0.0019921876793402584,362.74901511093344,339.4446717036445,6.991010146201122,7.0
250.0,125.0,33.102335708835085,0.6748188783287943,0.0020489696295111297,362.7853365609254,339.45677885364177,6.994826250315233,7.0
250.0,130.0,33.119937646570676,0.6931279674076186,0.002104503523126231,362.82124758773983,339.4687491959133,6.998599233420252,7.0
250.0,135.0,33.137539584306275,0.7110442661841468,0.002158843046383104,362.85676582425197,339.480588608084,7.002330948109795,7.0
250.0,140.0,33.155141522041866,0.7285842946164696,0.002212038494254442,362.89190779041985,339.4923025968066,7.006023130049139,7.0
250.0,145.00000000000003,33.172743459777465,0.7457635514939485,0.0022641370502284653,362.9266889850329,339.5038963283443,7.009677407614775,7.0
250.0,150.0,33.19034539751306,0.7625965969205369,0.002315183037786606,362.9611239681951,339.51537465606503,7.013295310560393,7.0
250.0,155.0,33.207947335248654,0.7790971266336753,0.0023652181469772803,362.9952264356439,339.52674214521466,7.016878277825248,7.0
250.0,160.0,33.22554927298425,0.7952780391097863,0.0024142816389878265,363.0290092858556,339.5380030952852,7.020427664584531,7.0
250.0,165.0,33.24315121071985,0.8111514962806357,0.0024624105312297064,363.062484680762,339.54916156025405,7.0239447486286135,7.0
250.0,170.00000000000003,33.26075314845545,0.8267289785769486,0.002509639765122831,363.0956641007939,339.56022136693133,7.027430736146064,7.0
250.0,175.0,33.27835508619104,0.8420213349237,0.002556002358484123,363.1285583948762,339.57118613162544,7.030886766976509,7.0
250.0,180.0,33.29595702392664,0.8570388282327301,0.002601529544185043,363.16117782592084,339.58205927530696,7.034313919390222,7.0
250.0,185.0,33.31355896166223,0.8717911768707427,0.0026462508965365106,363.19353211229446,339.59284403743146,7.037713214444981,7.0
250.0,190.0,33.33116089939784,0.8862875925225709,0.0026901944466821196,363.22563046568195,339.60354348856066,7.041085619964201,7.0
250.0,195.00000000000003,33.34876283713343,0.9005368148193272,0.00273338678812715,363.25748162571426,339.61416054190477,7.044432054174997,7.0
250.0,200.0,33.36636477486903,0.91454714305761,0.0027758531733983074,363.2890938916882,339.6246979638961,7.047753389040944,7.0
250.0,205.00000000000003,33.38396671260462,0.9283264652981803,0.002817617602713905,363.3204751516643,339.63515838388815,7.051050453319157,7.1
250.0,210.0,33.40156865034022,0.9418822850997156,0.002858702905444099,363.35163290920144,339.6455443030672,7.054324035369174,7.1
250.0,215.0,33.419170588075815,0.9552217461146112,0.0028991308150534303,363.3825743079519,339.65585810265065,7.0575748857370435,7.1
250.0,220.00000000000003,33.436772525811406,0.9683516547487961,0.002938922038141619,363.41330615432173,339.6661020514406,7.060803719536144,7.1
250.0,225.0,33.454374463547005,0.9812785010656083,0.002978096318131691,363.44383493837415,339.6762783127914,7.064011218643349,7.1
250.0,230.00000000000003,33.4719764012826,0.9940084780945325,0.0030166724940958235,363.4741668531386,339.68638895104624,7.0671980337277605,7.1
250.0,235.0,33.4895783390182,1.0065474996886927,0.0030546685551576754,363.50430781246837,339.69643593748947,7.070364786126881,7.1
250.0,240.00000000000003,33.50718027675379,1.018901217060056,0.003092101690864457,363.53426346757533,339.70642115585844,7.0735120695839,7.1
250.0,245.00000000000003,33.52478221448939,1.0310750341081436,0.003128988337881796,363.56403922235904,339.71634640745305,7.076640451858197,7.1
250.0,250.0,33.54238415222498,1.0430741216463757,0.0031653442233289066,363.5936402476329,339.7262134158777,7.079750476219972,7.1
250.0,255.00000000000003,33.55998608996058,1.0549034306198393,0.0032011844050400125,363.62307149434196,339.7360238314473,7.0828426628390195,7.1
250.0,260.0,33.57758802769618,1.0665677043990962,0.003236523309010007,363.65233770585684,339.7457792352856,7.08591751007644,7.1
250.0,265.00000000000006,33.59518996543178,1.0780714902264725,0.003271374764257398,363.68144342941974,339.7554811431399,7.088975495687065,7.1
250.0,270.0,33.61279190316737,1.08941914988399,0.003305752035315391,363.7103930268129,339.76513100893766,7.092017077940505,7.1
250.0,275.0,33.63039384090297,1.1006148696456173,0.003339667852542171,363.7391906843101,339.77473022810335,7.095042696666519,7.1
250.0,280.0,33.64799577863857,1.1116626695706915,0.0033731344404236883,363.7678404219708,339.7842801406569,7.098052774231692,7.1
250.0,285.0,33.66559771637416,1.122566412190166,0.0034061635440264235,363.79634610232586,339.79378203410863,7.101047716451877,7.1
250.0,290.00000000000006,33.68319965410976,1.1333298106326888,0.0034387664537433916,363.8247114385039,339.803237146168,7.104027913445981,7.1
250.0,295.0,33.700801591845355,1.1439564362332981,0.003470954028463816,363.8529400018401,339.81264666728003,7.10699374043545,7.1
250.0,300.0,33.718403529580954,1.1544497256637842,0.0035027367172854834,363.8810352290062,339.82201174300207,7.109945558493358,7.1
255.00000000000003,0.0,33.31553301075408,0.0,0.0,362.3237149845156,339.30290499483857,6.94632609414598,6.9
255.00000000000003,5.0,33.33313494848968,0.04056185289237851,0.00012327764165512376,362.38187877514355,339.32229292504786,6.952437058349145,7.0
255.00000000000003,10.0,33.35073688622528,0.07924106789395854,0.0002408193206975169,362.43815992788075,339.3410533092936,6.958350223670345,7.0
255.00000000000003,15.000000000000002,33.36833882396087,0.11620487526398286,0.0003531351644834896,362.49272567298635,339.35924189099546,6.964083160115157,7.0
255.00000000000003,20.0,33.38594076169647,0.15159915972895432,0.0004606701356117005,362.54572189518694,339.3769072983957,6.969651195026142,7.0
255.00000000000003,25.0,33.403542699432066,0.18555194609533962,0.0005638146791438648,362.59727661928895,339.39409220642966,6.975067779297733,7.0
255.00000000000003,30.000000000000004,33.421144637167664,0.21817620113332484,0.0006629132803450848,362.6475028120625,339.41083427068753,6.980344781755576,7.0
255.00000000000003,35.0,33.438746574903256,0.24957210662670173,0.0007582714064800886,362.69650065529146,339.42716688509717,6.985492727973866,7.0
255.00000000000003,40.0,33.456348512638854,0.2798289190282821,0.0008501611855423006,362.7443594054286,339.4431198018096,6.9905209956596535,7.0
255.00000000000003,45.0,33.473950450374446,0.30902650278887844,0.0009388260880393777,362.7911589269248,339.45871964230827,6.995437975751568,7.0
255.00000000000003,50.0,33.491552388110044,0.3372366037561246,0.001024484814755565,362.8369709656277,339.4739903218759,7.000251206209295,7.0
255.00000000000003,55.00000000000001,33.50915432584564,0.36452391379333504,0.0011073345468013572,362.8818602134005,339.4889534044668,7.004967483867366,7.0
255.00000000000003,60.00000000000001,33.52675626358124,0.3909469663968819,0.0011875536794988771,362.92588520373965,339.50362840124654,7.0095929585330135,7.0
255.00000000000003,65.0,33.54435820131683,0.41655889451953976,0.0012653041354530824,362.96909906959786,339.5180330231993,7.014133212606711,7.0
255.00000000000003,70.0,33.56196013905243,0.4414080752840401,0.0013407333322217152,363.01155018809794,339.5321833960327,7.018593328818852,7.0
255.00000000000003,75.0,33.57956207678802,0.46553868126116543,0.0014139758646861647,363.0532827318107,339.5460942439369,7.022977948149583,7.0
255.00000000000003,80.0,33.59716401452362,0.4889911541062257,0.0014851549503672656,363.09433714239134,339.5597790474638,7.027291319591367,7.0
255.00000000000003,85.00000000000001,33.61476595225922,0.511802613318115,0.0015543836766726492,363.1347505393389,339.5732501797797,7.031537343095156,7.0
255.00000000000003,90.0,33.63236788999482,0.5340072105020212,0.0016217660817809455,363.17455707425836,339.5865190247528,7.035719606790811,7.0
255.00000000000003,95.0,33.649969827730416,0.5556364376290646,0.0016873980951006497,363.213788239121,339.599596079707,7.039841419374473,7.0
255.00000000000003,100.0,33.66757176546601,0.5767193962808003,0.0017513683586427415,363.2524731355083,339.61249104516946,7.043905838396593,7.0
255.00000000000003,105.0,33.685173703201606,0.5972830336585808,0.001813758946956273,363.2906387106217,339.62521290354056,7.0479156950581485,7.0
255.00000000000003,110.00000000000001,33.7027756409372,0.6173523501627401,0.0018746460002978652,363.32830996486143,339.6377699882872,7.051873616020021,7.1
255.00000000000003,115.00000000000001,33.720377578672796,0.636950582555108,0.0019341002832887417,363.36551013498945,339.6501700449965,7.055782042646793,7.1
255.00000000000003,120.00000000000001,33.73797951640839,0.6560993660724632,0.0019921876793402584,363.4022608562424,339.66242028541416,7.059643248039235,7.1
255.00000000000003,125.0,33.75558145414399,0.6748188783287943,0.0020489696295111297,363.43858230623425,339.67452743541145,7.063459352153346,7.1
255.00000000000003,130.0,33.773183391879584,0.6931279674076186,0.002104503523126231,363.4744933330487,339.6864977776829,7.067232335258346,7.1
255.00000000000003,135.0,33.79078532961518,0.7110442661841468,0.002158843046383104,363.51001156956085,339.69833718985365,7.070964049947889,7.1
255.00000000000003,140.0,33.808387267350774,0.7285842946164696,0.002212038494254442,363.5451535357288,339.7100511785763,7.074656231887253,7.1
255.00000000000003,145.00000000000003,33.82598920508637,0.7457635514939485,0.0022641370502284653,363.57993473034185,339.721644910114,7.078310509452888,7.1
255.00000000000003,150.0,33.84359114282197,0.7625965969205369,0.002315183037786606,363.61436971350406,339.7331232378347,7.081928412398506,7.1
255.00000000000003,155.0,33.86119308055756,0.7790971266336753,0.0023652181469772803,363.64847218095275,339.7444907269842,7.085511379663326,7.1
255.00000000000003,160.0,33.87879501829316,0.7952780391097863,0.0024142816389878265,363.68225503116446,339.75575167705483,7.089060766422626,7.1
255.00000000000003,165.0,33.89639695602876,0.8111514962806357,0.0024624105312297064,363.7157304260709,339.7669101420236,7.092577850466691,7.1
255.00000000000003,170.00000000000003,33.91399889376436,0.8267289785769486,0.002509639765122831,363.74890984610283,339.77796994870096,7.0960638379841585,7.1
255.00000000000003,175.0,33.93160083149995,0.8420213349237,0.002556002358484123,363.78180414018516,339.78893471339507,7.099519868814603,7.1
255.00000000000003,180.0,33.94920276923555,0.8570388282327301,0.002601529544185043,363.8144235712298,339.7998078570766,7.102947021228316,7.1
255.00000000000003,185.0,33.96680470697114,0.8717911768707427,0.0026462508965365106,363.84677785760334,339.81059261920115,7.106346316283094,7.1
255.00000000000003,190.0,33.98440664470674,0.8862875925225709,0.0026901944466821196,363.8788762109908,339.8212920703303,7.109718721802296,7.1
255.00000000000003,195.00000000000003,34.002008582442336,0.9005368148193272,0.00273338678812715,363.91072737102314,339.8319091236744,7.113065156013093,7.1
255.00000000000003,200.0,34.019610520177935,0.91454714305761,0.0027758531733983074,363.9423396369971,339.8424465456657,7.11638649087904,7.1
255.00000000000003,205.00000000000003,34.037212457913526,0.9283264652981803,0.002817617602713905,363.97372089697325,339.8529069656577,7.119683555157235,7.1
255.00000000000003,210.0,34.054814395649124,0.9418822850997156,0.002858702905444099,364.0048786545104,339.86329288483677,7.12295713720725,7.1
255.00000000000003,215.0,34.07241633338472,0.9552217461146112,0.0028991308150534303,364.03582005326086,339.8736066844203,7.12620798757514,7.1
255.00000000000003,220.00000000000003,34.090018271120314,0.9683516547487961,0.002938922038141619,364.0665518996306,339.8838506332102,7.129436821374239,7.1
255.00000000000003,225.0,34.10762020885591,0.9812785010656083,0.002978096318131691,364.09708068368303,339.894026894561,7.132644320481443,7.1
255.00000000000003,230.00000000000003,34.12522214659151,0.9940084780945325,0.0030166724940958235,364.12741259844756,339.90413753281587,7.135831135565855,7.1
255.00000000000003,235.0,34.14282408432711,1.0065474996886927,0.0030546685551576754,364.1575535577773,339.9141845192591,7.138997887964976,7.1
255.00000000000003,240.00000000000003,34.1604260220627,1.018901217060056,0.003092101690864457,364.18750921288427,339.9241697376281,7.142145171422014,7.1
255.00000000000003,245.00000000000003,34.1780279597983,1.0310750341081436,0.003128988337881796,364.2172849676679,339.9340949892226,7.145273553696275,7.1
255.00000000000003,250.0,34.19562989753389,1.0430741216463757,0.0031653442233289066,364.24688599294177,339.94396199764725,7.148383578058049,7.1
255.00000000000003,255.00000000000003,34.21323183526949,1.0549034306198393,0.0032011844050400125,364.27631723965084,339.95377241321694,7.151475764677114,7.2
255.00000000000003,260.0,34.23083377300509,1.0665677043990962,0.003236523309010007,364.3055834511657,339.96352781705525,7.154550611914536,7.2
255.00000000000003,265.00000000000006,34.24843571074069,1.0780714902264725,0.003271374764257398,364.3346891747287,339.9732297249096,7.157608597525178,7.2
255.00000000000003,270.0,34.26603764847628,1.08941914988399,0.003305752035315391,364.3636387721218,339.9828795907073,7.160650179778601,7.2
255.00000000000003,275.0,34.283639586211876,1.1006148696456173,0.003339667852542171,364.392436429619,339.99247880987303,7.163675798504633,7.2
255.00000000000003,280.0,34.301241523947475,1.1116626695706915,0.0033731344404236883,364.42108616727967,340.0020287224266,7.166685876069805,7.2
255.00000000000003,285.0,34.318843461683066,1.122566412190166,0.0034061635440264235,364.44959184763474,340.01153061587826,7.169680818289971,7.2
255.00000000000003,290.00000000000006,34.336445399418665,1.1333298106326888,0.0034387664537433916,364.47795718381286,340.0209857279376,7.172661015284076,7.2
255.00000000000003,295.0,34.35404733715426,1.1439564362332981,0.003470954028463816,364.50618574714906,340.0303952490497,7.175626842273563,7.2
255.00000000000003,300.0,34.37164927488986,1.1544497256637842,0.0035027367172854834,364.53428097431515,340.03976032477175,7.178578660331471,7.2
260.0,0.0,33.96877875606298,0.0,0.0,362.9769607298245,339.52065357660814,7.014959195984058,7.0
260.0,5.0,33.98638069379858,0.04056185289237851,0.00012327764165512376,363.0351245204525,339.5400415068175,7.021070160187239,7.0
260.0,10.0,34.00398263153417,0.07924106789395854,0.0002408193206975169,363.0914056731896,339.55880189106324,7.026983325508439,7.0
260.0,15.000000000000002,34.02158456926977,0.11620487526398286,0.0003531351644834896,363.14597141829523,339.5769904727651,7.0327162619532535,7.0
260.0,20.0,34.03918650700537,0.15159915972895432,0.0004606701356117005,363.1989676404958,339.59465588016525,7.038284296864219,7.0
260.0,25.0,34.05678844474097,0.18555194609533962,0.0005638146791438648,363.2505223645978,339.6118407881993,7.043700881135828,7.0
260.0,30.000000000000004,34.07439038247656,0.21817620113332484,0.0006629132803450848,363.3007485573714,339.62858285245716,7.048977883593671,7.0
260.0,35.0,34.09199232021216,0.24957210662670173,0.0007582714064800886,363.3497464006004,339.64491546686685,7.054125829811979,7.1
260.0,40.0,34.10959425794775,0.2798289190282821,0.0008501611855423006,363.39760515073755,339.66086838357916,7.05915409749773,7.1
260.0,45.0,34.12719619568335,0.30902650278887844,0.0009388260880393777,363.4444046722337,339.67646822407795,7.064071077589682,7.1
260.0,50.0,34.144798133418945,0.3372366037561246,0.001024484814755565,363.4902167109366,339.69173890364556,7.068884308047409,7.1
260.0,55.00000000000001,34.16240007115454,0.36452391379333504,0.0011073345468013572,363.5351059587094,339.7067019862365,7.07360058570548,7.1
260.0,60.00000000000001,34.180002008890135,0.3909469663968819,0.0011875536794988771,363.57913094904853,339.72137698301617,7.078226060371108,7.1
260.0,65.0,34.19760394662573,0.41655889451953976,0.0012653041354530824,363.6223448149068,339.73578160496896,7.082766314444824,7.1
260.0,70.0,34.21520588436133,0.4414080752840401,0.0013407333322217152,363.6647959334069,339.7499319778023,7.087226430656949,7.1
260.0,75.0,34.23280782209692,0.46553868126116543,0.0014139758646861647,363.7065284771196,339.76384282570655,7.091611049987679,7.1
260.0,80.0,34.25040975983252,0.4889911541062257,0.0014851549503672656,363.7475828877002,339.7775276292334,7.095924421429461,7.1
260.0,85.00000000000001,34.26801169756811,0.511802613318115,0.0015543836766726492,363.78799628464776,339.79099876154925,7.100170444933234,7.1
260.0,90.0,34.28561363530372,0.5340072105020212,0.0016217660817809455,363.82780281956724,339.80426760652244,7.104352708628905,7.1
260.0,95.0,34.30321557303931,0.5556364376290646,0.0016873980951006497,363.8670339844299,339.8173446614766,7.108474521212568,7.1
260.0,100.0,34.32081751077491,0.5767193962808003,0.0017513683586427415,363.90571888081723,339.8302396269391,7.112538940234688,7.1
260.0,105.0,34.3384194485105,0.5972830336585808,0.001813758946956273,363.9438844559306,339.84296148531024,7.116548796896262,7.1
260.0,110.00000000000001,34.3560213862461,0.6173523501627401,0.0018746460002978652,363.9815557101703,339.8555185700568,7.120506717858116,7.1
260.0,115.00000000000001,34.3736233239817,0.636950582555108,0.0019341002832887417,364.01875588029833,339.86791862676614,7.124415144484888,7.1
260.0,120.00000000000001,34.39122526171729,0.6560993660724632,0.0019921876793402584,364.05550660155126,339.8801688671838,7.1282763498773285,7.1
260.0,125.0,34.40882719945289,0.6748188783287943,0.0020489696295111297,364.0918280515432,339.8922760171811,7.132092453991441,7.1
260.0,130.0,34.426429137188485,0.6931279674076186,0.002104503523126231,364.12773907835765,339.90424635945254,7.135865437096442,7.1
260.0,135.0,34.444031074924084,0.7110442661841468,0.002158843046383104,364.1632573148698,339.9160857716233,7.139597151785985,7.1
260.0,140.0,34.461633012659675,0.7285842946164696,0.002212038494254442,364.19839928103767,339.92779976034586,7.14328933372533,7.1
260.0,145.00000000000003,34.47923495039527,0.7457635514939485,0.0022641370502284653,364.2331804756507,339.93939349188355,7.146943611290965,7.1
260.0,150.0,34.496836888130865,0.7625965969205369,0.002315183037786606,364.26761545881294,339.95087181960434,7.150561514236601,7.2
260.0,155.0,34.51443882586646,0.7790971266336753,0.0023652181469772803,364.3017179262617,339.9622393087539,7.154144481501438,7.2
260.0,160.0,34.53204076360206,0.7952780391097863,0.0024142816389878265,364.3355007764734,339.97350025882446,7.157693868260722,7.2
260.0,165.0,34.54964270133766,0.8111514962806357,0.0024624105312297064,364.36897617137976,339.98465872379325,7.161210952304786,7.2
260.0,170.00000000000003,34.56724463907325,0.8267289785769486,0.002509639765122831,364.4021555914117,339.9957185304706,7.164696939822255,7.2
260.0,175.0,34.58484657680885,0.8420213349237,0.002556002358484123,364.43504988549404,340.0066832951647,7.1681529706527,7.2
260.0,180.0,34.60244851454445,0.8570388282327301,0.002601529544185043,364.46766931653866,340.0175564388462,7.171580123066411,7.2
260.0,185.0,34.62005045228004,0.8717911768707427,0.0026462508965365106,364.5000236029123,340.0283412009708,7.174979418121189,7.2
260.0,190.0,34.63765239001564,0.8862875925225709,0.0026901944466821196,364.53212195629976,340.0390406520999,7.178351823640391,7.2
260.0,195.00000000000003,34.65525432775124,0.9005368148193272,0.00273338678812715,364.5639731163321,340.0496577054441,7.181698257851206,7.2
260.0,200.0,34.672856265486836,0.91454714305761,0.0027758531733983074,364.59558538230596,340.0601951274353,7.185019592717117,7.2
260.0,205.00000000000003,34.69045820322243,0.9283264652981803,0.002817617602713905,364.6269666422821,340.0706555474274,7.188316656995347,7.2
260.0,210.0,34.708060140958025,0.9418822850997156,0.002858702905444099,364.65812439981926,340.08104146660645,7.191590239045364,7.2
260.0,215.0,34.72566207869362,0.9552217461146112,0.0028991308150534303,364.68906579856974,340.09135526618996,7.194841089413252,7.2
260.0,220.00000000000003,34.743264016429215,0.9683516547487961,0.002938922038141619,364.71979764493955,340.10159921497984,7.1980699232123335,7.2
260.0,225.0,34.760865954164814,0.9812785010656083,0.002978096318131691,364.7503264289919,340.11177547633065,7.201277422319538,7.2
260.0,230.00000000000003,34.77846789190041,0.9940084780945325,0.0030166724940958235,364.78065834375644,340.1218861145855,7.2044642374039505,7.2
260.0,235.0,34.796069829636004,1.0065474996886927,0.0030546685551576754,364.8107993030862,340.1319331010288,7.207630989803089,7.2
260.0,240.00000000000003,34.8136717673716,1.018901217060056,0.003092101690864457,364.84075495819314,340.14191831939775,7.210778273260108,7.2
260.0,245.00000000000003,34.8312737051072,1.0310750341081436,0.003128988337881796,364.87053071297686,340.1518435709923,7.213906655534388,7.2
260.0,250.0,34.84887564284279,1.0430741216463757,0.0031653442233289066,364.9001317382507,340.16171057941693,7.217016679896163,7.2
260.0,255.00000000000003,34.86647758057839,1.0549034306198393,0.0032011844050400125,364.9295629849598,340.1715209949866,7.220108866515227,7.2
260.0,260.0,34.88407951831399,1.0665677043990962,0.003236523309010007,364.9588291964746,340.1812763988249,7.223183713752631,7.2
260.0,265.00000000000006,34.90168145604959,1.0780714902264725,0.003271374764257398,364.98793492003756,340.1909783066792,7.226241699363273,7.2
260.0,270.0,34.91928339378518,1.08941914988399,0.003305752035315391,365.0168845174307,340.2006281724769,7.229283281616696,7.2
260.0,275.0,34.93688533152078,1.1006148696456173,0.003339667852542171,365.0456821749279,340.2102273916426,7.23230890034271,7.2
260.0,280.0,34.95448726925637,1.1116626695706915,0.0033731344404236883,365.0743319125886,340.2197773041962,7.2353189779079,7.2
260.0,285.0,34.97208920699197,1.122566412190166,0.0034061635440264235,365.1028375929436,340.2292791976479,7.238313920128066,7.2
260.0,290.00000000000006,34.989691144727566,1.1333298106326888,0.0034387664537433916,365.13120292912174,340.23873430970724,7.241294117122171,7.2
260.0,295.0,35.007293082463164,1.1439564362332981,0.003470954028463816,365.15943149245794,340.24814383081934,7.244259944111657,7.2
260.0,300.0,35.024895020198755,1.1544497256637842,0.0035027367172854834,365.18752671962403,340.2575089065413,7.247211762169549,7.2
265.00000000000006,0.0,34.62202450137189,0.0,0.0,363.6302064751334,339.7384021583778,7.083592297822171,7.1
265.00000000000006,5.0,34.63962643910749,0.04056185289237851,0.00012327764165512376,363.68837026576136,339.7577900885871,7.089703262025336,7.1
265.00000000000006,10.0,34.65722837684308,0.07924106789395854,0.0002408193206975169,363.74465141849856,339.77655047283287,7.095616427346535,7.1
265.00000000000006,15.000000000000002,34.67483031457868,0.11620487526398286,0.0003531351644834896,363.79921716360417,339.7947390545348,7.101349363791367,7.1
265.00000000000006,20.0,34.692432252314276,0.15159915972895432,0.0004606701356117005,363.85221338580476,339.81240446193493,7.106917398702332,7.1
265.00000000000006,25.0,34.710034190049875,0.18555194609533962,0.0005638146791438648,363.90376810990676,339.8295893699689,7.112333982973923,7.1
265.00000000000006,30.000000000000004,34.727636127785466,0.21817620113332484,0.0006629132803450848,363.95399430268026,339.8463314342268,7.117610985431766,7.1
265.00000000000006,35.0,34.745238065521065,0.24957210662670173,0.0007582714064800886,364.0029921459093,339.8626640486364,7.122758931650056,7.1
265.00000000000006,40.0,34.76284000325666,0.2798289190282821,0.0008501611855423006,364.0508508960464,339.87861696534884,7.1277871993358435,7.1
265.00000000000006,45.0,34.780441940992255,0.30902650278887844,0.0009388260880393777,364.09765041754264,339.8942168058475,7.132704179427758,7.1
265.00000000000006,50.0,34.79804387872785,0.3372366037561246,0.001024484814755565,364.1434624562455,339.9094874854152,7.137517409885503,7.1
265.00000000000006,55.00000000000001,34.81564581646345,0.36452391379333504,0.0011073345468013572,364.1883517040183,339.9244505680061,7.142233687543556,7.1
265.00000000000006,60.00000000000001,34.83324775419905,0.3909469663968819,0.0011875536794988771,364.2323766943574,339.9391255647858,7.146859162209204,7.1
265.00000000000006,65.0,34.85084969193464,0.41655889451953976,0.0012653041354530824,364.2755905602157,339.9535301867386,7.151399416282919,7.2
265.00000000000006,70.0,34.86845162967024,0.4414080752840401,0.0013407333322217152,364.31804167871576,339.96768055957193,7.155859532495044,7.2
265.00000000000006,75.0,34.88605356740583,0.46553868126116543,0.0014139758646861647,364.35977422242854,339.9815914074762,7.160244151825773,7.2
265.00000000000006,80.0,34.90365550514143,0.4889911541062257,0.0014851549503672656,364.40082863300916,339.99527621100304,7.164557523267558,7.2
265.00000000000006,85.00000000000001,34.92125744287703,0.511802613318115,0.0015543836766726492,364.4412420299567,340.00874734331893,7.168803546771347,7.2
265.00000000000006,90.0,34.93885938061263,0.5340072105020212,0.0016217660817809455,364.4810485648762,340.02201618829207,7.172985810467002,7.2
265.00000000000006,95.0,34.95646131834822,0.5556364376290646,0.0016873980951006497,364.5202797297388,340.0350932432463,7.177107623050682,7.2
265.00000000000006,100.0,34.97406325608382,0.5767193962808003,0.0017513683586427415,364.5589646261261,340.0479882087087,7.1811720420727845,7.2
265.00000000000006,105.0,34.991665193819415,0.5972830336585808,0.001813758946956273,364.5971302012395,340.0607100670798,7.1851818987343385,7.2
265.00000000000006,110.00000000000001,35.009267131555006,0.6173523501627401,0.0018746460002978652,364.63480145547925,340.0732671518264,7.189139819696212,7.2
265.00000000000006,115.00000000000001,35.026869069290605,0.636950582555108,0.0019341002832887417,364.67200162560727,340.08566720853577,7.1930482463229835,7.2
265.00000000000006,120.00000000000001,35.044471007026196,0.6560993660724632,0.0019921876793402584,364.70875234686014,340.0979174489534,7.196909451715425,7.2
265.00000000000006,125.0,35.0620729447618,0.6748188783287943,0.0020489696295111297,364.74507379685207,340.1100245989507,7.200725555829537,7.2
265.00000000000006,130.0,35.07967488249739,0.6931279674076186,0.002104503523126231,364.78098482366653,340.1219949412222,7.204498538934555,7.2
265.00000000000006,135.0,35.09727682023299,0.7110442661841468,0.002158843046383104,364.81650306017866,340.1338343533929,7.208230253624081,7.2
265.00000000000006,140.0,35.11487875796858,0.7285842946164696,0.002212038494254442,364.8516450263466,340.14554834211555,7.2119224355634435,7.2
265.00000000000006,145.00000000000003,35.13248069570418,0.7457635514939485,0.0022641370502284653,364.88642622095966,340.15714207365323,7.215576713129078,7.2
265.00000000000006,150.0,35.15008263343977,0.7625965969205369,0.002315183037786606,364.9208612041218,340.16862040137397,7.219194616074696,7.2
265.00000000000006,155.0,35.16768457117537,0.7790971266336753,0.0023652181469772803,364.95496367157057,340.17998789052353,7.222777583339533,7.2
265.00000000000006,160.0,35.18528650891097,0.7952780391097863,0.0024142816389878265,364.9887465217823,340.19124884059414,7.226326970098835,7.2
265.00000000000006,165.0,35.20288844664657,0.8111514962806357,0.0024624105312297064,365.0222219166887,340.20240730556293,7.229844054142898,7.2
265.00000000000006,170.00000000000003,35.22049038438216,0.8267289785769486,0.002509639765122831,365.05540133672065,340.21346711224027,7.233330041660367,7.2
265.00000000000006,175.0,35.23809232211776,0.8420213349237,0.002556002358484123,365.088295630803,340.2244318769344,7.236786072490813,7.2
265.00000000000006,180.0,35.25569425985336,0.8570388282327301,0.002601529544185043,365.12091506184754,340.23530502061584,7.240213224904506,7.2
265.00000000000006,185.0,35.27329619758895,0.8717911768707427,0.0026462508965365106,365.15326934822116,340.2460897827404,7.243612519959285,7.2
265.00000000000006,190.0,35.29089813532455,0.8862875925225709,0.0026901944466821196,365.18536770160864,340.25678923386954,7.246984925478485,7.2
265.00000000000006,195.00000000000003,35.308500073060145,0.9005368148193272,0.00273338678812715,365.21721886164096,340.26740628721365,7.250331359689284,7.3
265.00000000000006,200.0,35.32610201079574,0.91454714305761,0.0027758531733983074,365.2488311276149,340.277943709205,7.25365269455523,7.3
265.00000000000006,205.00000000000003,35.343703948531335,0.9283264652981803,0.002817617602713905,365.28021238759106,340.28840412919703,7.256949758833442,7.3
265.00000000000006,210.0,35.36130588626693,0.9418822850997156,0.002858702905444099,365.3113701451282,340.2987900483761,7.260223340883458,7.3
265.00000000000006,215.0,35.378907824002525,0.9552217461146112,0.0028991308150534303,365.3423115438786,340.30910384795953,7.26347419125133,7.3
265.00000000000006,220.00000000000003,35.39650976173812,0.9683516547487961,0.002938922038141619,365.3730433902484,340.31934779674947,7.26670302505043,7.3
265.00000000000006,225.0,35.41411169947372,0.9812785010656083,0.002978096318131691,365.40357217430085,340.3295240581003,7.269910524157633,7.3
265.00000000000006,230.00000000000003,35.43171363720932,0.9940084780945325,0.0030166724940958235,365.4339040890654,340.3396346963552,7.273097339242064,7.3
265.00000000000006,235.0,35.44931557494491,1.0065474996886927,0.0030546685551576754,365.4640450483951,340.34968168279835,7.276264091641166,7.3
265.00000000000006,240.00000000000003,35.46691751268051,1.018901217060056,0.003092101690864457,365.494000703502,340.3596669011674,7.279411375098204,7.3
265.00000000000006,245.00000000000003,35.48451945041611,1.0310750341081436,0.003128988337881796,365.52377645828574,340.3695921527619,7.282539757372483,7.3
265.00000000000006,250.0,35.5021213881517,1.0430741216463757,0.0031653442233289066,365.5533774835596,340.37945916118656,7.285649781734257,7.3
265.00000000000006,255.00000000000003,35.5197233258873,1.0549034306198393,0.0032011844050400125,365.58280873026865,340.38926957675625,7.288741968353323,7.3
265.00000000000006,260.0,35.5373252636229,1.0665677043990962,0.003236523309010007,365.61207494178353,340.3990249805945,7.291816815590725,7.3
265.00000000000006,265.00000000000006,35.554927201358495,1.0780714902264725,0.003271374764257398,365.6411806653465,340.4087268884488,7.294874801201368,7.3
265.00000000000006,270.0,35.57252913909409,1.08941914988399,0.003305752035315391,365.67013026273963,340.41837675424654,7.29791638345479,7.3
265.00000000000006,275.0,35.590131076829685,1.1006148696456173,0.003339667852542171,365.69892792023677,340.4279759734123,7.300942002180823,7.3
265.00000000000006,280.0,35.60773301456528,1.1116626695706915,0.0033731344404236883,365.7275776578975,340.43752588596584,7.303952079745995,7.3
265.00000000000006,285.0,35.625334952300875,1.122566412190166,0.0034061635440264235,365.75608333825255,340.4470277794175,7.306947021966162,7.3
265.00000000000006,290.00000000000006,35.642936890036474,1.1333298106326888,0.0034387664537433916,365.7844486744307,340.4564828914769,7.309927218960285,7.3
265.00000000000006,295.0,35.66053882777207,1.1439564362332981,0.003470954028463816,365.8126772377669,340.46589241258897,7.312893045949753,7.3
265.00000000000006,300.0,35.67814076550766,1.1544497256637842,0.0035027367172854834,365.8407724649329,340.475257488311,7.315844864007662,7.3
270.0,0.0,35.27527024668079,0.0,0.0,364.2834522204423,339.95615074014745,7.152225399660265,7.2
270.0,5.0,35.29287218441639,0.04056185289237851,0.00012327764165512376,364.3416160110703,339.9755386703568,7.158336363863449,7.2
270.0,10.0,35.31047412215198,0.07924106789395854,0.0002408193206975169,364.39789716380744,339.9942990546025,7.164249529184631,7.2
270.0,15.000000000000002,35.32807605988758,0.11620487526398286,0.0003531351644834896,364.45246290891305,340.01248763630434,7.1699824656294435,7.2
270.0,20.0,35.34567799762318,0.15159915972895432,0.0004606701356117005,364.50545913111364,340.03015304370456,7.175550500540426,7.2
270.0,25.0,35.363279935358776,0.18555194609533962,0.0005638146791438648,364.55701385521564,340.0473379517386,7.180967084812036,7.2
270.0,30.000000000000004,35.38088187309437,0.21817620113332484,0.0006629132803450848,364.6072400479892,340.0640800159964,7.186244087269863,7.2
270.0,35.0,35.398483810829966,0.24957210662670173,0.0007582714064800886,364.6562378912182,340.0804126304061,7.191392033488169,7.2
270.0,40.0,35.41608574856556,0.2798289190282821,0.0008501611855423006,364.7040966413553,340.09636554711847,7.196420301173938,7.2
270.0,45.0,35.433687686301155,0.30902650278887844,0.0009388260880393777,364.7508961628515,340.1119653876172,7.201337281265872,7.2
270.0,50.0,35.45128962403675,0.3372366037561246,0.001024484814755565,364.7967082015544,340.1272360671848,7.206150511723599,7.2
270.0,55.00000000000001,35.46889156177235,0.36452391379333504,0.0011073345468013572,364.8415974493272,340.14219914977576,7.21086678938167,7.2
270.0,60.00000000000001,35.486493499507944,0.3909469663968819,0.0011875536794988771,364.88562243966635,340.1568741465555,7.215492264047318,7.2
270.0,65.0,35.50409543724354,0.41655889451953976,0.0012653041354530824,364.9288363055246,340.1712787685082,7.220032518121014,7.2
270.0,70.0,35.52169737497914,0.4414080752840401,0.0013407333322217152,364.9712874240247,340.18542914134156,7.224492634333139,7.2
270.0,75.0,35.53929931271473,0.46553868126116543,0.0014139758646861647,365.0130199677374,340.1993399892458,7.2288772536638675,7.2
270.0,80.0,35.55690125045033,0.4889911541062257,0.0014851549503672656,365.05407437831803,340.2130247927727,7.233190625105671,7.2
270.0,85.00000000000001,35.57450318818592,0.511802613318115,0.0015543836766726492,365.0944877752656,340.22649592508856,7.237436648609441,7.2
270.0,90.0,35.59210512592153,0.5340072105020212,0.0016217660817809455,365.13429431018506,340.2397647700617,7.241618912305097,7.2
270.0,95.0,35.60970706365712,0.5556364376290646,0.0016873980951006497,365.1735254750477,340.2528418250159,7.245740724888758,7.2
270.0,100.0,35.62730900139272,0.5767193962808003,0.0017513683586427415,365.212210371435,340.26573679047834,7.249805143910878,7.2
270.0,105.0,35.64491093912831,0.5972830336585808,0.001813758946956273,365.2503759465484,340.2784586488495,7.253815000572452,7.3
270.0,110.00000000000001,35.66251287686391,0.6173523501627401,0.0018746460002978652,365.2880472007881,340.29101573359605,7.257772921534308,7.3
270.0,115.00000000000001,35.6801148145995,0.636950582555108,0.0019341002832887417,365.32524737091614,340.3034157903054,7.26168134816108,7.3
270.0,120.00000000000001,35.6977167523351,0.6560993660724632,0.0019921876793402584,365.3619980921691,340.31566603072304,7.26554255355352,7.3
270.0,125.0,35.715318690070696,0.6748188783287943,0.0020489696295111297,365.398319542161,340.3277731807204,7.2693586576676505,7.3
270.0,130.0,35.732920627806294,0.6931279674076186,0.002104503523126231,365.43423056897547,340.3397435229918,7.2731316407726325,7.3
270.0,135.0,35.750522565541885,0.7110442661841468,0.002158843046383104,365.46974880548754,340.3515829351625,7.276863355462175,7.3
270.0,140.0,35.768124503277484,0.7285842946164696,0.002212038494254442,365.5048907716555,340.3632969238852,7.280555537401538,7.3
270.0,145.00000000000003,35.78572644101308,0.7457635514939485,0.0022641370502284653,365.53967196626854,340.37489065542286,7.284209814967173,7.3
270.0,150.0,35.803328378748674,0.7625965969205369,0.002315183037786606,365.57410694943076,340.3863689831436,7.287827717912792,7.3
270.0,155.0,35.82093031648427,0.7790971266336753,0.0023652181469772803,365.6082094168795,340.39773647229316,7.291410685177629,7.3
270.0,160.0,35.83853225421987,0.7952780391097863,0.0024142816389878265,365.64199226709115,340.4089974223637,7.294960071936912,7.3
270.0,165.0,35.85613419195547,0.8111514962806357,0.0024624105312297064,365.6754676619976,340.42015588733256,7.2984771559809944,7.3
270.0,170.00000000000003,35.87373612969106,0.8267289785769486,0.002509639765122831,365.70864708202953,340.43121569400984,7.301963143498445,7.3
270.0,175.0,35.89133806742666,0.8420213349237,0.002556002358484123,365.74154137611185,340.44218045870394,7.30541917432889,7.3
270.0,180.0,35.90894000516225,0.8570388282327301,0.002601529544185043,365.7741608071565,340.4530536023855,7.30884632674262,7.3
270.0,185.0,35.92654194289785,0.8717911768707427,0.0026462508965365106,365.8065150935301,340.4638383645101,7.3122456217973975,7.3
270.0,190.0,35.94414388063345,0.8862875925225709,0.0026901944466821196,365.8386134469176,340.4745378156392,7.3156180273165985,7.3
270.0,195.00000000000003,35.961745818369046,0.9005368148193272,0.00273338678812715,365.87046460694984,340.4851548689833,7.3189644615273775,7.3
270.0,200.0,35.97934775610464,0.91454714305761,0.0027758531733983074,365.9020768729238,340.4956922909746,7.3222857963933246,7.3
270.0,205.00000000000003,35.996949693840236,0.9283264652981803,0.002817617602713905,365.93345813289994,340.50615271096666,7.325582860671538,7.3
270.0,210.0,36.014551631575834,0.9418822850997156,0.002858702905444099,365.9646158904371,340.5165386301457,7.328856442721555,7.3
270.0,215.0,36.032153569311426,0.9552217461146112,0.0028991308150534303,365.99555728918756,340.5268524297292,7.332107293089443,7.3
270.0,220.00000000000003,36.049755507047024,0.9683516547487961,0.002938922038141619,366.0262891355573,340.53709637851915,7.335336126888543,7.3
270.0,225.0,36.06735744478262,0.9812785010656083,0.002978096318131691,366.0568179196097,340.54727263986996,7.338543625995746,7.3
270.0,230.00000000000003,36.08495938251822,0.9940084780945325,0.0030166724940958235,366.08714983437426,340.55738327812475,7.341730441080141,7.3
270.0,235.0,36.10256132025381,1.0065474996886927,0.0030546685551576754,366.117290793704,340.56743026456803,7.344897193479279,7.3
270.0,240.00000000000003,36.12016325798941,1.018901217060056,0.003092101690864457,366.14724644881096,340.577415482937,7.3480444769363,7.3
270.0,245.00000000000003,36.137765195725,1.0310750341081436,0.003128988337881796,366.1770222035947,340.58734073453155,7.351172859210578,7.4
270.0,250.0,36.1553671334606,1.0430741216463757,0.0031653442233289066,366.2066232288685,340.5972077429562,7.354282883572353,7.4
270.0,255.00000000000003,36.1729690711962,1.0549034306198393,0.0032011844050400125,366.23605447557753,340.6070181585258,7.3573750701914005,7.4
270.0,260.0,36.1905710089318,1.0665677043990962,0.003236523309010007,366.2653206870924,340.61677356236413,7.360449917428821,7.4
270.0,265.00000000000006,36.20817294666739,1.0780714902264725,0.003271374764257398,366.2944264106554,340.6264754702185,7.363507903039482,7.4
270.0,270.0,36.22577488440299,1.08941914988399,0.003305752035315391,366.3233760080485,340.63612533601616,7.366549485292886,7.4
270.0,275.0,36.243376822138586,1.1006148696456173,0.003339667852542171,366.3521736655457,340.6457245551819,7.369575104018917,7.4
270.0,280.0,36.26097875987418,1.1116626695706915,0.0033731344404236883,366.38082340320636,340.65527446773547,7.372585181584092,7.4
270.0,285.0,36.278580697609776,1.122566412190166,0.0034061635440264235,366.40932908356143,340.6647763611872,7.375580123804275,7.4
270.0,290.00000000000006,36.29618263534537,1.1333298106326888,0.0034387664537433916,366.43769441973956,340.6742314732465,7.378560320798361,7.4
270.0,295.0,36.31378457308097,1.1439564362332981,0.003470954028463816,366.46592298307576,340.6836409943586,7.381526147787849,7.4
270.0,300.0,36.331386510816564,1.1544497256637842,0.0035027367172854834,366.49401821024185,340.6930060700806,7.384477965845756,7.4
275.0,0.0,35.92851599198969,0.0,0.0,364.9366979657512,340.1738993219171,7.220858501498361,7.2
275.0,5.0,35.94611792972529,0.04056185289237851,0.00012327764165512376,364.9948617563792,340.19328725212637,7.226969465701526,7.2
275.0,10.0,35.96371986746089,0.07924106789395854,0.0002408193206975169,365.0511429091164,340.2120476363721,7.232882631022726,7.2
275.0,15.000000000000002,35.98132180519648,0.11620487526398286,0.0003531351644834896,365.105708654222,340.230236218074,7.238615567467557,7.2
275.0,20.0,35.99892374293208,0.15159915972895432,0.0004606701356117005,365.1587048764225,340.2479016254742,7.244183602378523,7.2
275.0,25.0,36.01652568066768,0.18555194609533962,0.0005638146791438648,365.2102596005245,340.26508653350817,7.249600186650113,7.2
275.0,30.000000000000004,36.034127618403275,0.21817620113332484,0.0006629132803450848,365.2604857932981,340.28182859776604,7.254877189107957,7.3
275.0,35.0,36.051729556138866,0.24957210662670173,0.0007582714064800886,365.3094836365271,340.2981612121757,7.260025135326264,7.3
275.0,40.0,36.069331493874465,0.2798289190282821,0.0008501611855423006,365.35734238666424,340.3141141288881,7.265053403012034,7.3
275.0,45.0,36.086933431610056,0.30902650278887844,0.0009388260880393777,365.40414190816045,340.32971396938683,7.269970383103966,7.3
275.0,50.0,36.104535369345655,0.3372366037561246,0.001024484814755565,365.44995394686333,340.3449846489545,7.274783613561712,7.3
275.0,55.00000000000001,36.12213730708125,0.36452391379333504,0.0011073345468013572,365.4948431946361,340.3599477315454,7.279499891219764,7.3
275.0,60.00000000000001,36.13973924481685,0.3909469663968819,0.0011875536794988771,365.53886818497523,340.37462272832505,7.284125365885394,7.3
275.0,65.0,36.15734118255244,0.41655889451953976,0.0012653041354530824,365.5820820508335,340.38902735027784,7.288665619959111,7.3
275.0,70.0,36.17494312028804,0.4414080752840401,0.0013407333322217152,365.6245331693336,340.4031777231112,7.293125736171233,7.3
275.0,75.0,36.19254505802364,0.46553868126116543,0.0014139758646861647,365.66626571304636,340.4170885710155,7.297510355501981,7.3
275.0,80.0,36.21014699575923,0.4889911541062257,0.0014851549503672656,365.7073201236269,340.4307733745423,7.301823726943748,7.3
275.0,85.00000000000001,36.22774893349483,0.511802613318115,0.0015543836766726492,365.74773352057446,340.4442445068582,7.306069750447537,7.3
275.0,90.0,36.24535087123043,0.5340072105020212,0.0016217660817809455,365.78754005549393,340.4575133518313,7.310252014143192,7.3
275.0,95.0,36.26295280896603,0.5556364376290646,0.0016873980951006497,365.8267712203566,340.47059040678556,7.314373826726872,7.3
275.0,100.0,36.28055474670162,0.5767193962808003,0.0017513683586427415,365.8654561167439,340.48348537224797,7.318438245748973,7.3
275.0,105.0,36.29815668443722,0.5972830336585808,0.001813758946956273,365.9036216918573,340.4962072306191,7.322448102410546,7.3
275.0,110.00000000000001,36.31575862217281,0.6173523501627401,0.0018746460002978652,365.94129294609706,340.5087643153657,7.326406023372402,7.3
275.0,115.00000000000001,36.33336055990841,0.636950582555108,0.0019341002832887417,365.978493116225,340.521164372075,7.330314449999174,7.3
275.0,120.00000000000001,36.350962497644,0.6560993660724632,0.0019921876793402584,366.01524383747795,340.53341461249266,7.334175655391615,7.3
275.0,125.0,36.368564435379604,0.6748188783287943,0.0020489696295111297,366.0515652874699,340.54552176248995,7.337991759505727,7.3
275.0,130.0,36.386166373115195,0.6931279674076186,0.002104503523126231,366.08747631428434,340.5574921047615,7.341764742610746,7.3
275.0,135.0,36.40376831085079,0.7110442661841468,0.002158843046383104,366.1229945507965,340.56933151693215,7.3454964573002695,7.3
275.0,140.0,36.421370248586385,0.7285842946164696,0.002212038494254442,366.15813651696436,340.5810455056548,7.3491886392396335,7.3
275.0,145.00000000000003,36.43897218632198,0.7457635514939485,0.0022641370502284653,366.1929177115774,340.5926392371925,7.352842916805269,7.4
275.0,150.0,36.45657412405758,0.7625965969205369,0.002315183037786606,366.22735269473964,340.6041175649132,7.356460819750886,7.4
275.0,155.0,36.47417606179317,0.7790971266336753,0.0023652181469772803,366.2614551621884,340.61548505406284,7.3600437870157425,7.4
275.0,160.0,36.49177799952878,0.7952780391097863,0.0024142816389878265,366.2952380124001,340.6267460041334,7.363593173775025,7.4
275.0,165.0,36.50937993726437,0.8111514962806357,0.0024624105312297064,366.3287134073065,340.6379044691022,7.36711025781909,7.4
275.0,170.00000000000003,36.52698187499997,0.8267289785769486,0.002509639765122831,366.36189282733847,340.6489642757795,7.370596245336558,7.4
275.0,175.0,36.54458381273556,0.8420213349237,0.002556002358484123,366.39478712142073,340.65992904047357,7.374052276166984,7.4
275.0,180.0,36.56218575047116,0.8570388282327301,0.002601529544185043,366.42740655246536,340.6708021841551,7.377479428580697,7.4
275.0,185.0,36.57978768820675,0.8717911768707427,0.0026462508965365106,366.459760838839,340.68158694627965,7.380878723635475,7.4
275.0,190.0,36.597389625942355,0.8862875925225709,0.0026901944466821196,366.49185919222646,340.69228639740885,7.384251129154694,7.4
275.0,195.00000000000003,36.61499156367795,0.9005368148193272,0.00273338678812715,366.5237103522588,340.70290345075296,7.387597563365491,7.4
275.0,200.0,36.632593501413545,0.91454714305761,0.0027758531733983074,366.5553226182327,340.71344087274423,7.390918898231421,7.4
275.0,205.00000000000003,36.65019543914914,0.9283264652981803,0.002817617602713905,366.5867038782088,340.7239012927363,7.394215962509634,7.4
275.0,210.0,36.667797376884735,0.9418822850997156,0.002858702905444099,366.61786163574595,340.73428721191533,7.39748954455965,7.4
275.0,215.0,36.685399314620334,0.9552217461146112,0.0028991308150534303,366.64880303449644,340.74460101149884,7.400740394927538,7.4
275.0,220.00000000000003,36.703001252355925,0.9683516547487961,0.002938922038141619,366.67953488086624,340.7548449602887,7.40396922872662,7.4
275.0,225.0,36.72060319009152,0.9812785010656083,0.002978096318131691,366.71006366491866,340.76502122163953,7.407176727833824,7.4
275.0,230.00000000000003,36.73820512782712,0.9940084780945325,0.0030166724940958235,366.7403955796832,340.77513185989443,7.410363542918254,7.4
275.0,235.0,36.75580706556272,1.0065474996886927,0.0030546685551576754,366.7705365390129,340.78517884633766,7.413530295317374,7.4
275.0,240.00000000000003,36.77340900329831,1.018901217060056,0.003092101690864457,366.80049219411984,340.7951640647066,7.416677578774394,7.4
275.0,245.00000000000003,36.79101094103391,1.0310750341081436,0.003128988337881796,366.83026794890355,340.80508931630123,7.4198059610486915,7.4
275.0,250.0,36.8086128787695,1.0430741216463757,0.0031653442233289066,366.8598689741774,340.8149563247258,7.422915985410449,7.4
275.0,255.00000000000003,36.8262148165051,1.0549034306198393,0.0032011844050400125,366.88930022088647,340.8247667402955,7.426008172029513,7.4
275.0,260.0,36.8438167542407,1.0665677043990962,0.003236523309010007,366.91856643240135,340.8345221441338,7.429083019266934,7.4
275.0,265.00000000000006,36.8614186919763,1.0780714902264725,0.003271374764257398,366.9476721559643,340.8442240519881,7.432141004877559,7.4
275.0,270.0,36.87902062971189,1.08941914988399,0.003305752035315391,366.9766217533574,340.85387391778585,7.435182587130999,7.4
275.0,275.0,36.89662256744749,1.1006148696456173,0.003339667852542171,367.0054194108546,340.86347313695154,7.438208205857014,7.4
275.0,280.0,36.914224505183086,1.1116626695706915,0.0033731344404236883,367.0340691485153,340.8730230495051,7.441218283422185,7.4
275.0,285.0,36.93182644291868,1.122566412190166,0.0034061635440264235,367.06257482887037,340.88252494295676,7.444213225642352,7.4
275.0,290.00000000000006,36.949428380654275,1.1333298106326888,0.0034387664537433916,367.0909401650485,340.8919800550162,7.447193422636475,7.4
275.0,295.0,36.967030318389874,1.1439564362332981,0.003470954028463816,367.11916872838464,340.9013895761282,7.450159249625943,7.5
275.0,300.0,36.98463225612547,1.1544497256637842,0.0035027367172854834,367.1472639555507,340.91075465185025,7.453111067683852,7.5
280.0,0.0,36.5817617372986,0.0,0.0,365.58994371106013,340.39164790368676,7.289491603336474,7.3
280.0,5.0,36.5993636750342,0.04056185289237851,0.00012327764165512376,365.6481075016881,340.41103583389605,7.295602567539639,7.3
280.0,10.0,36.616965612769796,0.07924106789395854,0.0002408193206975169,365.70438865442526,340.42979621814175,7.301515732860819,7.3
280.0,15.000000000000002,36.63456755050539,0.11620487526398286,0.0003531351644834896,365.75895439953086,340.44798479984365,7.307248669305651,7.3
280.0,20.0,36.652169488240986,0.15159915972895432,0.0004606701356117005,365.81195062173146,340.46565020724387,7.312816704216636,7.3
280.0,25.0,36.669771425976585,0.18555194609533962,0.0005638146791438648,365.86350534583346,340.48283511527785,7.318233288488226,7.3
280.0,30.000000000000004,36.68737336371218,0.21817620113332484,0.0006629132803450848,365.913731538607,340.49957717953566,7.323510290946052,7.3
280.0,35.0,36.704975301447774,0.24957210662670173,0.0007582714064800886,365.96272938183597,340.51590979394535,7.328658237164359,7.3
280.0,40.0,36.72257723918337,0.2798289190282821,0.0008501611855423006,366.0105881319731,340.5318627106577,7.33368650485013,7.3
280.0,45.0,36.740179176918964,0.30902650278887844,0.0009388260880393777,366.05738765346933,340.54746255115646,7.338603484942062,7.3
280.0,50.0,36.75778111465456,0.3372366037561246,0.001024484814755565,366.1031996921722,340.56273323072406,7.34341671539979,7.3
280.0,55.00000000000001,36.77538305239016,0.36452391379333504,0.0011073345468013572,366.148088939945,340.577696313315,7.34813299305786,7.3
280.0,60.00000000000001,36.79298499012576,0.3909469663968819,0.0011875536794988771,366.19211393028417,340.59237131009473,7.352758467723508,7.4
280.0,65.0,36.81058692786135,0.41655889451953976,0.0012653041354530824,366.2353277961424,340.60677593204747,7.357298721797205,7.4
280.0,70.0,36.82818886559695,0.4414080752840401,0.0013407333322217152,366.27777891464245,340.6209263048808,7.361758838009329,7.4
280.0,75.0,36.84579080333255,0.46553868126116543,0.0014139758646861647,366.31951145835524,340.6348371527851,7.366143457340077,7.4
280.0,80.0,36.86339274106814,0.4889911541062257,0.0014851549503672656,366.36056586893585,340.648521956312,7.370456828781861,7.4
280.0,85.00000000000001,36.88099467880374,0.511802613318115,0.0015543836766726492,366.4009792658834,340.6619930886278,7.374702852285632,7.4
280.0,90.0,36.898596616539336,0.5340072105020212,0.0016217660817809455,366.44078580080287,340.67526193360095,7.378885115981286,7.4
280.0,95.0,36.916198554274935,0.5556364376290646,0.0016873980951006497,366.4800169656655,340.6883389885552,7.383006928564966,7.4
280.0,100.0,36.933800492010526,0.5767193962808003,0.0017513683586427415,366.5187018620528,340.7012339540176,7.387071347587069,7.4
280.0,105.0,36.951402429746125,0.5972830336585808,0.001813758946956273,366.5568674371662,340.71395581238875,7.391081204248642,7.4
280.0,110.00000000000001,36.969004367481716,0.6173523501627401,0.0018746460002978652,366.59453869140594,340.7265128971353,7.395039125210497,7.4
280.0,115.00000000000001,36.986606305217315,0.636950582555108,0.0019341002832887417,366.63173886153396,340.73891295384465,7.398947551837269,7.4
280.0,120.00000000000001,37.00420824295291,0.6560993660724632,0.0019921876793402584,366.6684895827869,340.7511631942623,7.402808757229709,7.4
280.0,125.0,37.02181018068851,0.6748188783287943,0.0020489696295111297,366.7048110327788,340.76327034425964,7.406624861343841,7.4
280.0,130.0,37.0394121184241,0.6931279674076186,0.002104503523126231,366.7407220595932,340.7752406865311,7.410397844448839,7.4
280.0,135.0,37.0570140561597,0.7110442661841468,0.002158843046383104,366.77624029610536,340.7870800987018,7.414129559138366,7.4
280.0,140.0,37.0746159938953,0.7285842946164696,0.002212038494254442,366.8113822622733,340.7987940874245,7.417821741077747,7.4
280.0,145.00000000000003,37.09221793163089,0.7457635514939485,0.0022641370502284653,366.84616345688636,340.81038781896217,7.421476018643382,7.4
280.0,150.0,37.10981986936649,0.7625965969205369,0.002315183037786606,366.8805984400486,340.82186614668285,7.425093921588981,7.4
280.0,155.0,37.12742180710208,0.7790971266336753,0.0023652181469772803,366.91470090749726,340.8332336358324,7.428676888853819,7.4
280.0,160.0,37.14502374483769,0.7952780391097863,0.0024142816389878265,366.948483757709,340.844494585903,7.43222627561312,7.4
280.0,165.0,37.16262568257328,0.8111514962806357,0.0024624105312297064,366.9819591526154,340.8556530508718,7.4357433596571845,7.4
280.0,170.00000000000003,37.18022762030888,0.8267289785769486,0.002509639765122831,367.01513857264734,340.86671285754915,7.439229347174653,7.4
280.0,175.0,37.19782955804447,0.8420213349237,0.002556002358484123,367.04803286672967,340.87767762224325,7.442685378005097,7.4
280.0,180.0,37.21543149578007,0.8570388282327301,0.002601529544185043,367.0806522977743,340.8885507659248,7.4461125304188105,7.4
280.0,185.0,37.233033433515665,0.8717911768707427,0.0026462508965365106,367.1130065841479,340.89933552804933,7.449511825473588,7.4
280.0,190.0,37.250635371251256,0.8862875925225709,0.0026901944466821196,367.14510493753534,340.9100349791784,7.452884230992772,7.5
280.0,195.00000000000003,37.268237308986855,0.9005368148193272,0.00273338678812715,367.17695609756765,340.9206520325226,7.456230665203587,7.5
280.0,200.0,37.28583924672245,0.91454714305761,0.0027758531733983074,367.2085683635416,340.9311894545139,7.459552000069533,7.5
280.0,205.00000000000003,37.30344118445805,0.9283264652981803,0.002817617602713905,367.23994962351776,340.9416498745059,7.462849064347728,7.5
280.0,210.0,37.32104312219364,0.9418822850997156,0.002858702905444099,367.2711073810549,340.95203579368496,7.466122646397745,7.5
280.0,215.0,37.33864505992924,0.9552217461146112,0.0028991308150534303,367.3020487798054,340.96234959326847,7.469373496765633,7.5
280.0,220.00000000000003,37.35624699766483,0.9683516547487961,0.002938922038141619,367.3327806261751,340.9725935420584,7.472602330564733,7.5
280.0,225.0,37.37384893540043,0.9812785010656083,0.002978096318131691,367.36330941022754,340.9827698034092,7.475809829671937,7.5
280.0,230.00000000000003,37.39145087313603,0.9940084780945325,0.0030166724940958235,367.3936413249921,340.99288044166406,7.478996644756348,7.5
280.0,235.0,37.40905281087163,1.0065474996886927,0.0030546685551576754,367.4237822843218,341.0029274281073,7.48216339715547,7.5
280.0,240.00000000000003,37.42665474860722,1.018901217060056,0.003092101690864457,367.4537379394288,341.01291264647625,7.485310680612488,7.5
280.0,245.00000000000003,37.44425668634282,1.0310750341081436,0.003128988337881796,367.4835136942125,341.0228378980708,7.488439062886769,7.5
280.0,250.0,37.46185862407841,1.0430741216463757,0.0031653442233289066,367.5131147194863,341.03270490649544,7.491549087248543,7.5
280.0,255.00000000000003,37.47946056181401,1.0549034306198393,0.0032011844050400125,367.54254596619535,341.0425153220651,7.494641273867607,7.5
280.0,260.0,37.49706249954961,1.0665677043990962,0.003236523309010007,367.5718121777102,341.0522707259034,7.497716121105011,7.5
280.0,265.00000000000006,37.514664437285205,1.0780714902264725,0.003271374764257398,367.6009179012732,341.06197263375776,7.500774106715673,7.5
280.0,270.0,37.532266375020804,1.08941914988399,0.003305752035315391,367.62986749866633,341.0716224995554,7.503815688969077,7.5
280.0,275.0,37.549868312756395,1.1006148696456173,0.003339667852542171,367.6586651561635,341.0812217187212,7.506841307695127,7.5
280.0,280.0,37.56747025049199,1.1116626695706915,0.0033731344404236883,367.68731489382424,341.0907716312748,7.509851385260299,7.5
280.0,285.0,37.585072188227585,1.122566412190166,0.0034061635440264235,367.71582057417925,341.10027352472645,7.5128463274804655,7.5
280.0,290.00000000000006,37.60267412596318,1.1333298106326888,0.0034387664537433916,367.7441859103574,341.1097286367858,7.515826524474569,7.5
280.0,295.0,37.62027606369878,1.1439564362332981,0.003470954028463816,367.7724144736936,341.11913815789785,7.518792351464038,7.5
280.0,300.0,37.63787800143438,1.1544497256637842,0.0035027367172854834,367.80050970085966,341.12850323361994,7.521744169521965,7.5
285.0,0.0,37.2350074826075,0.0,0.0,366.243189456369,340.60939648545633,7.358124705174551,7.4
285.0,5.0,37.2526094203431,0.04056185289237851,0.00012327764165512376,366.301353246997,340.6287844156657,7.3642356693777336,7.4
285.0,10.0,37.27021135807869,0.07924106789395854,0.0002408193206975169,366.3576343997342,340.64754479991143,7.370148834698933,7.4
285.0,15.000000000000002,37.28781329581429,0.11620487526398286,0.0003531351644834896,366.41220014483974,340.6657333816133,7.375881771143747,7.4
285.0,20.0,37.30541523354989,0.15159915972895432,0.0004606701356117005,366.46519636704033,340.68339878901344,7.381449806054713,7.4
285.0,25.0,37.323017171285485,0.18555194609533962,0.0005638146791438648,366.51675109114234,340.7005836970475,7.386866390326321,7.4
285.0,30.000000000000004,37.34061910902108,0.21817620113332484,0.0006629132803450848,366.5669772839159,340.7173257613053,7.392143392784147,7.4
285.0,35.0,37.358221046756675,0.24957210662670173,0.0007582714064800886,366.6159751271449,340.733658375715,7.3972913390024555,7.4
285.0,40.0,37.375822984492274,0.2798289190282821,0.0008501611855423006,366.66383387728206,340.74961129242735,7.402319606688224,7.4
285.0,45.0,37.393424922227865,0.30902650278887844,0.0009388260880393777,366.71063339877827,340.76521113292614,7.407236586780175,7.4
285.0,50.0,37.411026859963464,0.3372366037561246,0.001024484814755565,366.7564454374811,340.7804818124937,7.412049817237884,7.4
285.0,55.00000000000001,37.42862879769906,0.36452391379333504,0.0011073345468013572,366.8013346852539,340.79544489508464,7.416766094895956,7.4
285.0,60.00000000000001,37.44623073543466,0.3909469663968819,0.0011875536794988771,366.84535967559304,340.81011989186436,7.421391569561602,7.4
285.0,65.0,37.46383267317025,0.41655889451953976,0.0012653041354530824,366.8885735414513,340.8245245138171,7.425931823635299,7.4
285.0,70.0,37.48143461090585,0.4414080752840401,0.0013407333322217152,366.9310246599514,340.8386748866505,7.430391939847442,7.4
285.0,75.0,37.49903654864144,0.46553868126116543,0.0014139758646861647,366.9727572036641,340.8525857345547,7.434776559178154,7.4
285.0,80.0,37.51663848637704,0.4889911541062257,0.0014851549503672656,367.01381161424473,340.8662705380816,7.439089930619955,7.4
285.0,85.00000000000001,37.53424042411264,0.511802613318115,0.0015543836766726492,367.0542250111923,340.87974167039744,7.443335954123727,7.4
285.0,90.0,37.55184236184824,0.5340072105020212,0.0016217660817809455,367.09403154611175,340.8930105153706,7.447518217819382,7.4
285.0,95.0,37.56944429958383,0.5556364376290646,0.0016873980951006497,367.1332627109744,340.9060875703248,7.4516400304030626,7.5
285.0,100.0,37.58704623731943,0.5767193962808003,0.0017513683586427415,367.17194760736174,340.9189825357873,7.455704449425182,7.5
285.0,105.0,37.604648175055026,0.5972830336585808,0.001813758946956273,367.21011318247514,340.93170439415843,7.459714306086755,7.5
285.0,110.00000000000001,37.62225011279062,0.6173523501627401,0.0018746460002978652,367.2477844367148,340.94426147890493,7.463672227048593,7.5
285.0,115.00000000000001,37.639852050526216,0.636950582555108,0.0019341002832887417,367.28498460684284,340.9566615356143,7.467580653675364,7.5
285.0,120.00000000000001,37.65745398826181,0.6560993660724632,0.0019921876793402584,367.32173532809577,340.9689117760319,7.471441859067806,7.5
285.0,125.0,37.67505592599741,0.6748188783287943,0.0020489696295111297,367.3580567780877,340.98101892602926,7.475257963181935,7.5
285.0,130.0,37.692657863733004,0.6931279674076186,0.002104503523126231,367.39396780490216,340.99298926830073,7.479030946286936,7.5
285.0,135.0,37.7102598014686,0.7110442661841468,0.002158843046383104,367.4294860414143,341.00482868047146,7.482762660976479,7.5
285.0,140.0,37.727861739204194,0.7285842946164696,0.002212038494254442,367.4646280075822,341.01654266919405,7.4864548429158235,7.5
285.0,145.00000000000003,37.74546367693979,0.7457635514939485,0.0022641370502284653,367.49940920219524,341.02813640073174,7.490109120481459,7.5
285.0,150.0,37.76306561467539,0.7625965969205369,0.002315183037786606,367.53384418535745,341.0396147284525,7.493727023427077,7.5
285.0,155.0,37.78066755241098,0.7790971266336753,0.0023652181469772803,367.5679466528062,341.0509822176021,7.4973099906919325,7.5
285.0,160.0,37.79826949014658,0.7952780391097863,0.0024142816389878265,367.6017295030179,341.06224316767265,7.500859377451215,7.5
285.0,165.0,37.81587142788218,0.8111514962806357,0.0024624105312297064,367.6352048979243,341.07340163264143,7.504376461495279,7.5
285.0,170.00000000000003,37.83347336561778,0.8267289785769486,0.002509639765122831,367.6683843179562,341.0844614393188,7.507862449012748,7.5
285.0,175.0,37.85107530335337,0.8420213349237,0.002556002358484123,367.70127861203855,341.0954262040129,7.511318479843193,7.5
285.0,180.0,37.86867724108897,0.8570388282327301,0.002601529544185043,367.7338980430832,341.1062993476944,7.514745632256904,7.5
285.0,185.0,37.88627917882456,0.8717911768707427,0.0026462508965365106,367.7662523294568,341.11708410981896,7.518144927311683,7.5
285.0,190.0,37.903881116560164,0.8862875925225709,0.0026901944466821196,367.7983506828443,341.1277835609481,7.521517332830885,7.5
285.0,195.00000000000003,37.921483054295756,0.9005368148193272,0.00273338678812715,367.8302018428766,341.1384006142922,7.5248637670416825,7.5
285.0,200.0,37.939084992031354,0.91454714305761,0.0027758531733983074,367.8618141088505,341.1489380362835,7.528185101907611,7.5
285.0,205.00000000000003,37.956686929766946,0.9283264652981803,0.002817617602713905,367.89319536882664,341.15939845627554,7.531482166185823,7.5
285.0,210.0,37.974288867502544,0.9418822850997156,0.002858702905444099,367.92435312636377,341.1697843754546,7.534755748235839,7.5
285.0,215.0,37.991890805238135,0.9552217461146112,0.0028991308150534303,367.95529452511425,341.1800981750381,7.5380065986037295,7.5
285.0,220.00000000000003,38.009492742973734,0.9683516547487961,0.002938922038141619,367.98602637148406,341.19034212382803,7.541235432402828,7.5
285.0,225.0,38.02709468070933,0.9812785010656083,0.002978096318131691,368.0165551555365,341.20051838517884,7.544442931510032,7.5
285.0,230.00000000000003,38.04469661844493,0.9940084780945325,0.0030166724940958235,368.04688707030095,341.2106290234337,7.547629746594445,7.5
285.0,235.0,38.06229855618052,1.0065474996886927,0.0030546685551576754,368.0770280296307,341.2206760098769,7.550796498993566,7.6
285.0,240.00000000000003,38.07990049391612,1.018901217060056,0.003092101690864457,368.10698368473766,341.2306612282459,7.553943782450585,7.6
285.0,245.00000000000003,38.09750243165172,1.0310750341081436,0.003128988337881796,368.13675943952137,341.2405864798405,7.5570721647248815,7.6
285.0,250.0,38.11510436938731,1.0430741216463757,0.0031653442233289066,368.1663604647952,341.25045348826507,7.560182189086637,7.6
285.0,255.00000000000003,38.13270630712291,1.0549034306198393,0.0032011844050400125,368.1957917115043,341.26026390383475,7.563274375705704,7.6
285.0,260.0,38.15030824485851,1.0665677043990962,0.003236523309010007,368.22505792301916,341.27001930767307,7.566349222943124,7.6
285.0,265.00000000000006,38.167910182594106,1.0780714902264725,0.003271374764257398,368.2541636465821,341.2797212155274,7.569407208553766,7.6
285.0,270.0,38.1855121203297,1.08941914988399,0.003305752035315391,368.2831132439752,341.2893710813251,7.572448790807189,7.6
285.0,275.0,38.203114058065296,1.1006148696456173,0.003339667852542171,368.3119109014724,341.2989703004908,7.575474409533204,7.6
285.0,280.0,38.22071599580089,1.1116626695706915,0.0033731344404236883,368.3405606391331,341.3085202130444,7.578484487098393,7.6
285.0,285.0,38.238317933536486,1.122566412190166,0.0034061635440264235,368.3690663194882,341.3180221064961,7.58147942931856,7.6
285.0,290.00000000000006,38.255919871272084,1.1333298106326888,0.0034387664537433916,368.39743165566625,341.32747721855543,7.584459626312666,7.6
285.0,295.0,38.27352180900768,1.1439564362332981,0.003470954028463816,368.42566021900245,341.33688673966753,7.587425453302151,7.6
285.0,300.0,38.291123746743274,1.1544497256637842,0.0035027367172854834,368.45375544616854,341.3462518153895,7.590377271360042,7.6
290.00000000000006,0.0,37.88825322791641,0.0,0.0,366.89643520167795,340.827145067226,7.426757807012664,7.4
290.00000000000006,5.0,37.90585516565201,0.04056185289237851,0.00012327764165512376,366.9545989923059,340.8465329974353,7.432868771215829,7.4
290.00000000000006,10.0,37.9234571033876,0.07924106789395854,0.0002408193206975169,367.0108801450431,340.86529338168106,7.438781936537029,7.4
290.00000000000006,15.000000000000002,37.9410590411232,0.11620487526398286,0.0003531351644834896,367.0654458901487,340.8834819633829,7.444514872981843,7.4
290.00000000000006,20.0,37.958660978858795,0.15159915972895432,0.0004606701356117005,367.11844211234927,340.9011473707831,7.450082907892826,7.5
290.00000000000006,25.0,37.97626291659439,0.18555194609533962,0.0005638146791438648,367.1699968364513,340.9183322788171,7.455499492164417,7.5
290.00000000000006,30.000000000000004,37.993864854329985,0.21817620113332484,0.0006629132803450848,367.22022302922477,340.935074343075,7.460776494622261,7.5
290.00000000000006,35.0,38.01146679206558,0.24957210662670173,0.0007582714064800886,367.2692208724538,340.9514069574846,7.46592444084055,7.5
290.00000000000006,40.0,38.02906872980118,0.2798289190282821,0.0008501611855423006,367.31707962259094,340.967359874197,7.470952708526319,7.5
290.00000000000006,45.0,38.04667066753677,0.30902650278887844,0.0009388260880393777,367.36387914408715,340.9829597146957,7.4758696886182525,7.5
290.00000000000006,50.0,38.06427260527237,0.3372366037561246,0.001024484814755565,367.40969118279,340.9982303942634,7.4806829190759965,7.5
290.00000000000006,55.00000000000001,38.08187454300797,0.36452391379333504,0.0011073345468013572,367.4545804305628,341.01319347685427,7.4853991967340505,7.5
290.00000000000006,60.00000000000001,38.09947648074357,0.3909469663968819,0.0011875536794988771,367.498605420902,341.027868473634,7.490024671399698,7.5
290.00000000000006,65.0,38.11707841847916,0.41655889451953976,0.0012653041354530824,367.5418192867602,341.0422730955867,7.494564925473395,7.5
290.00000000000006,70.0,38.13468035621476,0.4414080752840401,0.0013407333322217152,367.58427040526027,341.05642346842006,7.4990250416855195,7.5
290.00000000000006,75.0,38.15228229395035,0.46553868126116543,0.0014139758646861647,367.62600294897305,341.07033431632436,7.503409661016267,7.5
290.00000000000006,80.0,38.16988423168595,0.4889911541062257,0.0014851549503672656,367.66705735955367,341.08401911985123,7.507723032458051,7.5
290.00000000000006,85.00000000000001,38.18748616942155,0.511802613318115,0.0015543836766726492,367.7074707565012,341.09749025216706,7.5119690559618215,7.5
290.00000000000006,90.0,38.205088107157145,0.5340072105020212,0.0016217660817809455,367.7472772914207,341.11075909714026,7.516151319657495,7.5
290.00000000000006,95.0,38.22269004489274,0.5556364376290646,0.0016873980951006497,367.7865084562833,341.12383615209444,7.520273132241158,7.5
290.00000000000006,100.0,38.240291982628335,0.5767193962808003,0.0017513683586427415,367.8251933526706,341.13673111755685,7.524337551263259,7.5
290.00000000000006,105.0,38.257893920363934,0.5972830336585808,0.001813758946956273,367.863358927784,341.149452975928,7.528347407924833,7.5
290.00000000000006,110.00000000000001,38.275495858099525,0.6173523501627401,0.0018746460002978652,367.90103018202376,341.1620100606746,7.5323053288867055,7.5
290.00000000000006,115.00000000000001,38.29309779583512,0.636950582555108,0.0019341002832887417,367.9382303521518,341.17441011738396,7.536213755513478,7.5
290.00000000000006,120.00000000000001,38.310699733570715,0.6560993660724632,0.0019921876793402584,367.9749810734047,341.1866603578016,7.540074960905919,7.5
290.00000000000006,125.0,38.32830167130632,0.6748188783287943,0.0020489696295111297,368.0113025233966,341.1987675077989,7.543891065020031,7.5
290.00000000000006,130.0,38.34590360904191,0.6931279674076186,0.002104503523126231,368.04721355021104,341.21073785007036,7.547664048125031,7.5
290.00000000000006,135.0,38.36350554677751,0.7110442661841468,0.002158843046383104,368.0827317867232,341.22257726224103,7.551395762814556,7.6
290.00000000000006,140.0,38.3811074845131,0.7285842946164696,0.002212038494254442,368.1178737528911,341.23429125096374,7.555087944753937,7.6
290.00000000000006,145.00000000000003,38.3987094222487,0.7457635514939485,0.0022641370502284653,368.1526549475042,341.2458849825014,7.558742222319572,7.6
290.00000000000006,150.0,38.4163113599843,0.7625965969205369,0.002315183037786606,368.1870899306664,341.25736331022216,7.56236012526519,7.6
290.00000000000006,155.0,38.43391329771989,0.7790971266336753,0.0023652181469772803,368.2211923981151,341.2687307993717,7.565943092530027,7.6
290.00000000000006,160.0,38.45151523545549,0.7952780391097863,0.0024142816389878265,368.2549752483268,341.2799917494423,7.569492479289312,7.6
290.00000000000006,165.0,38.46911717319109,0.8111514962806357,0.0024624105312297064,368.2884506432332,341.29115021441106,7.573009563333375,7.6
290.00000000000006,170.00000000000003,38.486719110926686,0.8267289785769486,0.002509639765122831,368.32163006326516,341.3022100210884,7.5764955508508445,7.6
290.00000000000006,175.0,38.50432104866228,0.8420213349237,0.002556002358484123,368.3545243573475,341.3131747857825,7.579951581681289,7.6
290.00000000000006,180.0,38.521922986397875,0.8570388282327301,0.002601529544185043,368.3871437883921,341.32404792946403,7.5833787340950005,7.6
290.00000000000006,185.0,38.53952492413347,0.8717911768707427,0.0026462508965365106,368.41949807476567,341.3348326915886,7.586778029149778,7.6
290.00000000000006,190.0,38.557126861869065,0.8862875925225709,0.0026901944466821196,368.45159642815315,341.34553214271773,7.5901504346689785,7.6
290.00000000000006,195.00000000000003,38.574728799604664,0.9005368148193272,0.00273338678812715,368.48344758818547,341.35614919606184,7.593496868879777,7.6
290.00000000000006,200.0,38.59233073734026,0.91454714305761,0.0027758531733983074,368.5150598541594,341.36668661805317,7.596818203745724,7.6
290.00000000000006,205.00000000000003,38.609932675075854,0.9283264652981803,0.002817617602713905,368.5464411141356,341.3771470380452,7.600115268023936,7.6
290.00000000000006,210.0,38.62753461281145,0.9418822850997156,0.002858702905444099,368.5775988716727,341.38753295722427,7.603388850073952,7.6
290.00000000000006,215.0,38.64513655054705,0.9552217461146112,0.0028991308150534303,368.6085402704232,341.3978467568077,7.606639700441823,7.6
290.00000000000006,220.00000000000003,38.66273848828264,0.9683516547487961,0.002938922038141619,368.63927211679294,341.40809070559766,7.609868534240923,7.6
290.00000000000006,225.0,38.68034042601824,0.9812785010656083,0.002978096318131691,368.66980090084536,341.41826696694847,7.613076033348127,7.6
290.00000000000006,230.00000000000003,38.69794236375384,0.9940084780945325,0.0030166724940958235,368.7001328156099,341.42837760520325,7.616262848432521,7.6
290.00000000000006,235.0,38.71554430148944,1.0065474996886927,0.0030546685551576754,368.73027377493963,341.43842459164654,7.61942960083166,7.6
290.00000000000006,240.00000000000003,38.73314623922503,1.018901217060056,0.003092101690864457,368.7602294300466,341.44840981001556,7.622576884288698,7.6
290.00000000000006,245.00000000000003,38.75074817696063,1.0310750341081436,0.003128988337881796,368.79000518483025,341.4583350616101,7.625705266562976,7.6
290.00000000000006,250.0,38.76835011469622,1.0430741216463757,0.0031653442233289066,368.8196062101041,341.46820207003475,7.62881529092475,7.6
290.00000000000006,255.00000000000003,38.78595205243182,1.0549034306198393,0.0032011844050400125,368.84903745681316,341.47801248560444,7.631907477543817,7.6
290.00000000000006,260.0,38.803553990167416,1.0665677043990962,0.003236523309010007,368.87830366832804,341.4877678894427,7.634982324781219,7.6
290.00000000000006,265.00000000000006,38.821155927903014,1.0780714902264725,0.003271374764257398,368.907409391891,341.497469797297,7.638040310391863,7.6
290.00000000000006,270.0,38.838757865638605,1.08941914988399,0.003305752035315391,368.93635898928414,341.5071196630947,7.641081892645284,7.6
290.00000000000006,275.0,38.856359803374204,1.1006148696456173,0.003339667852542171,368.96515664678134,341.5167188822605,7.644107511371317,7.6
290.00000000000006,280.0,38.8739617411098,1.1116626695706915,0.0033731344404236883,368.993806384442,341.52626879481403,7.6471175889364895,7.6
290.00000000000006,285.0,38.891563678845394,1.122566412190166,0.0034061635440264235,369.02231206479706,341.5357706882657,7.650112531156656,7.7
290.00000000000006,290.00000000000006,38.90916561658099,1.1333298106326888,0.0034387664537433916,369.0506774009752,341.5452258003251,7.653092728150778,7.7
290.00000000000006,295.0,38.92676755431659,1.1439564362332981,0.003470954028463816,369.0789059643114,341.55463532143716,7.656058555140247,7.7
290.00000000000006,300.0,38.94436949205219,1.1544497256637842,0.0035027367172854834,369.1070011914775,341.5640003971592,7.659010373198155,7.7
295.0,0.0,38.54149897322531,0.0,0.0,367.5496809469868,341.04489364899564,7.495390908850759,7.5
295.0,5.0,38.55910091096091,0.04056185289237851,0.00012327764165512376,367.6078447376148,341.064281579205,7.501501873053942,7.5
295.0,10.0,38.5767028486965,0.07924106789395854,0.0002408193206975169,367.66412589035195,341.0830419634506,7.507415038375106,7.5
295.0,15.000000000000002,38.5943047864321,0.11620487526398286,0.0003531351644834896,367.71869163545756,341.10123054515253,7.513147974819938,7.5
295.0,20.0,38.611906724167696,0.15159915972895432,0.0004606701356117005,367.77168785765815,341.11889595255275,7.5187160097309205,7.5
295.0,25.0,38.629508661903294,0.18555194609533962,0.0005638146791438648,367.82324258176016,341.13608086058673,7.524132594002513,7.5
295.0,30.000000000000004,38.647110599638886,0.21817620113332484,0.0006629132803450848,367.8734687745337,341.15282292484454,7.529409596460338,7.5
295.0,35.0,38.664712537374484,0.24957210662670173,0.0007582714064800886,367.9224666177627,341.16915553925423,7.534557542678645,7.5
295.0,40.0,38.682314475110076,0.2798289190282821,0.0008501611855423006,367.9703253678999,341.18510845596666,7.539585810364432,7.5
295.0,45.0,38.699916412845674,0.30902650278887844,0.0009388260880393777,368.01712488939603,341.20070829646534,7.544502790456347,7.5
295.0,50.0,38.71751835058127,0.3372366037561246,0.001024484814755565,368.0629369280989,341.215978976033,7.549316020914093,7.5
295.0,55.00000000000001,38.73512028831687,0.36452391379333504,0.0011073345468013572,368.1078261758717,341.2309420586239,7.554032298572145,7.6
295.0,60.00000000000001,38.75272222605246,0.3909469663968819,0.0011875536794988771,368.15185116621086,341.24561705540367,7.558657773237811,7.6
295.0,65.0,38.77032416378806,0.41655889451953976,0.0012653041354530824,368.1950650320691,341.2600216773564,7.5631980273115085,7.6
295.0,70.0,38.78792610152366,0.4414080752840401,0.0013407333322217152,368.2375161505692,341.27417205018975,7.567658143523633,7.6
295.0,75.0,38.80552803925925,0.46553868126116543,0.0014139758646861647,368.27924869428193,341.288082898094,7.572042762854362,7.6
295.0,80.0,38.82312997699485,0.4889911541062257,0.0014851549503672656,368.32030310486255,341.30176770162086,7.576356134296147,7.6
295.0,85.00000000000001,38.84073191473044,0.511802613318115,0.0015543836766726492,368.3607165018101,341.3152388339367,7.580602157799918,7.6
295.0,90.0,38.858333852466046,0.5340072105020212,0.0016217660817809455,368.40052303672957,341.32850767890983,7.584784421495573,7.6
295.0,95.0,38.87593579020164,0.5556364376290646,0.0016873980951006497,368.4397542015922,341.34158473386407,7.588906234079253,7.6
295.0,100.0,38.893537727937236,0.5767193962808003,0.0017513683586427415,368.47843909797956,341.35447969932653,7.592970653101372,7.6
295.0,105.0,38.91113966567283,0.5972830336585808,0.001813758946956273,368.5166046730929,341.3672015576976,7.596980509762927,7.6
295.0,110.00000000000001,38.928741603408426,0.6173523501627401,0.0018746460002978652,368.55427592733264,341.3797586424442,7.600938430724783,7.6
295.0,115.00000000000001,38.946343541144024,0.636950582555108,0.0019341002832887417,368.59147609746066,341.3921586991535,7.604846857351555,7.6
295.0,120.00000000000001,38.963945478879616,0.6560993660724632,0.0019921876793402584,368.6282268187136,341.40440893957117,7.608708062743996,7.6
295.0,125.0,38.981547416615214,0.6748188783287943,0.0020489696295111297,368.6645482687055,341.41651608956846,7.612524166858108,7.6
295.0,130.0,38.99914935435081,0.6931279674076186,0.002104503523126231,368.70045929552,341.42848643184,7.616297149963126,7.6
295.0,135.0,39.01675129208641,0.7110442661841468,0.002158843046383104,368.7359775320321,341.4403258440107,7.620028864652669,7.6
295.0,140.0,39.034353229822,0.7285842946164696,0.002212038494254442,368.7711194982,341.45203983273336,7.623721046592031,7.6
295.0,145.00000000000003,39.0519551675576,0.7457635514939485,0.0022641370502284653,368.80590069281305,341.46363356427105,7.627375324157667,7.6
295.0,150.0,39.06955710529319,0.7625965969205369,0.002315183037786606,368.84033567597527,341.47511189199173,7.630993227103267,7.6
295.0,155.0,39.08715904302879,0.7790971266336753,0.0023652181469772803,368.874438143424,341.48647938114135,7.6345761943681225,7.6
295.0,160.0,39.10476098076439,0.7952780391097863,0.0024142816389878265,368.9082209936357,341.4977403312119,7.638125581127406,7.6
295.0,165.0,39.12236291849999,0.8111514962806357,0.0024624105312297064,368.9416963885421,341.50889879618074,7.641642665171489,7.6
295.0,170.00000000000003,39.13996485623558,0.8267289785769486,0.002509639765122831,368.97487580857404,341.519958602858,7.645128652688939,7.6
295.0,175.0,39.15756679397118,0.8420213349237,0.002556002358484123,369.00777010265637,341.53092336755213,7.648584683519384,7.6
295.0,180.0,39.175168731706776,0.8570388282327301,0.002601529544185043,369.040389533701,341.5417965112337,7.652011835933114,7.7
295.0,185.0,39.19277066944237,0.8717911768707427,0.0026462508965365106,369.0727438200746,341.55258127335827,7.655411130987892,7.7
295.0,190.0,39.210372607177966,0.8862875925225709,0.0026901944466821196,369.1048421734621,341.5632807244874,7.658783536507092,7.7
295.0,195.00000000000003,39.227974544913565,0.9005368148193272,0.00273338678812715,369.1366933334944,341.57389777783146,7.662129970717872,7.7
295.0,200.0,39.24557648264916,0.91454714305761,0.0027758531733983074,369.1683055994683,341.5844351998228,7.665451305583819,7.7
295.0,205.00000000000003,39.263178420384754,0.9283264652981803,0.002817617602713905,369.19968685944445,341.59489561981485,7.668748369862032,7.7
295.0,210.0,39.28078035812035,0.9418822850997156,0.002858702905444099,369.2308446169816,341.6052815389939,7.672021951912048,7.7
295.0,215.0,39.298382295855944,0.9552217461146112,0.0028991308150534303,369.26178601573207,341.61559533857735,7.675272802279918,7.7
295.0,220.00000000000003,39.31598423359154,0.9683516547487961,0.002938922038141619,369.2925178621019,341.62583928736734,7.678501636079036,7.7
295.0,225.0,39.33358617132714,0.9812785010656083,0.002978096318131691,369.32304664615424,341.63601554871804,7.681709135186205,7.7
295.0,230.00000000000003,39.35118810906274,0.9940084780945325,0.0030166724940958235,369.35337856091877,341.64612618697294,7.684895950270635,7.7
295.0,235.0,39.36879004679833,1.0065474996886927,0.0030546685551576754,369.3835195202485,341.65617317341616,7.688062702669755,7.7
295.0,240.00000000000003,39.38639198453393,1.018901217060056,0.003092101690864457,369.4134751753555,341.66615839178513,7.691209986126775,7.7
295.0,245.00000000000003,39.40399392226953,1.0310750341081436,0.003128988337881796,369.4432509301392,341.67608364337974,7.694338368401072,7.7
295.0,250.0,39.42159586000512,1.0430741216463757,0.0031653442233289066,369.47285195541303,341.6859506518044,7.697448392762847,7.7
295.0,255.00000000000003,39.43919779774072,1.0549034306198393,0.0032011844050400125,369.5022832021221,341.695761067374,7.700540579381894,7.7
295.0,260.0,39.45679973547632,1.0665677043990962,0.003236523309010007,369.5315494136369,341.7055164712123,7.703615426619315,7.7
295.0,265.00000000000006,39.474401673211915,1.0780714902264725,0.003271374764257398,369.5606551371999,341.7152183790666,7.706673412229939,7.7
295.0,270.0,39.492003610947506,1.08941914988399,0.003305752035315391,369.589604734593,341.72486824486435,7.70971499448338,7.7
295.0,275.0,39.509605548683105,1.1006148696456173,0.003339667852542171,369.6184023920902,341.7344674640301,7.712740613209411,7.7
295.0,280.0,39.527207486418696,1.1116626695706915,0.0033731344404236883,369.64705212975093,341.7440173765837,7.715750690774603,7.7
295.0,285.0,39.544809424154295,1.122566412190166,0.0034061635440264235,369.67555781010594,341.7535192700354,7.718745632994769,7.7
295.0,290.00000000000006,39.562411361889886,1.1333298106326888,0.0034387664537433916,369.70392314628407,341.7629743820947,7.721725829988856,7.7
295.0,295.0,39.58001329962549,1.1439564362332981,0.003470954028463816,369.73215170962027,341.77238390320673,7.724691656978324,7.7
295.0,300.0,39.59761523736108,1.1544497256637842,0.0035027367172854834,369.76024693678636,341.7817489789288,7.72764347503625,7.7
300.0,0.0,39.19474471853421,0.0,0.0,368.2029266922957,341.26264223076527,7.564024010688855,7.6
300.0,5.0,39.21234665626981,0.04056185289237851,0.00012327764165512376,368.2610904829237,341.28203016097456,7.57013497489202,7.6
300.0,10.0,39.22994859400541,0.07924106789395854,0.0002408193206975169,368.3173716356609,341.3007905452203,7.576048140213219,7.6
300.0,15.000000000000002,39.247550531741,0.11620487526398286,0.0003531351644834896,368.3719373807665,341.31897912692216,7.581781076658032,7.6
300.0,20.0,39.2651524694766,0.15159915972895432,0.0004606701356117005,368.4249336029671,341.3366445343224,7.587349111569016,7.6
300.0,25.0,39.282754407212195,0.18555194609533962,0.0005638146791438648,368.47648832706903,341.35382944235636,7.592765695840607,7.6
300.0,30.000000000000004,39.300356344947794,0.21817620113332484,0.0006629132803450848,368.5267145198426,341.3705715066142,7.598042698298451,7.6
300.0,35.0,39.317958282683385,0.24957210662670173,0.0007582714064800886,368.5757123630716,341.38690412102386,7.60319064451674,7.6
300.0,40.0,39.335560220418984,0.2798289190282821,0.0008501611855423006,368.62357111320875,341.4028570377363,7.608218912202528,7.6
300.0,45.0,39.353162158154575,0.30902650278887844,0.0009388260880393777,368.67037063470497,341.418456878235,7.61313589229446,7.6
300.0,50.0,39.37076409589017,0.3372366037561246,0.001024484814755565,368.71618267340784,341.43372755780257,7.61794912275217,7.6
300.0,55.00000000000001,39.38836603362577,0.36452391379333504,0.0011073345468013572,368.76107192118064,341.4486906403936,7.622665400410258,7.6
300.0,60.00000000000001,39.40596797136137,0.3909469663968819,0.0011875536794988771,368.80509691151974,341.46336563717324,7.6272908750758885,7.6
300.0,65.0,39.42356990909696,0.41655889451953976,0.0012653041354530824,368.848310777378,341.477770259126,7.631831129149585,7.6
300.0,70.0,39.44117184683256,0.4414080752840401,0.0013407333322217152,368.8907618958781,341.4919206319594,7.636291245361727,7.6
300.0,75.0,39.45877378456816,0.46553868126116543,0.0014139758646861647,368.93249443959087,341.5058314798636,7.640675864692457,7.6
300.0,80.0,39.47637572230375,0.4889911541062257,0.0014851549503672656,368.9735488501715,341.5195162833905,7.644989236134242,7.6
300.0,85.00000000000001,39.49397766003935,0.511802613318115,0.0015543836766726492,369.01396224711897,341.5329874157064,7.649235259638031,7.6
300.0,90.0,39.51157959777495,0.5340072105020212,0.0016217660817809455,369.05376878203845,341.54625626067946,7.653417523333667,7.7
300.0,95.0,39.529181535510546,0.5556364376290646,0.0016873980951006497,369.0929999469011,341.5593333156337,7.657539335917347,7.7
300.0,100.0,39.54678347324614,0.5767193962808003,0.0017513683586427415,369.13168484328844,341.57222828109616,7.661603754939467,7.7
300.0,105.0,39.564385410981735,0.5972830336585808,0.001813758946956273,369.16985041840184,341.5849501394673,7.66561361160104,7.7
300.0,110.00000000000001,39.58198734871733,0.6173523501627401,0.0018746460002978652,369.2075216726416,341.59750722421387,7.669571532562896,7.7
300.0,115.00000000000001,39.599589286452925,0.636950582555108,0.0019341002832887417,369.2447218427696,341.6099072809232,7.673479959189668,7.7
300.0,120.00000000000001,39.617191224188524,0.6560993660724632,0.0019921876793402584,369.28147256402247,341.6221575213408,7.67734116458209,7.7
300.0,125.0,39.63479316192412,0.6748188783287943,0.0020489696295111297,369.3177940140144,341.63426467133814,7.6811572686962215,7.7
300.0,130.0,39.652395099659714,0.6931279674076186,0.002104503523126231,369.35370504082886,341.6462350136096,7.68493025180122,7.7
300.0,135.0,39.66999703739531,0.7110442661841468,0.002158843046383104,369.389223277341,341.65807442578034,7.688661966490764,7.7
300.0,140.0,39.68759897513091,0.7285842946164696,0.002212038494254442,369.42436524350893,341.669788414503,7.692354148430128,7.7
300.0,145.00000000000003,39.7052009128665,0.7457635514939485,0.0022641370502284653,369.45914643812193,341.6813821460407,7.696008425995762,7.7
300.0,150.0,39.7228028506021,0.7625965969205369,0.002315183037786606,369.49358142128415,341.69286047376136,7.699626328941362,7.7
300.0,155.0,39.74040478833769,0.7790971266336753,0.0023652181469772803,369.5276838887329,341.70422796291103,7.703209296206236,7.7
300.0,160.0,39.7580067260733,0.7952780391097863,0.0024142816389878265,369.5614667389446,341.7154889129815,7.706758682965501,7.7
300.0,165.0,39.77560866380889,0.8111514962806357,0.0024624105312297064,369.594942133851,341.7266473779503,7.710275767009565,7.7
300.0,170.00000000000003,39.79321060154449,0.8267289785769486,0.002509639765122831,369.628121553883,341.73770718462765,7.713761754527033,7.7
300.0,175.0,39.81081253928008,0.8420213349237,0.002556002358484123,369.6610158479653,341.74867194932176,7.717217785357478,7.7
300.0,180.0,39.82841447701568,0.8570388282327301,0.002601529544185043,369.69363527900987,341.7595450930033,7.7206449377711905,7.7
300.0,185.0,39.846016414751276,0.8717911768707427,0.0026462508965365106,369.7259895653835,341.77032985512784,7.724044232825969,7.7
300.0,190.0,39.863618352486874,0.8862875925225709,0.0026901944466821196,369.75808791877097,341.78102930625704,7.727416638345188,7.7
300.0,195.00000000000003,39.881220290222466,0.9005368148193272,0.00273338678812715,369.7899390788033,341.79164635960115,7.730763072555985,7.7
300.0,200.0,39.898822227958064,0.91454714305761,0.0027758531733983074,369.8215513447772,341.8021837815924,7.734084407421914,7.7
300.0,205.00000000000003,39.91642416569366,0.9283264652981803,0.002817617602713905,369.8529326047534,341.8126442015844,7.737381471700109,7.7
300.0,210.0,39.934026103429254,0.9418822850997156,0.002858702905444099,369.88409036229046,341.82303012076346,7.7406550537501255,7.7
300.0,215.0,39.95162804116485,0.9552217461146112,0.0028991308150534303,369.91503176104095,341.83334392034703,7.743905904118031,7.7
300.0,220.00000000000003,39.969229978900444,0.9683516547487961,0.002938922038141619,369.94576360741075,341.8435878691369,7.747134737917114,7.7
300.0,225.0,39.98683191663605,0.9812785010656083,0.002978096318131691,369.9762923914632,341.8537641304877,7.750342237024317,7.8
300.0,230.00000000000003,40.00443385437164,0.9940084780945325,0.0030166724940958235,370.0066243062277,341.86387476874256,7.753529052108729,7.8
300.0,235.0,40.02203579210724,1.0065474996886927,0.0030546685551576754,370.03676526555745,341.87392175518585,7.756695804507868,7.8
300.0,240.00000000000003,40.03963772984283,1.018901217060056,0.003092101690864457,370.06672092066435,341.8839069735548,7.759843087964888,7.8
300.0,245.00000000000003,40.05723966757843,1.0310750341081436,0.003128988337881796,370.09649667544807,341.8938322251494,7.762971470239186,7.8
300.0,250.0,40.07484160531403,1.0430741216463757,0.0031653442233289066,370.1260977007219,341.90369923357395,7.766081494600924,7.8
300.0,255.00000000000003,40.09244354304962,1.0549034306198393,0.0032011844050400125,370.155528947431,341.91350964914363,7.769173681219988,7.8
300.0,260.0,40.11004548078522,1.0665677043990962,0.003236523309010007,370.18479515894586,341.923265052982,7.772248528457427,7.8
300.0,265.00000000000006,40.127647418520816,1.0780714902264725,0.003271374764257398,370.2139008825088,341.93296696083627,7.775306514068053,7.8
300.0,270.0,40.145249356256414,1.08941914988399,0.003305752035315391,370.24285047990196,341.94261682663404,7.778348096321493,7.8
300.0,275.0,40.162851293992006,1.1006148696456173,0.003339667852542171,370.2716481373991,341.95221604579973,7.781373715047507,7.8
300.0,280.0,40.180453231727604,1.1116626695706915,0.0033731344404236883,370.3002978750598,341.9617659583533,7.7843837926126795,7.8
300.0,285.0,40.198055169463196,1.122566412190166,0.0034061635440264235,370.3288035554149,341.97126785180495,7.787378734832846,7.8
300.0,290.00000000000006,40.215657107198794,1.1333298106326888,0.0034387664537433916,370.357168891593,341.98072296386437,7.790358931826969,7.8
300.0,295.0,40.23325904493439,1.1439564362332981,0.003470954028463816,370.3853974549292,341.9901324849764,7.793324758816437,7.8
300.0,300.0,40.25086098266999,1.1544497256637842,0.0035027367172854834,370.41349268209524,341.99949756069844,7.796276576874346,7.8
