gasoline_shock_pct,other_motor_fuel_shock_pct,september_cpi_w_all_items,q3_cpi_w_average,cola_raw_pct,cola_rounded_pct
0.0,0.0,329.0081819737615,328.1977273245872,3.4460379004030006,3.4
0.0,5.0,329.0257839114971,328.20359463716574,3.447887243615455,3.4
0.0,10.0,329.0433858492327,328.20946194974425,3.4497365868279095,3.4
0.0,15.000000000000002,329.0609877869683,328.21532926232277,3.451585930040364,3.5
0.0,20.0,329.0785897247039,328.2211965749013,3.4534352732528184,3.5
0.0,25.0,329.0961916624395,328.2270638874798,3.455284616465273,3.5
0.0,30.000000000000004,329.1137936001751,328.2329312000584,3.4571339596777455,3.5
0.0,35.0,329.1313955379107,328.23879851263695,3.4589833028902177,3.5
0.0,40.0,329.1489974756463,328.24466582521546,3.460832646102672,3.5
0.0,45.0,329.1665994133819,328.250533137794,3.4626819893151266,3.5
0.0,50.0,329.18420135111745,328.2564004503725,3.464531332527581,3.5
0.0,55.00000000000001,329.20180328885306,328.262267762951,3.4663806757400355,3.5
0.0,60.00000000000001,329.21940522658866,328.2681350755295,3.46823001895249,3.5
0.0,65.0,329.23700716432427,328.2740023881081,3.470079362164962,3.5
0.0,70.0,329.2546091020599,328.2798697006867,3.471928705377435,3.5
0.0,75.0,329.2722110397955,328.2857370132652,3.4737780485898893,3.5
0.0,80.0,329.289812977531,328.2916043258437,3.4756273918023437,3.5
0.0,85.00000000000001,329.30741491526663,328.2974716384222,3.477476735014798,3.5
0.0,90.0,329.32501685300224,328.30333895100074,3.4793260782272526,3.5
0.0,95.0,329.34261879073784,328.30920626357926,3.481175421439707,3.5
0.0,100.0,329.36022072847345,328.31507357615783,3.4830247646521793,3.5
0.0,105.0,329.37782266620906,328.3209408887364,3.4848741078646515,3.5
0.0,110.00000000000001,329.3954246039446,328.32680820131486,3.486723451077088,3.5
0.0,115.00000000000001,329.4130265416802,328.33267551389343,3.488572794289561,3.5
0.0,120.00000000000001,329.4306284794158,328.33854282647195,3.4904221375020152,3.5
0.0,125.0,329.4482304171514,328.34441013905047,3.4922714807144697,3.5
0.0,130.0,329.465832354887,328.350277451629,3.494120823926924,3.5
0.0,135.0,329.48343429262263,328.35614476420756,3.4959701671393963,3.5
0.0,140.0,329.5010362303582,328.3620120767861,3.497819510351851,3.5
0.0,145.00000000000003,329.5186381680938,328.3678793893646,3.4996688535643052,3.5
0.0,150.0,329.5362401058294,328.37374670194316,3.5015181967767774,3.5
0.0,155.0,329.553842043565,328.3796140145217,3.503367539989232,3.5
0.0,160.0,329.5714439813006,328.3854813271002,3.5052168832016863,3.5
0.0,165.0,329.5890459190362,328.3913486396787,3.507066226414141,3.5
0.0,170.00000000000003,329.60664785677176,328.3972159522573,3.5089155696266134,3.5
0.0,175.0,329.62424979450736,328.4030832648358,3.510764912839068,3.5
0.0,180.0,329.64185173224297,328.4089505774143,3.5126142560515223,3.5
0.0,185.0,329.6594536699786,328.4148178899929,3.5144635992639945,3.5
0.0,190.0,329.6770556077142,328.4206852025714,3.516312942476449,3.5
0.0,195.00000000000003,329.6946575454498,328.4265525151499,3.5181622856889034,3.5
0.0,200.0,329.71225948318533,328.43241982772844,3.520011628901358,3.5
0.0,205.00000000000003,329.72986142092094,328.438287140307,3.5218609721138305,3.5
0.0,210.0,329.74746335865655,328.4441544528855,3.523710315326285,3.5
0.0,215.0,329.76506529639215,328.45002176546404,3.5255596585387394,3.5
0.0,220.00000000000003,329.78266723412776,328.4558890780426,3.5274090017512116,3.5
0.0,225.0,329.80026917186336,328.46175639062113,3.529258344963666,3.5
0.0,230.00000000000003,329.8178711095989,328.46762370319965,3.5311076881761205,3.5
0.0,235.0,329.8354730473345,328.47349101577817,3.532957031388575,3.5
0.0,240.00000000000003,329.8530749850701,328.47935832835674,3.534806374601047,3.5
0.0,245.00000000000003,329.8706769228057,328.48522564093525,3.5366557178135016,3.5
0.0,250.0,329.88827886054133,328.49109295351377,3.538505061025956,3.5
0.0,255.00000000000003,329.90588079827694,328.49696026609234,3.5403544042384287,3.5
0.0,260.0,329.9234827360125,328.50282757867086,3.542203747450883,3.5
0.0,265.00000000000006,329.9410846737481,328.5086948912494,3.5440530906633376,3.5
0.0,270.0,329.9586866114837,328.5145622038279,3.545902433875792,3.5
0.0,275.0,329.9762885492193,328.52042951640647,3.5477517770882643,3.5
0.0,280.0,329.9938904869549,328.526296828985,3.5496011203007187,3.5
0.0,285.0,330.0114924246905,328.5321641415635,3.551450463513173,3.6
0.0,290.00000000000006,330.02909436242606,328.5380314541421,3.553299806725646,3.6
0.0,295.0,330.04669630016167,328.5438987667206,3.5551491499381003,3.6
0.0,300.0,330.0642982378973,328.5497660792991,3.5569984931505547,3.6
5.0,0.0,329.6614277190704,328.4154759063568,3.514671002241078,3.5
5.0,5.0,329.679029656806,328.42134321893536,3.51652034545355,3.5
5.0,10.0,329.6966315945416,328.4272105315139,3.5183696886660045,3.5
5.0,15.000000000000002,329.7142335322772,328.4330778440924,3.520219031878459,3.5
5.0,20.0,329.7318354700128,328.43894515667097,3.5220683750909316,3.5
5.0,25.0,329.7494374077484,328.4448124692495,3.523917718303386,3.5
5.0,30.000000000000004,329.76703934548397,328.450679781828,3.5257670615158405,3.5
5.0,35.0,329.78464128321957,328.4565470944065,3.527616404728295,3.5
5.0,40.0,329.8022432209552,328.4624144069851,3.529465747940767,3.5
5.0,45.0,329.8198451586908,328.4682817195636,3.5313150911532216,3.5
5.0,50.0,329.8374470964264,328.4741490321421,3.533164434365676,3.5
5.0,55.00000000000001,329.855049034162,328.4800163447207,3.5350137775781487,3.5
5.0,60.00000000000001,329.87265097189754,328.4858836572992,3.536863120790603,3.5
5.0,65.0,329.89025290963315,328.4917509698777,3.5387124640030576,3.5
5.0,70.0,329.90785484736875,328.49761828245624,3.540561807215512,3.5
5.0,75.0,329.92545678510436,328.5034855950348,3.5424111504279843,3.5
5.0,80.0,329.94305872283996,328.50935290761333,3.5442604936404387,3.5
5.0,85.00000000000001,329.96066066057557,328.51522022019185,3.546109836852893,3.5
5.0,90.0,329.9782625983111,328.5210875327704,3.5479591800653654,3.5
5.0,95.0,329.9958645360467,328.52695484534894,3.54980852327782,3.5
5.0,100.0,330.01346647378233,328.53282215792746,3.5516578664902747,3.6
5.0,105.0,330.03106841151794,328.538689470506,3.553507209702729,3.6
5.0,110.00000000000001,330.04867034925354,328.54455678308454,3.5553565529152014,3.6
5.0,115.00000000000001,330.06627228698915,328.55042409566306,3.557205896127656,3.6
5.0,120.00000000000001,330.0838742247247,328.5562914082416,3.5590552393401103,3.6
5.0,125.0,330.1014761624603,328.56215872082015,3.5609045825525825,3.6
5.0,130.0,330.1190781001959,328.56802603339867,3.562753925765037,3.6
5.0,135.0,330.1366800379315,328.5738933459772,3.5646032689774914,3.6
5.0,140.0,330.1542819756671,328.5797606585557,3.566452612189946,3.6
5.0,145.00000000000003,330.1718839134027,328.5856279711343,3.5683019554024185,3.6
5.0,150.0,330.1894858511383,328.59149528371273,3.5701512986148547,3.6
5.0,155.0,330.2070877888739,328.5973625962913,3.5720006418273273,3.6
5.0,160.0,330.2246897266095,328.6032299088699,3.5738499850397996,3.6
5.0,165.0,330.2422916643451,328.6090972214484,3.575699328252254,3.6
5.0,170.00000000000003,330.2598936020807,328.6149645340269,3.5775486714647085,3.6
5.0,175.0,330.2774955398163,328.6208318466054,3.579398014677163,3.6
5.0,180.0,330.29509747755185,328.62669915918394,3.5812473578896173,3.6
5.0,185.0,330.31269941528745,328.63256647176246,3.583096701102072,3.6
5.0,190.0,330.33030135302306,328.63843378434103,3.5849460443145444,3.6
5.0,195.00000000000003,330.34790329075867,328.6443010969196,3.5867953875270167,3.6
5.0,200.0,330.36550522849427,328.6501684094981,3.588644730739471,3.6
5.0,205.00000000000003,330.3831071662299,328.65603572207664,3.5904940739519255,3.6
5.0,210.0,330.4007091039655,328.66190303465515,3.59234341716438,3.6
5.0,215.0,330.41831104170103,328.66777034723367,3.5941927603768344,3.6
5.0,220.00000000000003,330.43591297943664,328.6736376598122,3.596042103589289,3.6
5.0,225.0,330.45351491717224,328.67950497239076,3.597891446801761,3.6
5.0,230.00000000000003,330.47111685490785,328.68537228496933,3.5997407900142337,3.6
5.0,235.0,330.48871879264345,328.69123959754785,3.601590133226688,3.6
5.0,240.00000000000003,330.50632073037906,328.69710691012637,3.6034394764391426,3.6
5.0,245.00000000000003,330.5239226681146,328.7029742227049,3.605288819651597,3.6
5.0,250.0,330.5415246058502,328.7088415352834,3.6071381628640515,3.6
5.0,255.00000000000003,330.5591265435858,328.7147088478619,3.608987506076506,3.6
5.0,260.0,330.5767284813214,328.7205761604405,3.610836849288978,3.6
5.0,265.00000000000006,330.59433041905703,328.72644347301906,3.612686192501451,3.6
5.0,270.0,330.61193235679264,328.7323107855976,3.6145355357139053,3.6
5.0,275.0,330.6295342945282,328.7381780981761,3.6163848789263597,3.6
5.0,280.0,330.6471362322638,328.7440454107546,3.618234222138814,3.6
5.0,285.0,330.6647381699994,328.7499127233331,3.6200835653512686,3.6
5.0,290.00000000000006,330.682340107735,328.75578003591164,3.621932908563723,3.6
5.0,295.0,330.6999420454706,328.7616473484902,3.6237822517761953,3.6
5.0,300.0,330.7175439832062,328.7675146610688,3.6256315949886675,3.6
10.0,0.0,330.3146734643793,328.6332244881265,3.583304104079191,3.6
10.0,5.0,330.33227540211493,328.639091800705,3.5851534472916455,3.6
10.0,10.0,330.34987733985054,328.6449591132835,3.5870027905041,3.6
10.0,15.000000000000002,330.3674792775861,328.650826425862,3.5888521337165544,3.6
10.0,20.0,330.3850812153217,328.65669373844054,3.590701476929009,3.6
10.0,25.0,330.4026831530573,328.6625610510191,3.592550820141481,3.6
10.0,30.000000000000004,330.4202850907929,328.6684283635977,3.5944001633539537,3.6
10.0,35.0,330.4378870285285,328.6742956761762,3.596249506566408,3.6
10.0,40.0,330.4554889662641,328.6801629887547,3.5980988497788626,3.6
10.0,45.0,330.47309090399966,328.68603030133323,3.599948192991317,3.6
10.0,50.0,330.49069284173527,328.69189761391175,3.6017975362037715,3.6
10.0,55.00000000000001,330.5082947794709,328.69776492649027,3.603646879416226,3.6
10.0,60.00000000000001,330.5258967172065,328.70363223906884,3.605496222628698,3.6
10.0,65.0,330.5434986549421,328.7094995516474,3.6073455658411704,3.6
10.0,70.0,330.5611005926777,328.7153668642259,3.609194909053625,3.6
10.0,75.0,330.57870253041324,328.72123417680444,3.6110442522660793,3.6
10.0,80.0,330.59630446814884,328.72710148938296,3.6128935954785337,3.6
10.0,85.00000000000001,330.61390640588445,328.7329688019615,3.614742938690988,3.6
10.0,90.0,330.63150834362006,328.73883611454,3.616592281903443,3.6
10.0,95.0,330.64911028135566,328.74470342711857,3.6184416251159153,3.6
10.0,100.0,330.66671221909127,328.75057073969714,3.6202909683283875,3.6
10.0,105.0,330.6843141568268,328.7564380522756,3.622140311540824,3.6
10.0,110.00000000000001,330.7019160945624,328.76230536485417,3.6239896547532964,3.6
10.0,115.00000000000001,330.719518032298,328.7681726774327,3.625838997965751,3.6
10.0,120.00000000000001,330.73711997003363,328.7740399900112,3.6276883411782053,3.6
10.0,125.0,330.75472190776924,328.7799073025897,3.6295376843906597,3.6
10.0,130.0,330.77232384550484,328.7857746151683,3.6313870276031324,3.6
10.0,135.0,330.7899257832404,328.7916419277468,3.633236370815587,3.6
10.0,140.0,330.807527720976,328.7975092403253,3.6350857140280413,3.6
10.0,145.00000000000003,330.8251296587116,328.8033765529039,3.6369350572405135,3.6
10.0,150.0,330.8427315964472,328.8092438654824,3.638784400452968,3.6
10.0,155.0,330.8603335341828,328.81511117806093,3.6406337436654224,3.6
10.0,160.0,330.8779354719184,328.82097849063945,3.642483086877877,3.6
10.0,165.0,330.89553740965397,328.826845803218,3.644332430090349,3.6
10.0,170.00000000000003,330.9131393473896,328.83271311579654,3.646181773302804,3.6
10.0,175.0,330.9307412851252,328.83858042837505,3.6480311165152584,3.6
10.0,180.0,330.9483432228608,328.8444477409536,3.6498804597277306,3.6
10.0,185.0,330.9659451605964,328.85031505353214,3.651729802940185,3.7
10.0,190.0,330.983547098332,328.85618236611066,3.6535791461526395,3.7
10.0,195.00000000000003,331.00114903606755,328.8620496786892,3.655428489365094,3.7
10.0,200.0,331.01875097380315,328.86791699126775,3.657277832577566,3.7
10.0,205.00000000000003,331.03635291153876,328.87378430384626,3.6591271757900206,3.7
10.0,210.0,331.05395484927436,328.8796516164248,3.660976519002475,3.7
10.0,215.0,331.07155678700997,328.88551892900335,3.6628258622149477,3.7
10.0,220.00000000000003,331.0891587247456,328.89138624158187,3.664675205427402,3.7
10.0,225.0,331.1067606624811,328.8972535541604,3.6665245486398566,3.7
10.0,230.00000000000003,331.1243626002167,328.9031208667389,3.668373891852311,3.7
10.0,235.0,331.14196453795233,328.9089881793175,3.670223235064783,3.7
10.0,240.00000000000003,331.15956647568794,328.914855491896,3.6720725782772377,3.7
10.0,245.00000000000003,331.17716841342354,328.9207228044745,3.673921921489692,3.7
10.0,250.0,331.19477035115915,328.9265901170531,3.6757712647021648,3.7
10.0,255.00000000000003,331.2123722888947,328.9324574296316,3.677620607914619,3.7
10.0,260.0,331.2299742266303,328.9383247422101,3.6794699511270736,3.7
10.0,265.00000000000006,331.2475761643659,328.94419205478863,3.681319294339528,3.7
10.0,270.0,331.2651781021015,328.9500593673672,3.6831686375520003,3.7
10.0,275.0,331.2827800398371,328.9559266799457,3.6850179807644547,3.7
10.0,280.0,331.3003819775727,328.96179399252424,3.686867323976909,3.7
10.0,285.0,331.3179839153083,328.9676613051028,3.6887166671893814,3.7
10.0,290.00000000000006,331.3355858530439,328.9735286176813,3.690566010401836,3.7
10.0,295.0,331.3531877907795,328.97939593025984,3.6924153536142903,3.7
10.0,300.0,331.3707897285151,328.98526324283836,3.6942646968267447,3.7
15.000000000000002,0.0,330.9679192096882,328.8509730698961,3.651937205917286,3.7
15.000000000000002,5.0,330.9855211474238,328.8568403824746,3.6537865491297405,3.7
15.000000000000002,10.0,331.0031230851594,328.86270769505313,3.655635892342195,3.7
15.000000000000002,15.000000000000002,331.020725022895,328.8685750076317,3.6574852355546676,3.7
15.000000000000002,20.0,331.0383269606306,328.8744423202102,3.659334578767122,3.7
15.000000000000002,25.0,331.0559288983662,328.88030963278874,3.6611839219795765,3.7
15.000000000000002,30.000000000000004,331.0735308361018,328.88617694536725,3.663033265192031,3.7
15.000000000000002,35.0,331.0911327738374,328.8920442579458,3.664882608404503,3.7
15.000000000000002,40.0,331.108734711573,328.89791157052434,3.6667319516169576,3.7
15.000000000000002,45.0,331.1263366493086,328.90377888310286,3.668581294829412,3.7
15.000000000000002,50.0,331.1439385870442,328.90964619568143,3.6704306380418843,3.7
15.000000000000002,55.00000000000001,331.16154052477975,328.91551350825995,3.6722799812543387,3.7
15.000000000000002,60.00000000000001,331.17914246251536,328.92138082083846,3.674129324466793,3.7
15.000000000000002,65.0,331.19674440025096,328.927248133417,3.6759786676792476,3.7
15.000000000000002,70.0,331.21434633798657,328.93311544599555,3.6778280108917203,3.7
15.000000000000002,75.0,331.2319482757222,328.93898275857407,3.6796773541041747,3.7
15.000000000000002,80.0,331.2495502134578,328.9448500711526,3.681526697316629,3.7
15.000000000000002,85.00000000000001,331.26715215119333,328.95071738373116,3.6833760405291014,3.7
15.000000000000002,90.0,331.28475408892893,328.9565846963097,3.685225383741556,3.7
15.000000000000002,95.0,331.30235602666454,328.9624520088882,3.6870747269540103,3.7
15.000000000000002,100.0,331.31995796440015,328.9683193214667,3.6889240701664647,3.7
15.000000000000002,105.0,331.33755990213575,328.9741866340453,3.6907734133789374,3.7
15.000000000000002,110.00000000000001,331.35516183987136,328.9800539466238,3.692622756591392,3.7
15.000000000000002,115.00000000000001,331.3727637776069,328.9859212592023,3.6944720998038463,3.7
15.000000000000002,120.00000000000001,331.3903657153425,328.9917885717809,3.6963214430163185,3.7
15.000000000000002,125.0,331.4079676530781,328.9976558843594,3.698170786228773,3.7
15.000000000000002,130.0,331.4255695908137,329.0035231969379,3.7000201294412274,3.7
15.000000000000002,135.0,331.4431715285493,329.00939050951644,3.701869472653682,3.7
15.000000000000002,140.0,331.46077346628493,329.015257822095,3.703718815866154,3.7
15.000000000000002,145.00000000000003,331.47837540402054,329.0211251346735,3.7055681590786085,3.7
15.000000000000002,150.0,331.4959773417561,329.02699244725204,3.707417502291063,3.7
15.000000000000002,155.0,331.5135792794917,329.0328597598306,3.7092668455035356,3.7
15.000000000000002,160.0,331.5311812172273,329.03872707240913,3.71111618871599,3.7
15.000000000000002,165.0,331.5487831549629,329.04459438498765,3.7129655319284445,3.7
15.000000000000002,170.00000000000003,331.5663850926985,329.05046169756616,3.714814875140899,3.7
15.000000000000002,175.0,331.5839870304341,329.05632901014474,3.716664218353371,3.7
15.000000000000002,180.0,331.60158896816966,329.0621963227232,3.718513561565808,3.7
15.000000000000002,185.0,331.61919090590527,329.06806363530177,3.72036290477828,3.7
15.000000000000002,190.0,331.6367928436409,329.07393094788034,3.7222122479907527,3.7
15.000000000000002,195.00000000000003,331.6543947813765,329.07979826045886,3.724061591203207,3.7
15.000000000000002,200.0,331.6719967191121,329.0856655730374,3.7259109344156616,3.7
15.000000000000002,205.00000000000003,331.6895986568477,329.0915328856159,3.727760277628116,3.7
15.000000000000002,210.0,331.70720059458324,329.0974001981944,3.7296096208405705,3.7
15.000000000000002,215.0,331.72480253231885,329.1032675107729,3.731458964053025,3.7
15.000000000000002,220.00000000000003,331.74240447005445,329.1091348233515,3.733308307265497,3.7
15.000000000000002,225.0,331.76000640779006,329.11500213593007,3.7351576504779693,3.7
15.000000000000002,230.00000000000003,331.77760834552566,329.1208694485086,3.7370069936904238,3.7
15.000000000000002,235.0,331.79521028326127,329.1267367610871,3.738856336902878,3.7
15.000000000000002,240.00000000000003,331.8128122209968,329.1326040736656,3.740705680115333,3.7
15.000000000000002,245.00000000000003,331.8304141587324,329.13847138624413,3.7425550233277876,3.7
15.000000000000002,250.0,331.84801609646803,329.14433869882265,3.744404366540242,3.7
15.000000000000002,255.00000000000003,331.86561803420364,329.1502060114012,3.746253709752714,3.7
15.000000000000002,260.0,331.88321997193924,329.1560733239798,3.7481030529651864,3.7
15.000000000000002,265.00000000000006,331.90082190967485,329.1619406365583,3.749952396177641,3.7
15.000000000000002,270.0,331.9184238474104,329.16780794913683,3.7518017393900953,3.8
15.000000000000002,275.0,331.936025785146,329.17367526171535,3.7536510826025498,3.8
15.000000000000002,280.0,331.9536277228816,329.17954257429386,3.755500425815004,3.8
15.000000000000002,285.0,331.9712296606172,329.1854098868724,3.7573497690274587,3.8
15.000000000000002,290.00000000000006,331.9888315983528,329.19127719945095,3.7591991122399313,3.8
15.000000000000002,295.0,332.0064335360884,329.1971445120295,3.7610484554524035,3.8
15.000000000000002,300.0,332.024035473824,329.203011824608,3.76289779866484,3.8
20.0,0.0,331.62116495499714,329.0687216516657,3.7205703077553816,3.7
20.0,5.0,331.63876689273275,329.07458896424424,3.722419650967836,3.7
20.0,10.0,331.6563688304683,329.08045627682276,3.7242689941802904,3.7
20.0,15.000000000000002,331.6739707682039,329.0863235894013,3.726118337392745,3.7
20.0,20.0,331.6915727059395,329.09219090197985,3.727967680605217,3.7
20.0,25.0,331.7091746436751,329.0980582145584,3.7298170238176893,3.7
20.0,30.000000000000004,331.7267765814107,329.10392552713694,3.7316663670301438,3.7
20.0,35.0,331.7443785191463,329.10979283971545,3.733515710242598,3.7
20.0,40.0,331.7619804568819,329.11566015229397,3.7353650534550527,3.7
20.0,45.0,331.7795823946175,329.1215274648725,3.737214396667507,3.7
20.0,50.0,331.7971843323531,329.127394777451,3.7390637398799615,3.7
20.0,55.00000000000001,331.8147862700887,329.1332620900296,3.740913083092434,3.7
20.0,60.00000000000001,331.8323882078243,329.13912940260815,3.7427624263049064,3.7
20.0,65.0,331.8499901455599,329.14499671518666,3.744611769517361,3.7
20.0,70.0,331.86759208329545,329.1508640277652,3.7464611127298153,3.7
20.0,75.0,331.88519402103105,329.1567313403437,3.7483104559422697,3.7
20.0,80.0,331.90279595876666,329.1625986529222,3.750159799154724,3.8
20.0,85.00000000000001,331.92039789650227,329.16846596550073,3.7520091423671786,3.8
20.0,90.0,331.93799983423787,329.1743332780793,3.7538584855796513,3.8
20.0,95.0,331.9556017719735,329.1802005906579,3.7557078287921235,3.8
20.0,100.0,331.973203709709,329.18606790323634,3.75755717200456,3.8
20.0,105.0,331.99080564744463,329.1919352158149,3.7594065152170324,3.8
20.0,110.00000000000001,332.00840758518024,329.1978025283934,3.761255858429487,3.8
20.0,115.00000000000001,332.02600952291584,329.20366984097194,3.7631052016419413,3.8
20.0,120.00000000000001,332.04361146065145,329.20953715355046,3.7649545448543957,3.8
20.0,125.0,332.06121339838705,329.21540446612903,3.766803888066868,3.8
20.0,130.0,332.0788153361226,329.22127177870755,3.7686532312793224,3.8
20.0,135.0,332.0964172738582,329.22713909128606,3.770502574491777,3.8
20.0,140.0,332.1140192115938,329.23300640386464,3.7723519177042495,3.8
20.0,145.00000000000003,332.1316211493294,329.23887371644315,3.774201260916704,3.8
20.0,150.0,332.149223087065,329.24474102902167,3.7760506041291584,3.8
20.0,155.0,332.16682502480063,329.2506083416002,3.777899947341613,3.8
20.0,160.0,332.1844269625362,329.25647565417876,3.779749290554085,3.8
20.0,165.0,332.2020289002718,329.2623429667573,3.7815986337665395,3.8
20.0,170.00000000000003,332.2196308380074,329.2682102793358,3.783447976978994,3.8
20.0,175.0,332.237232775743,329.27407759191436,3.7852973201914666,3.8
20.0,180.0,332.2548347134786,329.2799449044929,3.787146663403921,3.8
20.0,185.0,332.2724366512142,329.2858122170714,3.7889960066163755,3.8
20.0,190.0,332.29003858894976,329.2916795296499,3.79084534982883,3.8
20.0,195.00000000000003,332.30764052668536,329.2975468422285,3.792694693041302,3.8
20.0,200.0,332.32524246442097,329.303414154807,3.7945440362537566,3.8
20.0,205.00000000000003,332.3428444021566,329.3092814673855,3.796393379466211,3.8
20.0,210.0,332.3604463398922,329.3151487799641,3.7982427226786832,3.8
20.0,215.0,332.3780482776278,329.3210160925426,3.8000920658911377,3.8
20.0,220.00000000000003,332.39565021536333,329.3268834051211,3.801941409103592,3.8
20.0,225.0,332.41325215309894,329.33275071769964,3.8037907523160466,3.8
20.0,230.00000000000003,332.43085409083454,329.3386180302782,3.8056400955285192,3.8
20.0,235.0,332.44845602857015,329.34448534285673,3.8074894387409737,3.8
20.0,240.00000000000003,332.46605796630575,329.35035265543524,3.809338781953428,3.8
20.0,245.00000000000003,332.48365990404136,329.3562199680138,3.8111881251659003,3.8
20.0,250.0,332.5012618417769,329.36208728059233,3.8130374683783548,3.8
20.0,255.00000000000003,332.5188637795125,329.36795459317085,3.8148868115908092,3.8
20.0,260.0,332.5364657172481,329.37382190574937,3.8167361548032637,3.8
20.0,265.00000000000006,332.5540676549837,329.37968921832794,3.8185854980157363,3.8
20.0,270.0,332.57166959271933,329.38555653090646,3.8204348412281908,3.8
20.0,275.0,332.58927153045494,329.391423843485,3.822284184440645,3.8
20.0,280.0,332.6068734681905,329.39729115606355,3.8241335276531174,3.8
20.0,285.0,332.6244754059261,329.40315846864206,3.825982870865572,3.8
20.0,290.00000000000006,332.6420773436617,329.4090257812206,3.8278322140780263,3.8
20.0,295.0,332.6596792813973,329.4148930937991,3.8296815572904808,3.8
20.0,300.0,332.6772812191329,329.42076040637767,3.831530900502953,3.8
25.0,0.0,332.274410700306,329.28647023343535,3.7892034095934766,3.8
25.0,5.0,332.2920126380416,329.29233754601387,3.791052752805931,3.8
25.0,10.0,332.30961457577723,329.29820485859244,3.7929020960184032,3.8
25.0,15.000000000000002,332.32721651351284,329.30407217117096,3.7947514392308577,3.8
25.0,20.0,332.3448184512484,329.3099394837495,3.796600782443312,3.8
25.0,25.0,332.362420388984,329.315806796328,3.7984501256557666,3.8
25.0,30.000000000000004,332.3800223267196,329.32167410890656,3.800299468868239,3.8
25.0,35.0,332.3976242644552,329.3275414214851,3.8021488120806937,3.8
25.0,40.0,332.4152262021908,329.3334087340636,3.803998155293148,3.8
25.0,45.0,332.4328281399264,329.33927604664217,3.8058474985056203,3.8
25.0,50.0,332.45043007766196,329.3451433592207,3.8076968417180748,3.8
25.0,55.00000000000001,332.46803201539757,329.3510106717992,3.809546184930529,3.8
25.0,60.00000000000001,332.4856339531332,329.3568779843777,3.8113955281429837,3.8
25.0,65.0,332.5032358908688,329.3627452969563,3.8132448713554563,3.8
25.0,70.0,332.5208378286044,329.3686126095348,3.8150942145679108,3.8
25.0,75.0,332.53843976634,329.3744799221133,3.816943557780365,3.8
25.0,80.0,332.55604170407554,329.3803472346919,3.8187929009928374,3.8
25.0,85.00000000000001,332.57364364181115,329.3862145472704,3.820642244205292,3.8
25.0,90.0,332.59124557954675,329.39208185984893,3.8224915874177463,3.8
25.0,95.0,332.60884751728236,329.39794917242745,3.8243409306302008,3.8
25.0,100.0,332.62644945501796,329.403816485006,3.826190273842673,3.8
25.0,105.0,332.64405139275357,329.40968379758453,3.8280396170551274,3.8
25.0,110.00000000000001,332.6616533304891,329.41555111016305,3.829888960267582,3.8
25.0,115.00000000000001,332.6792552682247,329.4214184227416,3.8317383034800545,3.8
25.0,120.00000000000001,332.6968572059603,329.42728573532014,3.833587646692509,3.8
25.0,125.0,332.71445914369593,329.43315304789866,3.8354369899049634,3.8
25.0,130.0,332.73206108143154,329.4390203604772,3.837286333117418,3.8
25.0,135.0,332.74966301916714,329.44488767305575,3.83913567632989,3.8
25.0,140.0,332.76726495690275,329.45075498563426,3.8409850195423445,3.8
25.0,145.00000000000003,332.7848668946383,329.4566222982128,3.842834362754799,3.8
25.0,150.0,332.8024688323739,329.46248961079135,3.8446837059672716,3.8
25.0,155.0,332.8200707701095,329.46835692336987,3.846533049179726,3.8
25.0,160.0,332.8376727078451,329.4742242359484,3.8483823923921805,3.8
25.0,165.0,332.8552746455807,329.4800915485269,3.850231735604635,3.9
25.0,170.00000000000003,332.8728765833163,329.4859588611055,3.852081078817107,3.9
25.0,175.0,332.8904785210519,329.49182617368393,3.853930422029544,3.9
25.0,180.0,332.9080804587875,329.4976934862625,3.855779765242016,3.9
25.0,185.0,332.9256823965231,329.5035607988411,3.8576291084544883,3.9
25.0,190.0,332.9432843342587,329.5094281114196,3.8594784516669427,3.9
25.0,195.00000000000003,332.9608862719943,329.5152954239981,3.861327794879397,3.9
25.0,200.0,332.9784882097299,329.5211627365766,3.8631771380918516,3.9
25.0,205.00000000000003,332.99609014746545,329.52703004915514,3.865026481304306,3.9
25.0,210.0,333.01369208520106,329.53289736173366,3.8668758245167605,3.9
25.0,215.0,333.03129402293666,329.53876467431223,3.868725167729233,3.9
25.0,220.00000000000003,333.04889596067227,329.5446319868908,3.8705745109417053,3.9
25.0,225.0,333.0664978984079,329.5504992994693,3.87242385415416,3.9
25.0,230.00000000000003,333.0840998361435,329.55636661204784,3.8742731973666142,3.9
25.0,235.0,333.10170177387903,329.56223392462636,3.8761225405790687,3.9
25.0,240.00000000000003,333.11930371161463,329.56810123720487,3.877971883791523,3.9
25.0,245.00000000000003,333.13690564935024,329.5739685497834,3.8798212270039776,3.9
25.0,250.0,333.15450758708585,329.57983586236196,3.8816705702164502,3.9
25.0,255.00000000000003,333.17210952482145,329.58570317494053,3.8835199134289224,3.9
25.0,260.0,333.18971146255706,329.59157048751905,3.885369256641377,3.9
25.0,265.00000000000006,333.2073134002926,329.59743780009757,3.8872185998538313,3.9
25.0,270.0,333.2249153380282,329.6033051126761,3.889067943066286,3.9
25.0,275.0,333.2425172757638,329.6091724252546,3.8909172862787402,3.9
25.0,280.0,333.2601192134994,329.6150397378331,3.8927666294911947,3.9
25.0,285.0,333.277721151235,329.6209070504117,3.894615972703667,3.9
25.0,290.00000000000006,333.29532308897063,329.62677436299026,3.8964653159161395,3.9
25.0,295.0,333.3129250267062,329.6326416755687,3.8983146591285758,3.9
25.0,300.0,333.3305269644418,329.6385089881473,3.9001640023410484,3.9
30.000000000000004,0.0,332.92765644561496,329.504218815205,3.8578365114315716,3.9
30.000000000000004,5.0,332.9452583833505,329.5100861277835,3.859685854644026,3.9
30.000000000000004,10.0,332.9628603210861,329.515953440362,3.8615351978564805,3.9
30.000000000000004,15.000000000000002,332.9804622588217,329.5218207529406,3.863384541068953,3.9
30.000000000000004,20.0,332.9980641965573,329.52768806551916,3.8652338842814253,3.9
30.000000000000004,25.0,333.0156661342929,329.5335553780977,3.86708322749388,3.9
30.000000000000004,30.000000000000004,333.03326807202853,329.5394226906762,3.8689325707063342,3.9
30.000000000000004,35.0,333.0508700097641,329.5452900032547,3.8707819139187887,3.9
30.000000000000004,40.0,333.0684719474997,329.5511573158332,3.872631257131243,3.9
30.000000000000004,45.0,333.0860738852353,329.55702462841174,3.8744806003436976,3.9
30.000000000000004,50.0,333.1036758229709,329.5628919409903,3.87632994355617,3.9
30.000000000000004,55.00000000000001,333.1212777607065,329.5687592535689,3.8781792867686424,3.9
30.000000000000004,60.00000000000001,333.1388796984421,329.5746265661474,3.880028629981097,3.9
30.000000000000004,65.0,333.15648163617766,329.5804938787259,3.8818779731935513,3.9
30.000000000000004,70.0,333.17408357391326,329.58636119130443,3.8837273164060058,3.9
30.000000000000004,75.0,333.19168551164887,329.59222850388295,3.88557665961846,3.9
30.000000000000004,80.0,333.2092874493845,329.59809581646147,3.8874260028309147,3.9
30.000000000000004,85.00000000000001,333.2268893871201,329.60396312904004,3.889275346043387,3.9
30.000000000000004,90.0,333.2444913248557,329.6098304416186,3.8911246892558595,3.9
30.000000000000004,95.0,333.26209326259124,329.6156977541971,3.8929740324682958,3.9
30.000000000000004,100.0,333.27969520032684,329.62156506677564,3.8948233756807684,3.9
30.000000000000004,105.0,333.29729713806245,329.62743237935416,3.896672718893223,3.9
30.000000000000004,110.00000000000001,333.31489907579805,329.6332996919327,3.8985220621056773,3.9
30.000000000000004,115.00000000000001,333.33250101353366,329.6391670045112,3.9003714053181318,3.9
30.000000000000004,120.00000000000001,333.35010295126926,329.64503431708977,3.902220748530604,3.9
30.000000000000004,125.0,333.3677048890048,329.6509016296683,3.9040700917430584,3.9
30.000000000000004,130.0,333.3853068267404,329.6567689422468,3.905919434955513,3.9
30.000000000000004,135.0,333.402908764476,329.6626362548254,3.9077687781679855,3.9
30.000000000000004,140.0,333.42051070221163,329.6685035674039,3.90961812138044,3.9
30.000000000000004,145.00000000000003,333.43811263994724,329.6743708799824,3.9114674645928944,3.9
30.000000000000004,150.0,333.45571457768284,329.6802381925609,3.913316807805349,3.9
30.000000000000004,155.0,333.4733165154184,329.6861055051395,3.915166151017821,3.9
30.000000000000004,160.0,333.490918453154,329.691972817718,3.9170154942302755,3.9
30.000000000000004,165.0,333.5085203908896,329.6978401302965,3.91886483744273,3.9
30.000000000000004,170.00000000000003,333.5261223286252,329.7037074428751,3.920714180655202,3.9
30.000000000000004,175.0,333.5437242663608,329.7095747554536,3.9225635238676566,3.9
30.000000000000004,180.0,333.5613262040964,329.71544206803213,3.924412867080111,3.9
30.000000000000004,185.0,333.57892814183197,329.72130938061065,3.9262622102925655,3.9
30.000000000000004,190.0,333.5965300795676,329.7271766931892,3.928111553505038,3.9
30.000000000000004,195.00000000000003,333.6141320173032,329.73304400576774,3.9299608967174926,3.9
30.000000000000004,200.0,333.6317339550388,329.73891131834625,3.931810239929947,3.9
30.000000000000004,205.00000000000003,333.6493358927744,329.7447786309248,3.9336595831424193,3.9
30.000000000000004,210.0,333.66693783051,329.75064594350334,3.9355089263548737,3.9
30.000000000000004,215.0,333.68453976824554,329.75651325608186,3.937358269567328,3.9
30.000000000000004,220.00000000000003,333.70214170598115,329.7623805686604,3.9392076127797826,3.9
30.000000000000004,225.0,333.71974364371675,329.76824788123895,3.9410569559922553,3.9
30.000000000000004,230.00000000000003,333.73734558145236,329.77411519381747,3.9429062992047097,3.9
30.000000000000004,235.0,333.75494751918797,329.779982506396,3.944755642417164,3.9
30.000000000000004,240.00000000000003,333.77254945692357,329.78584981897455,3.9466049856296364,3.9
30.000000000000004,245.00000000000003,333.7901513946591,329.79171713155307,3.948454328842091,3.9
30.000000000000004,250.0,333.8077533323947,329.7975844441316,3.9503036720545452,4.0
30.000000000000004,255.00000000000003,333.82535527013033,329.8034517567101,3.9521530152669997,4.0
30.000000000000004,260.0,333.84295720786594,329.8093190692887,3.954002358479472,4.0
30.000000000000004,265.00000000000006,333.86055914560154,329.8151863818672,3.9558517016919263,4.0
30.000000000000004,270.0,333.87816108333715,329.8210536944457,3.957701044904381,4.0
30.000000000000004,275.0,333.8957630210727,329.8269210070243,3.9595503881168534,4.0
30.000000000000004,280.0,333.9133649588083,329.8327883196028,3.961399731329308,4.0
30.000000000000004,285.0,333.9309668965439,329.8386556321813,3.9632490745417623,4.0
30.000000000000004,290.00000000000006,333.9485688342795,329.84452294475983,3.965098417754217,4.0
30.000000000000004,295.0,333.9661707720151,329.8503902573384,3.966947760966689,4.0
30.000000000000004,300.0,333.9837727097507,329.8562575699169,3.9687971041791434,4.0
35.0,0.0,333.58090219092384,329.7219673969746,3.926469613269667,3.9
35.0,5.0,333.59850412865944,329.7278347095532,3.9283189564821392,3.9
35.0,10.0,333.61610606639505,329.7337020221317,3.9301682996945937,3.9
35.0,15.000000000000002,333.6337080041306,329.7395693347102,3.932017642907048,3.9
35.0,20.0,333.6513099418662,329.7454366472887,3.9338669861195026,3.9
35.0,25.0,333.6689118796018,329.7513039598673,3.935716329331975,3.9
35.0,30.000000000000004,333.6865138173374,329.7571712724458,3.9375656725444292,3.9
35.0,35.0,333.704115755073,329.76303858502433,3.9394150157568837,3.9
35.0,40.0,333.7217176928086,329.7689058976029,3.9412643589693563,3.9
35.0,45.0,333.7393196305442,329.7747732101814,3.943113702181811,3.9
35.0,50.0,333.7569215682798,329.78064052275994,3.9449630453942652,3.9
35.0,55.00000000000001,333.7745235060154,329.78650783533845,3.9468123886067197,3.9
35.0,60.00000000000001,333.792125443751,329.792375147917,3.948661731819192,3.9
35.0,65.0,333.8097273814866,329.79824246049554,3.9505110750316463,4.0
35.0,70.0,333.8273293192222,329.80410977307406,3.952360418244101,4.0
35.0,75.0,333.84493125695775,329.80997708565263,3.9542097614565734,4.0
35.0,80.0,333.86253319469336,329.81584439823115,3.956059104669028,4.0
35.0,85.00000000000001,333.88013513242896,329.82171171080967,3.9579084478814823,4.0
35.0,90.0,333.89773707016457,329.8275790233882,3.9597577910939368,4.0
35.0,95.0,333.9153390079002,329.83344633596676,3.961607134306409,4.0
35.0,100.0,333.9329409456358,329.83931364854527,3.9634564775188634,4.0
35.0,105.0,333.9505428833713,329.8451809611238,3.965305820731318,4.0
35.0,110.00000000000001,333.96814482110693,329.85104827370236,3.96715516394379,4.0
35.0,115.00000000000001,333.98574675884254,329.8569155862809,3.969004507156245,4.0
35.0,120.00000000000001,334.00334869657814,329.8627828988594,3.9708538503686994,4.0
35.0,125.0,334.02095063431375,329.8686502114379,3.972703193581154,4.0
35.0,130.0,334.03855257204935,329.8745175240165,3.974552536793626,4.0
35.0,135.0,334.05615450978496,329.880384836595,3.9764018800060805,4.0
35.0,140.0,334.0737564475205,329.8862521491735,3.978251223218535,4.0
35.0,145.00000000000003,334.0913583852561,329.8921194617521,3.980100566431007,4.0
35.0,150.0,334.1089603229917,329.8979867743306,3.9819499096434616,4.0
35.0,155.0,334.1265622607273,329.9038540869091,3.983799252855916,4.0
35.0,160.0,334.14416419846293,329.90972139948764,3.9856485960683705,4.0
35.0,165.0,334.16176613619854,329.9155887120662,3.987497939280843,4.0
35.0,170.00000000000003,334.1793680739341,329.92145602464467,3.9893472824932794,4.0
35.0,175.0,334.1969700116697,329.92732333722324,3.991196625705752,4.0
35.0,180.0,334.2145719494053,329.9331906498018,3.9930459689182243,4.0
35.0,185.0,334.2321738871409,329.93905796238033,3.9948953121306787,4.0
35.0,190.0,334.2497758248765,329.94492527495885,3.996744655343133,4.0
35.0,195.00000000000003,334.2673777626121,329.95079258753736,3.9985939985555876,4.0
35.0,200.0,334.28497970034766,329.9566599001159,4.000443341768042,4.0
35.0,205.00000000000003,334.30258163808327,329.9625272126944,4.002292684980497,4.0
35.0,210.0,334.3201835758189,329.96839452527297,4.004142028192969,4.0
35.0,215.0,334.3377855135545,329.97426183785154,4.005991371405441,4.0
35.0,220.00000000000003,334.3553874512901,329.98012915043006,4.007840714617895,4.0
35.0,225.0,334.3729893890257,329.9859964630086,4.00969005783035,4.0
35.0,230.00000000000003,334.39059132676124,329.9918637755871,4.011539401042804,4.0
35.0,235.0,334.40819326449684,329.9977310881656,4.013388744255259,4.0
35.0,240.00000000000003,334.42579520223245,330.0035984007441,4.015238087467714,4.0
35.0,245.00000000000003,334.44339713996806,330.0094657133227,4.017087430680186,4.0
35.0,250.0,334.46099907770366,330.01533302590127,4.0189367738926585,4.0
35.0,255.00000000000003,334.47860101543927,330.0212003384798,4.0207861171051125,4.0
35.0,260.0,334.4962029531748,330.0270676510583,4.022635460317567,4.0
35.0,265.00000000000006,334.5138048909104,330.0329349636368,4.024484803530021,4.0
35.0,270.0,334.531406828646,330.03880227621534,4.026334146742476,4.0
35.0,275.0,334.54900876638163,330.04466958879385,4.02818348995493,4.0
35.0,280.0,334.56661070411724,330.0505369013724,4.030032833167403,4.0
35.0,285.0,334.58421264185284,330.056404213951,4.031882176379876,4.0
35.0,290.00000000000006,334.6018145795884,330.06227152652946,4.033731519592312,4.0
35.0,295.0,334.619416517324,330.06813883910803,4.0355808628047845,4.0
35.0,300.0,334.6370184550596,330.07400615168655,4.0374302060172385,4.0
40.0,0.0,334.2341479362327,329.93971597874423,3.995102715107762,4.0
40.0,5.0,334.2517498739683,329.94558329132275,3.9969520583202165,4.0
40.0,10.0,334.2693518117039,329.9514506039013,3.9988014015326887,4.0
40.0,15.000000000000002,334.28695374943953,329.9573179164799,4.000650744745161,4.0
40.0,20.0,334.30455568717514,329.9631852290584,4.002500087957616,4.0
40.0,25.0,334.32215762491074,329.9690525416369,4.00434943117007,4.0
40.0,30.000000000000004,334.3397595626463,329.97491985421544,4.006198774382525,4.0
40.0,35.0,334.3573615003819,329.98078716679396,4.008048117594979,4.0
40.0,40.0,334.3749634381175,329.9866544793725,4.009897460807434,4.0
40.0,45.0,334.3925653758531,329.99252179195105,4.011746804019906,4.0
40.0,50.0,334.4101673135887,329.9983891045296,4.013596147232378,4.0
40.0,55.00000000000001,334.4277692513243,330.00425641710814,4.015445490444833,4.0
40.0,60.00000000000001,334.44537118905987,330.01012372968665,4.017294833657287,4.0
40.0,65.0,334.4629731267955,330.01599104226517,4.019144176869742,4.0
40.0,70.0,334.4805750645311,330.0218583548437,4.020993520082196,4.0
40.0,75.0,334.4981770022667,330.0277256674222,4.022842863294651,4.0
40.0,80.0,334.5157789400023,330.0335929800008,4.024692206507123,4.0
40.0,85.00000000000001,334.5333808777379,330.03946029257935,4.026541549719595,4.0
40.0,90.0,334.55098281547345,330.0453276051578,4.028390892932032,4.0
40.0,95.0,334.56858475320905,330.0511949177364,4.030240236144504,4.0
40.0,100.0,334.58618669094466,330.0570622303149,4.032089579356959,4.0
40.0,105.0,334.60378862868026,330.0629295428934,4.033938922569413,4.0
40.0,110.00000000000001,334.62139056641587,330.06879685547193,4.035788265781868,4.0
40.0,115.00000000000001,334.6389925041515,330.0746641680505,4.0376376089943395,4.0
40.0,120.00000000000001,334.656594441887,330.080531480629,4.039486952206794,4.0
40.0,125.0,334.67419637962263,330.08639879320754,4.041336295419248,4.0
40.0,130.0,334.69179831735823,330.0922661057861,4.043185638631721,4.0
40.0,135.0,334.70940025509384,330.0981334183646,4.045034981844176,4.0
40.0,140.0,334.72700219282945,330.10400073094314,4.04688432505663,4.0
40.0,145.00000000000003,334.74460413056505,330.10986804352166,4.048733668269085,4.0
40.0,150.0,334.7622060683006,330.11573535610023,4.050583011481557,4.1
40.0,155.0,334.7798080060362,330.12160266867875,4.0524323546940115,4.1
40.0,160.0,334.7974099437718,330.12746998125726,4.0542816979064655,4.1
40.0,165.0,334.8150118815074,330.13333729383584,4.056131041118938,4.1
40.0,170.00000000000003,334.832613819243,330.13920460641435,4.057980384331393,4.1
40.0,175.0,334.8502157569786,330.14507191899287,4.059829727543847,4.1
40.0,180.0,334.8678176947142,330.1509392315714,4.061679070756302,4.1
40.0,185.0,334.8854196324498,330.15680654414996,4.063528413968774,4.1
40.0,190.0,334.9030215701854,330.1626738567285,4.065377757181229,4.1
40.0,195.00000000000003,334.920623507921,330.168541169307,4.067227100393683,4.1
40.0,200.0,334.9382254456566,330.17440848188556,4.069076443606155,4.1
40.0,205.00000000000003,334.9558273833922,330.1802757944641,4.070925786818609,4.1
40.0,210.0,334.97342932112775,330.1861431070426,4.072775130031064,4.1
40.0,215.0,334.99103125886336,330.1920104196211,4.074624473243518,4.1
40.0,220.00000000000003,335.00863319659896,330.1978777321997,4.076473816455991,4.1
40.0,225.0,335.02623513433457,330.2037450447782,4.078323159668446,4.1
40.0,230.00000000000003,335.0438370720702,330.2096123573567,4.0801725028809,4.1
40.0,235.0,335.0614390098058,330.2154796699353,4.082021846093372,4.1
40.0,240.00000000000003,335.07904094754133,330.2213469825138,4.083871189305826,4.1
40.0,245.00000000000003,335.09664288527694,330.2272142950923,4.085720532518281,4.1
40.0,250.0,335.11424482301254,330.23308160767084,4.087569875730735,4.1
40.0,255.00000000000003,335.13184676074815,330.2389489202494,4.089419218943208,4.1
40.0,260.0,335.14944869848375,330.24481623282793,4.091268562155663,4.1
40.0,265.00000000000006,335.16705063621936,330.25068354540645,4.093117905368117,4.1
40.0,270.0,335.1846525739549,330.256550857985,4.0949672485805895,4.1
40.0,275.0,335.2022545116905,330.26241817056354,4.0968165917930435,4.1
40.0,280.0,335.2198564494261,330.26828548314205,4.098665935005498,4.1
40.0,285.0,335.2374583871617,330.27415279572057,4.100515278217952,4.1
40.0,290.00000000000006,335.25506032489733,330.28002010829914,4.102364621430425,4.1
40.0,295.0,335.27266226263293,330.28588742087766,4.104213964642879,4.1
40.0,300.0,335.29026420036854,330.2917547334562,4.106063307855334,4.1
45.0,0.0,334.88739368154165,330.1574645605139,4.063735816945875,4.1
45.0,5.0,334.90499561927726,330.16333187309243,4.06558516015833,4.1
45.0,10.0,334.9225975570128,330.16919918567095,4.067434503370784,4.1
45.0,15.000000000000002,334.9401994947484,330.17506649824946,4.069283846583239,4.1
45.0,20.0,334.957801432484,330.18093381082804,4.071133189795711,4.1
45.0,25.0,334.9754033702196,330.18680112340655,4.072982533008165,4.1
45.0,30.000000000000004,334.99300530795523,330.19266843598507,4.07483187622062,4.1
45.0,35.0,335.01060724569084,330.19853574856364,4.076681219433092,4.1
45.0,40.0,335.0282091834264,330.20440306114216,4.078530562645547,4.1
45.0,45.0,335.045811121162,330.2102703737207,4.080379905858001,4.1
45.0,50.0,335.0634130588976,330.2161376862992,4.082229249070456,4.1
45.0,55.00000000000001,335.0810149966332,330.22200499887776,4.084078592282928,4.1
45.0,60.00000000000001,335.0986169343688,330.2278723114563,4.085927935495382,4.1
45.0,65.0,335.1162188721044,330.2337396240348,4.087777278707837,4.1
45.0,70.0,335.13382080983996,330.23960693661337,4.089626621920309,4.1
45.0,75.0,335.15142274757557,330.2454742491919,4.091475965132764,4.1
45.0,80.0,335.1690246853112,330.2513415617704,4.093325308345218,4.1
45.0,85.00000000000001,335.1866266230468,330.2572088743489,4.095174651557673,4.1
45.0,90.0,335.2042285607824,330.2630761869275,4.097023994770145,4.1
45.0,95.0,335.221830498518,330.268943499506,4.0988733379825995,4.1
45.0,100.0,335.23943243625354,330.2748108120845,4.1007226811950535,4.1
45.0,105.0,335.25703437398914,330.2806781246631,4.102572024407526,4.1
45.0,110.00000000000001,335.27463631172475,330.2865454372416,4.104421367619981,4.1
45.0,115.00000000000001,335.29223824946035,330.29241274982013,4.106270710832435,4.1
45.0,120.00000000000001,335.30984018719596,330.29828006239865,4.10812005404489,4.1
45.0,125.0,335.32744212493157,330.3041473749772,4.109969397257362,4.1
45.0,130.0,335.34504406266717,330.31001468755574,4.1118187404698165,4.1
45.0,135.0,335.3626460004027,330.31588200013425,4.1136680836822705,4.1
45.0,140.0,335.3802479381383,330.3217493127128,4.115517426894743,4.1
45.0,145.00000000000003,335.39784987587393,330.32761662529134,4.117366770107198,4.1
45.0,150.0,335.41545181360954,330.33348393786986,4.119216113319652,4.1
45.0,155.0,335.43305375134514,330.3393512504484,4.121065456532107,4.1
45.0,160.0,335.45065568908075,330.34521856302695,4.122914799744579,4.1
45.0,165.0,335.4682576268163,330.3510858756054,4.124764142957016,4.1
45.0,170.00000000000003,335.4858595645519,330.356953188184,4.126613486169488,4.1
45.0,175.0,335.5034615022875,330.36282050076255,4.12846282938196,4.1
45.0,180.0,335.5210634400231,330.36868781334107,4.130312172594414,4.1
45.0,185.0,335.5386653777587,330.3745551259196,4.132161515806869,4.1
45.0,190.0,335.5562673154943,330.3804224384981,4.134010859019323,4.1
45.0,195.00000000000003,335.5738692532299,330.3862897510766,4.135860202231778,4.1
45.0,200.0,335.5914711909655,330.39215706365513,4.137709545444232,4.1
45.0,205.00000000000003,335.6090731287011,330.3980243762337,4.139558888656705,4.1
45.0,210.0,335.6266750664367,330.4038916888123,4.141408231869177,4.1
45.0,215.0,335.6442770041723,330.4097590013908,4.143257575081631,4.1
45.0,220.00000000000003,335.6618789419079,330.4156263139693,4.145106918294086,4.1
45.0,225.0,335.67948087964345,330.42149362654783,4.14695626150654,4.1
45.0,230.00000000000003,335.69708281737906,330.42736093912634,4.148805604718995,4.1
45.0,235.0,335.71468475511466,330.43322825170486,4.150654947931449,4.2
45.0,240.00000000000003,335.73228669285027,330.43909556428343,4.152504291143922,4.2
45.0,245.00000000000003,335.7498886305859,330.444962876862,4.1543536343563945,4.2
45.0,250.0,335.7674905683215,330.4508301894405,4.1562029775688485,4.2
45.0,255.00000000000003,335.785092506057,330.45669750201904,4.158052320781303,4.2
45.0,260.0,335.80269444379263,330.46256481459756,4.159901663993757,4.2
45.0,265.00000000000006,335.82029638152824,330.4684321271761,4.161751007206212,4.2
45.0,270.0,335.83789831926384,330.4742994397546,4.163600350418666,4.2
45.0,275.0,335.85550025699945,330.48016675233316,4.165449693631139,4.2
45.0,280.0,335.87310219473505,330.48603406491173,4.167299036843612,4.2
45.0,285.0,335.8907041324706,330.4919013774902,4.169148380056048,4.2
45.0,290.00000000000006,335.9083060702062,330.49776869006877,4.1709977232685205,4.2
45.0,295.0,335.9259080079418,330.5036360026473,4.1728470664809745,4.2
45.0,300.0,335.9435099456774,330.5095033152258,4.174696409693429,4.2
50.0,0.0,335.54063942685053,330.3752131422835,4.1323689187839525,4.1
50.0,5.0,335.55824136458614,330.38108045486206,4.134218261996425,4.1
50.0,10.0,335.57584330232174,330.38694776744063,4.136067605208897,4.1
50.0,15.000000000000002,335.59344524005735,330.39281508001915,4.137916948421352,4.1
50.0,20.0,335.61104717779295,330.39868239259766,4.139766291633806,4.1
50.0,25.0,335.6286491155285,330.4045497051762,4.141615634846261,4.1
50.0,30.000000000000004,335.6462510532641,330.4104170177547,4.143464978058715,4.1
50.0,35.0,335.6638529909997,330.4162843303332,4.14531432127117,4.1
50.0,40.0,335.6814549287353,330.4221516429118,4.147163664483641,4.1
50.0,45.0,335.6990568664709,330.42801895549036,4.149013007696114,4.1
50.0,50.0,335.71665880420653,330.4338862680689,4.150862350908569,4.2
50.0,55.00000000000001,335.7342607419421,330.4397535806474,4.152711694121023,4.2
50.0,60.00000000000001,335.7518626796777,330.4456208932259,4.154561037333478,4.2
50.0,65.0,335.7694646174133,330.4514882058044,4.156410380545932,4.2
50.0,70.0,335.7870665551489,330.45735551838294,4.158259723758387,4.2
50.0,75.0,335.8046684928845,330.4632228309615,4.1601090669708585,4.2
50.0,80.0,335.8222704306201,330.4690901435401,4.161958410183331,4.2
50.0,85.00000000000001,335.83987236835566,330.47495745611855,4.163807753395767,4.2
50.0,90.0,335.85747430609126,330.4808247686971,4.16565709660824,4.2
50.0,95.0,335.87507624382687,330.48669208127563,4.167506439820695,4.2
50.0,100.0,335.8926781815625,330.49255939385415,4.169355783033149,4.2
50.0,105.0,335.9102801192981,330.49842670643267,4.171205126245604,4.2
50.0,110.00000000000001,335.9278820570337,330.50429401901124,4.173054469458076,4.2
50.0,115.00000000000001,335.94548399476923,330.51016133158976,4.1749038126705305,4.2
50.0,120.00000000000001,335.96308593250484,330.5160286441683,4.1767531558829845,4.2
50.0,125.0,335.98068787024044,330.52189595674685,4.178602499095457,4.2
50.0,130.0,335.99828980797605,330.52776326932536,4.180451842307912,4.2
50.0,135.0,336.01589174571166,330.5336305819039,4.182301185520366,4.2
50.0,140.0,336.03349368344726,330.5394978944824,4.184150528732821,4.2
50.0,145.00000000000003,336.0510956211828,330.54536520706097,4.185999871945293,4.2
50.0,150.0,336.0686975589184,330.5512325196395,4.1878492151577476,4.2
50.0,155.0,336.086299496654,330.557099832218,4.1896985583702016,4.2
50.0,160.0,336.1039014343896,330.5629671447966,4.191547901582674,4.2
50.0,165.0,336.12150337212523,330.5688344573751,4.193397244795128,4.2
50.0,170.00000000000003,336.13910530986084,330.5747017699536,4.195246588007583,4.2
50.0,175.0,336.1567072475964,330.5805690825321,4.197095931220037,4.2
50.0,180.0,336.174309185332,330.5864363951107,4.19894527443251,4.2
50.0,185.0,336.1919111230676,330.5923037076892,4.200794617644965,4.2
50.0,190.0,336.2095130608032,330.5981710202677,4.202643960857419,4.2
50.0,195.00000000000003,336.2271149985388,330.6040383328463,4.204493304069891,4.2
50.0,200.0,336.2447169362744,330.6099056454248,4.206342647282345,4.2
50.0,205.00000000000003,336.26231887400996,330.61577295800333,4.2081919904948,4.2
50.0,210.0,336.27992081174557,330.62164027058185,4.210041333707254,4.2
50.0,215.0,336.2975227494812,330.6275075831604,4.211890676919727,4.2
50.0,220.00000000000003,336.3151246872168,330.63337489573894,4.213740020132182,4.2
50.0,225.0,336.3327266249524,330.63924220831746,4.215589363344636,4.2
50.0,230.00000000000003,336.350328562688,330.645109520896,4.217438706557108,4.2
50.0,235.0,336.36793050042354,330.65097683347454,4.219288049769562,4.2
50.0,240.00000000000003,336.38553243815915,330.65684414605306,4.221137392982017,4.2
50.0,245.00000000000003,336.40313437589475,330.6627114586316,4.222986736194471,4.2
50.0,250.0,336.42073631363036,330.66857877121015,4.224836079406944,4.2
50.0,255.00000000000003,336.43833825136596,330.67444608378867,4.226685422619398,4.2
50.0,260.0,336.45594018910157,330.6803133963672,4.228534765831853,4.2
50.0,265.00000000000006,336.4735421268372,330.68618070894576,4.2303841090443255,4.2
50.0,270.0,336.4911440645727,330.6920480215243,4.2322334522567795,4.2
50.0,275.0,336.5087460023083,330.6979153341028,4.234082795469234,4.2
50.0,280.0,336.52634794004393,330.7037826466813,4.235932138681688,4.2
50.0,285.0,336.54394987777954,330.7096499592599,4.237781481894161,4.2
50.0,290.00000000000006,336.56155181551514,330.7155172718384,4.239630825106615,4.2
50.0,295.0,336.5791537532507,330.7213845844169,4.24148016831907,4.2
50.0,300.0,336.5967556909863,330.7272518969955,4.243329511531543,4.2
55.00000000000001,0.0,336.19388517215947,330.59296172405317,4.201002020622066,4.2
55.00000000000001,5.0,336.211487109895,330.5988290366317,4.20285136383452,4.2
55.00000000000001,10.0,336.2290890476306,330.6046963492102,4.204700707046975,4.2
55.00000000000001,15.000000000000002,336.24669098536623,330.6105636617888,4.206550050259446,4.2
55.00000000000001,20.0,336.26429292310183,330.6164309743673,4.208399393471901,4.2
55.00000000000001,25.0,336.28189486083744,330.6222982869458,4.210248736684355,4.2
55.00000000000001,30.000000000000004,336.29949679857305,330.6281655995244,4.212098079896828,4.2
55.00000000000001,35.0,336.3170987363086,330.6340329121029,4.213947423109283,4.2
55.00000000000001,40.0,336.3347006740442,330.6399002246814,4.215796766321737,4.2
55.00000000000001,45.0,336.3523026117798,330.6457675372599,4.217646109534192,4.2
55.00000000000001,50.0,336.3699045495154,330.6516348498385,4.2194954527466635,4.2
55.00000000000001,55.00000000000001,336.387506487251,330.657502162417,4.221344795959118,4.2
55.00000000000001,60.00000000000001,336.4051084249866,330.66336947499553,4.223194139171572,4.2
55.00000000000001,65.0,336.4227103627222,330.6692367875741,4.225043482384045,4.2
55.00000000000001,70.0,336.4403123004578,330.6751041001526,4.2268928255965,4.2
55.00000000000001,75.0,336.4579142381934,330.68097141273114,4.228742168808954,4.2
55.00000000000001,80.0,336.475516175929,330.68683872530966,4.230591512021409,4.2
55.00000000000001,85.00000000000001,336.4931181136646,330.69270603788823,4.232440855233881,4.2
55.00000000000001,90.0,336.5107200514002,330.69857335046675,4.2342901984463355,4.2
55.00000000000001,95.0,336.5283219891358,330.70444066304526,4.2361395416587895,4.2
55.00000000000001,100.0,336.54592392687135,330.71030797562383,4.237988884871262,4.2
55.00000000000001,105.0,336.56352586460696,330.71617528820235,4.239838228083716,4.2
55.00000000000001,110.00000000000001,336.58112780234256,330.72204260078087,4.241687571296171,4.2
55.00000000000001,115.00000000000001,336.59872974007817,330.7279099133594,4.243536914508626,4.2
55.00000000000001,120.00000000000001,336.6163316778138,330.73377722593796,4.245386257721098,4.2
55.00000000000001,125.0,336.6339336155494,330.7396445385165,4.247235600933553,4.2
55.00000000000001,130.0,336.65153555328493,330.745511851095,4.249084944146007,4.2
55.00000000000001,135.0,336.66913749102054,330.75137916367356,4.250934287358479,4.3
55.00000000000001,140.0,336.68673942875614,330.7572464762521,4.252783630570933,4.3
55.00000000000001,145.00000000000003,336.70434136649175,330.7631137888306,4.254632973783388,4.3
55.00000000000001,150.0,336.72194330422735,330.7689811014091,4.256482316995842,4.3
55.00000000000001,155.0,336.73954524196296,330.7748484139877,4.258331660208315,4.3
55.00000000000001,160.0,336.7571471796985,330.78071572656614,4.260181003420751,4.3
55.00000000000001,165.0,336.7747491174341,330.7865830391447,4.262030346633224,4.3
55.00000000000001,170.00000000000003,336.7923510551697,330.7924503517233,4.263879689845696,4.3
55.00000000000001,175.0,336.8099529929053,330.7983176643018,4.26572903305815,4.3
55.00000000000001,180.0,336.82755493064093,330.8041849768803,4.267578376270605,4.3
55.00000000000001,185.0,336.84515686837653,330.81005228945884,4.269427719483059,4.3
55.00000000000001,190.0,336.8627588061121,330.81591960203735,4.271277062695514,4.3
55.00000000000001,195.00000000000003,336.8803607438477,330.82178691461587,4.273126405907968,4.3
55.00000000000001,200.0,336.8979626815833,330.82765422719444,4.274975749120441,4.3
55.00000000000001,205.00000000000003,336.9155646193189,330.833521539773,4.276825092332913,4.3
55.00000000000001,210.0,336.9331665570545,330.83938885235153,4.278674435545367,4.3
55.00000000000001,215.0,336.9507684947901,330.84525616493005,4.280523778757822,4.3
55.00000000000001,220.00000000000003,336.96837043252566,330.85112347750857,4.282373121970276,4.3
55.00000000000001,225.0,336.98597237026127,330.8569907900871,4.284222465182731,4.3
55.00000000000001,230.00000000000003,337.00357430799687,330.8628581026656,4.286071808395185,4.3
55.00000000000001,235.0,337.0211762457325,330.86872541524417,4.287921151607658,4.3
55.00000000000001,240.00000000000003,337.0387781834681,330.87459272782274,4.2897704948201305,4.3
55.00000000000001,245.00000000000003,337.0563801212037,330.88046004040126,4.2916198380325845,4.3
55.00000000000001,250.0,337.07398205893924,330.8863273529798,4.293469181245039,4.3
55.00000000000001,255.00000000000003,337.09158399667484,330.8921946655583,4.295318524457493,4.3
55.00000000000001,260.0,337.10918593441045,330.8980619781368,4.297167867669948,4.3
55.00000000000001,265.00000000000006,337.12678787214605,330.9039292907153,4.299017210882402,4.3
55.00000000000001,270.0,337.14438980988166,330.9097966032939,4.300866554094875,4.3
55.00000000000001,275.0,337.16199174761726,330.91566391587247,4.302715897307348,4.3
55.00000000000001,280.0,337.1795936853528,330.92153122845093,4.304565240519784,4.3
55.00000000000001,285.0,337.1971956230884,330.9273985410295,4.3064145837322565,4.3
55.00000000000001,290.00000000000006,337.214797560824,330.933265853608,4.3082639269447105,4.3
55.00000000000001,295.0,337.23239949855963,330.93913316618654,4.310113270157165,4.3
55.00000000000001,300.0,337.25000143629524,330.94500047876505,4.311962613369619,4.3
60.00000000000001,0.0,336.84713091746835,330.8107103058228,4.26963512246016,4.3
60.00000000000001,5.0,336.86473285520395,330.81657761840137,4.271484465672633,4.3
60.00000000000001,10.0,336.88233479293956,330.8224449309799,4.273333808885088,4.3
60.00000000000001,15.000000000000002,336.89993673067517,330.8283122435584,4.275183152097542,4.3
60.00000000000001,20.0,336.9175386684107,330.8341795561369,4.277032495309997,4.3
60.00000000000001,25.0,336.9351406061463,330.84004686871543,4.278881838522451,4.3
60.00000000000001,30.000000000000004,336.9527425438819,330.84591418129395,4.280731181734906,4.3
60.00000000000001,35.0,336.97034448161753,330.8517814938725,4.282580524947377,4.3
60.00000000000001,40.0,336.98794641935314,330.8576488064511,4.28442986815985,4.3
60.00000000000001,45.0,337.00554835708874,330.8635161190296,4.286279211372305,4.3
60.00000000000001,50.0,337.0231502948243,330.8693834316081,4.288128554584759,4.3
60.00000000000001,55.00000000000001,337.0407522325599,330.87525074418664,4.289977897797214,4.3
60.00000000000001,60.00000000000001,337.0583541702955,330.88111805676516,4.291827241009668,4.3
60.00000000000001,65.0,337.0759561080311,330.8869853693437,4.293676584222123,4.3
60.00000000000001,70.0,337.0935580457667,330.89285268192225,4.2955259274345945,4.3
60.00000000000001,75.0,337.1111599835023,330.8987199945008,4.297375270647067,4.3
60.00000000000001,80.0,337.12876192123787,330.9045873070793,4.299224613859503,4.3
60.00000000000001,85.00000000000001,337.1463638589735,330.91045461965786,4.301073957071976,4.3
60.00000000000001,90.0,337.1639657967091,330.9163219322364,4.30292330028443,4.3
60.00000000000001,95.0,337.1815677344447,330.9221892448149,4.304772643496885,4.3
60.00000000000001,100.0,337.1991696721803,330.9280565573934,4.306621986709339,4.3
60.00000000000001,105.0,337.2167716099159,330.933923869972,4.308471329921812,4.3
60.00000000000001,110.00000000000001,337.23437354765144,330.9397911825505,4.3103206731342665,4.3
60.00000000000001,115.00000000000001,337.25197548538705,330.945658495129,4.3121700163467205,4.3
60.00000000000001,120.00000000000001,337.26957742312266,330.9515258077076,4.314019359559193,4.3
60.00000000000001,125.0,337.28717936085826,330.9573931202861,4.315868702771647,4.3
60.00000000000001,130.0,337.30478129859387,330.9632604328646,4.317718045984102,4.3
60.00000000000001,135.0,337.3223832363295,330.96912774544313,4.319567389196556,4.3
60.00000000000001,140.0,337.339985174065,330.9749950580217,4.321416732409029,4.3
60.00000000000001,145.00000000000003,337.3575871118006,330.9808623706002,4.323266075621484,4.3
60.00000000000001,150.0,337.37518904953623,330.98672968317874,4.325115418833938,4.3
60.00000000000001,155.0,337.39279098727184,330.9925969957573,4.32696476204641,4.3
60.00000000000001,160.0,337.41039292500744,330.9984643083358,4.328814105258864,4.3
60.00000000000001,165.0,337.42799486274305,331.00433162091434,4.330663448471319,4.3
60.00000000000001,170.00000000000003,337.4455968004786,331.01019893349286,4.332512791683773,4.3
60.00000000000001,175.0,337.4631987382142,331.01606624607143,4.334362134896246,4.3
60.00000000000001,180.0,337.4808006759498,331.02193355864995,4.3362114781087,4.3
60.00000000000001,185.0,337.4984026136854,331.02780087122846,4.338060821321155,4.3
60.00000000000001,190.0,337.516004551421,331.03366818380704,4.339910164533627,4.3
60.00000000000001,195.00000000000003,337.5336064891566,331.03953549638555,4.341759507746081,4.3
60.00000000000001,200.0,337.55120842689223,331.04540280896407,4.343608850958536,4.3
60.00000000000001,205.00000000000003,337.5688103646278,331.0512701215426,4.34545819417099,4.3
60.00000000000001,210.0,337.5864123023634,331.05713743412116,4.347307537383463,4.3
60.00000000000001,215.0,337.604014240099,331.0630047466997,4.349156880595917,4.3
60.00000000000001,220.00000000000003,337.6216161778346,331.0688720592782,4.351006223808372,4.4
60.00000000000001,225.0,337.6392181155702,331.07473937185677,4.352855567020844,4.4
60.00000000000001,230.00000000000003,337.65682005330575,331.0806066844353,4.354704910233298,4.4
60.00000000000001,235.0,337.67442199104136,331.0864739970138,4.356554253445753,4.4
60.00000000000001,240.00000000000003,337.69202392877696,331.0923413095923,4.358403596658207,4.4
60.00000000000001,245.00000000000003,337.70962586651257,331.0982086221709,4.36025293987068,4.4
60.00000000000001,250.0,337.7272278042482,331.1040759347494,4.362102283083134,4.4
60.00000000000001,255.00000000000003,337.7448297419838,331.1099432473279,4.363951626295589,4.4
60.00000000000001,260.0,337.7624316797194,331.1158105599065,4.3658009695080615,4.4
60.00000000000001,265.00000000000006,337.78003361745493,331.121677872485,4.3676503127205155,4.4
60.00000000000001,270.0,337.79763555519054,331.1275451850635,4.36949965593297,4.4
60.00000000000001,275.0,337.81523749292614,331.13341249764204,4.371348999145424,4.4
60.00000000000001,280.0,337.83283943066175,331.1392798102206,4.373198342357897,4.4
60.00000000000001,285.0,337.85044136839736,331.14514712279913,4.375047685570351,4.4
60.00000000000001,290.00000000000006,337.86804330613296,331.15101443537765,4.376897028782806,4.4
60.00000000000001,295.0,337.8856452438685,331.1568817479562,4.378746371995278,4.4
60.00000000000001,300.0,337.9032471816041,331.16274906053474,4.380595715207733,4.4
65.0,0.0,337.5003766627772,331.0284588875924,4.338268224298256,4.3
65.0,5.0,337.51797860051283,331.03432620017094,4.340117567510711,4.3
65.0,10.0,337.53558053824844,331.0401935127495,4.341966910723182,4.3
65.0,15.000000000000002,337.55318247598404,331.046060825328,4.343816253935637,4.3
65.0,20.0,337.57078441371965,331.05192813790654,4.345665597148091,4.3
65.0,25.0,337.58838635145526,331.0577954504851,4.347514940360564,4.3
65.0,30.000000000000004,337.6059882891908,331.06366276306363,4.349364283573019,4.3
65.0,35.0,337.6235902269264,331.06953007564215,4.351213626785473,4.4
65.0,40.0,337.641192164662,331.07539738822067,4.353062969997928,4.4
65.0,45.0,337.6587941023976,331.08126470079924,4.3549123132103995,4.4
65.0,50.0,337.6763960401332,331.08713201337775,4.356761656422854,4.4
65.0,55.00000000000001,337.69399797786883,331.09299932595627,4.358610999635308,4.4
65.0,60.00000000000001,337.71159991560444,331.09886663853484,4.360460342847781,4.4
65.0,65.0,337.72920185334,331.10473395111336,4.362309686060235,4.4
65.0,70.0,337.7468037910756,331.1106012636919,4.36415902927269,4.4
65.0,75.0,337.7644057288112,331.1164685762704,4.366008372485144,4.4
65.0,80.0,337.7820076665468,331.12233588884897,4.367857715697617,4.4
65.0,85.00000000000001,337.7996096042824,331.1282032014275,4.3697070589100715,4.4
65.0,90.0,337.81721154201796,331.134070514006,4.3715564021225255,4.4
65.0,95.0,337.83481347975356,331.13993782658457,4.373405745334998,4.4
65.0,100.0,337.85241541748917,331.1458051391631,4.375255088547452,4.4
65.0,105.0,337.8700173552248,331.1516724517416,4.377104431759907,4.4
65.0,110.00000000000001,337.8876192929604,331.1575397643201,4.378953774972361,4.4
65.0,115.00000000000001,337.905221230696,331.1634070768987,4.380803118184834,4.4
65.0,120.00000000000001,337.9228231684316,331.1692743894772,4.382652461397289,4.4
65.0,125.0,337.94042510616714,331.1751417020557,4.384501804609743,4.4
65.0,130.0,337.95802704390275,331.1810090146343,4.386351147822215,4.4
65.0,135.0,337.97562898163835,331.1868763272128,4.388200491034669,4.4
65.0,140.0,337.99323091937396,331.19274363979133,4.390049834247124,4.4
65.0,145.00000000000003,338.01083285710956,331.19861095236985,4.391899177459578,4.4
65.0,150.0,338.02843479484517,331.2044782649484,4.393748520672051,4.4
65.0,155.0,338.0460367325807,331.2103455775269,4.395597863884487,4.4
65.0,160.0,338.0636386703163,331.21621289010545,4.39744720709696,4.4
65.0,165.0,338.0812406080519,331.222080202684,4.399296550309432,4.4
65.0,170.00000000000003,338.09884254578753,331.22794751526254,4.401145893521886,4.4
65.0,175.0,338.11644448352314,331.23381482784106,4.402995236734341,4.4
65.0,180.0,338.13404642125874,331.2396821404196,4.404844579946795,4.4
65.0,185.0,338.1516483589943,331.2455494529981,4.40669392315925,4.4
65.0,190.0,338.1692502967299,331.2514167655766,4.408543266371704,4.4
65.0,195.00000000000003,338.1868522344655,331.2572840781552,4.410392609584177,4.4
65.0,200.0,338.2044541722011,331.26315139073375,4.412241952796649,4.4
65.0,205.00000000000003,338.2220561099367,331.26901870331227,4.414091296009103,4.4
65.0,210.0,338.2396580476723,331.2748860158908,4.415940639221558,4.4
65.0,215.0,338.25725998540787,331.2807533284693,4.417789982434012,4.4
65.0,220.00000000000003,338.2748619231435,331.2866206410478,4.419639325646467,4.4
65.0,225.0,338.2924638608791,331.29248795362633,4.421488668858921,4.4
65.0,230.00000000000003,338.3100657986147,331.2983552662049,4.423338012071394,4.4
65.0,235.0,338.3276677363503,331.3042225787835,4.425187355283866,4.4
65.0,240.00000000000003,338.3452696740859,331.310089891362,4.4270366984963205,4.4
65.0,245.00000000000003,338.36287161182145,331.3159572039405,4.4288860417087745,4.4
65.0,250.0,338.38047354955705,331.32182451651903,4.430735384921229,4.4
65.0,255.00000000000003,338.39807548729266,331.32769182909755,4.432584728133684,4.4
65.0,260.0,338.41567742502826,331.33355914167606,4.434434071346138,4.4
65.0,265.00000000000006,338.43327936276387,331.33942645425464,4.436283414558611,4.4
65.0,270.0,338.4508813004995,331.3452937668332,4.438132757771083,4.4
65.0,275.0,338.468483238235,331.35116107941167,4.43998210098352,4.4
65.0,280.0,338.48608517597063,331.35702839199024,4.441831444195992,4.4
65.0,285.0,338.50368711370623,331.36289570456876,4.4436807874084465,4.4
65.0,290.00000000000006,338.52128905144184,331.3687630171473,4.4455301306209005,4.4
65.0,295.0,338.53889098917745,331.3746303297258,4.447379473833355,4.4
65.0,300.0,338.55649292691305,331.38049764230436,4.449228817045828,4.4
70.0,0.0,338.15362240808616,331.2462074693621,4.406901326136369,4.4
70.0,5.0,338.17122434582177,331.2520747819406,4.408750669348824,4.4
70.0,10.0,338.1888262835574,331.25794209451914,4.410600012561278,4.4
70.0,15.000000000000002,338.2064282212929,331.26380940709765,4.412449355773733,4.4
70.0,20.0,338.22403015902853,331.26967671967617,4.414298698986187,4.4
70.0,25.0,338.24163209676414,331.2755440322547,4.416148042198642,4.4
70.0,30.000000000000004,338.25923403449974,331.28141134483326,4.417997385411113,4.4
70.0,35.0,338.27683597223535,331.28727865741183,4.419846728623586,4.4
70.0,40.0,338.29443790997095,331.29314596999035,4.42169607183604,4.4
70.0,45.0,338.3120398477065,331.29901328256886,4.423545415048495,4.4
70.0,50.0,338.3296417854421,331.3048805951474,4.425394758260949,4.4
70.0,55.00000000000001,338.3472437231777,331.3107479077259,4.427244101473404,4.4
70.0,60.00000000000001,338.3648456609133,331.3166152203044,4.429093444685858,4.4
70.0,65.0,338.3824475986489,331.322482532883,4.4309427878983305,4.4
70.0,70.0,338.40004953638453,331.32834984546156,4.432792131110803,4.4
70.0,75.0,338.4176514741201,331.33421715804,4.434641474323239,4.4
70.0,80.0,338.4352534118557,331.3400844706186,4.436490817535712,4.4
70.0,85.00000000000001,338.4528553495913,331.3459517831971,4.438340160748166,4.4
70.0,90.0,338.4704572873269,331.3518190957756,4.440189503960621,4.4
70.0,95.0,338.4880592250625,331.35768640835414,4.442038847173075,4.4
70.0,100.0,338.5056611627981,331.3635537209327,4.443888190385548,4.4
70.0,105.0,338.52326310053365,331.36942103351123,4.4457375335980025,4.4
70.0,110.00000000000001,338.54086503826926,331.37528834608975,4.4475868768104565,4.4
70.0,115.00000000000001,338.55846697600487,331.3811556586683,4.449436220022929,4.4
70.0,120.00000000000001,338.57606891374047,331.38702297124684,4.451285563235383,4.5
70.0,125.0,338.5936708514761,331.39289028382535,4.453134906447838,4.5
70.0,130.0,338.6112727892117,331.39875759640387,4.454984249660292,4.5
70.0,135.0,338.6288747269473,331.40462490898244,4.456833592872765,4.5
70.0,140.0,338.64647666468284,331.41049222156096,4.458682936085219,4.5
70.0,145.00000000000003,338.66407860241844,331.4163595341395,4.460532279297674,4.5
70.0,150.0,338.68168054015405,331.42222684671805,4.462381622510146,4.5
70.0,155.0,338.69928247788965,331.42809415929656,4.4642309657226,4.5
70.0,160.0,338.71688441562526,331.4339614718751,4.466080308935055,4.5
70.0,165.0,338.7344863533608,331.4398287844536,4.467929652147509,4.5
70.0,170.00000000000003,338.7520882910964,331.44569609703217,4.469778995359982,4.5
70.0,175.0,338.769690228832,331.4515634096107,4.471628338572436,4.5
70.0,180.0,338.7872921665676,331.4574307221892,4.473477681784891,4.5
70.0,185.0,338.80489410430323,331.4632980347678,4.475327024997363,4.5
70.0,190.0,338.82249604203884,331.4691653473463,4.477176368209817,4.5
70.0,195.00000000000003,338.84009797977444,331.4750326599248,4.479025711422272,4.5
70.0,200.0,338.85769991751,331.4808999725033,4.480875054634726,4.5
70.0,205.00000000000003,338.8753018552456,331.4867672850819,4.482724397847199,4.5
70.0,210.0,338.8929037929812,331.4926345976604,4.484573741059653,4.5
70.0,215.0,338.9105057307168,331.49850191023893,4.486423084272108,4.5
70.0,220.00000000000003,338.9281076684524,331.5043692228175,4.4882724274845796,4.5
70.0,225.0,338.945709606188,331.510236535396,4.490121770697034,4.5
70.0,230.00000000000003,338.96331154392357,331.51610384797453,4.4919711139094884,4.5
70.0,235.0,338.9809134816592,331.52197116055305,4.493820457121943,4.5
70.0,240.00000000000003,338.9985154193948,331.5278384731316,4.495669800334416,4.5
70.0,245.00000000000003,339.0161173571304,331.53370578571014,4.49751914354687,4.5
70.0,250.0,339.033719294866,331.53957309828866,4.499368486759325,4.5
70.0,255.00000000000003,339.0513212326016,331.54544041086723,4.501217829971797,4.5
70.0,260.0,339.06892317033714,331.55130772344575,4.5030671731842515,4.5
70.0,265.00000000000006,339.08652510807275,331.55717503602426,4.5049165163967055,4.5
70.0,270.0,339.10412704580835,331.5630423486028,4.50676585960916,4.5
70.0,275.0,339.12172898354396,331.56890966118135,4.508615202821633,4.5
70.0,280.0,339.13933092127957,331.57477697375987,4.510464546034087,4.5
70.0,285.0,339.15693285901517,331.5806442863384,4.512313889246542,4.5
70.0,290.00000000000006,339.1745347967507,331.58651159891696,4.514163232459014,4.5
70.0,295.0,339.1921367344863,331.5923789114955,4.516012575671469,4.5
70.0,300.0,339.20973867222193,331.598246224074,4.517861918883923,4.5
75.0,0.0,338.80686815339504,331.4639560511317,4.475534427974447,4.5
75.0,5.0,338.82447009113065,331.46982336371025,4.477383771186918,4.5
75.0,10.0,338.84207202886626,331.47569067628876,4.479233114399373,4.5
75.0,15.000000000000002,338.85967396660186,331.4815579888673,4.481082457611827,4.5
75.0,20.0,338.87727590433747,331.48742530144585,4.4829318008243,4.5
75.0,25.0,338.894877842073,331.49329261402437,4.484781144036754,4.5
75.0,30.000000000000004,338.9124797798086,331.4991599266029,4.486630487249209,4.5
75.0,35.0,338.9300817175442,331.5050272391814,4.488479830461663,4.5
75.0,40.0,338.94768365527983,331.51089455176,4.4903291736741355,4.5
75.0,45.0,338.96528559301544,331.5167618643385,4.49217851688659,4.5
75.0,50.0,338.98288753075104,331.522629176917,4.494027860099044,4.5
75.0,55.00000000000001,339.00048946848665,331.5284964894956,4.495877203311517,4.5
75.0,60.00000000000001,339.0180914062222,331.5343638020741,4.497726546523971,4.5
75.0,65.0,339.0356933439578,331.5402311146526,4.499575889736426,4.5
75.0,70.0,339.0532952816934,331.54609842723113,4.50142523294888,4.5
75.0,75.0,339.070897219429,331.5519657398097,4.503274576161353,4.5
75.0,80.0,339.0884991571646,331.5578330523882,4.5051239193738075,4.5
75.0,85.00000000000001,339.1061010949002,331.56370036496673,4.5069732625862615,4.5
75.0,90.0,339.1237030326358,331.5695676775453,4.508822605798734,4.5
75.0,95.0,339.1413049703714,331.5754349901238,4.510671949011188,4.5
75.0,100.0,339.158906908107,331.58130230270234,4.512521292223643,4.5
75.0,105.0,339.1765088458426,331.58716961528086,4.514370635436097,4.5
75.0,110.00000000000001,339.1941107835782,331.59303692785943,4.51621997864857,4.5
75.0,115.00000000000001,339.2117127213138,331.59890424043795,4.518069321861024,4.5
75.0,120.00000000000001,339.22931465904935,331.60477155301646,4.519918665073479,4.5
75.0,125.0,339.24691659678496,331.61063886559504,4.521768008285951,4.5
75.0,130.0,339.26451853452056,331.61650617817355,4.523617351498405,4.5
75.0,135.0,339.28212047225617,331.62237349075207,4.52546669471086,4.5
75.0,140.0,339.2997224099918,331.6282408033306,4.527316037923314,4.5
75.0,145.00000000000003,339.3173243477274,331.63410811590916,4.529165381135787,4.5
75.0,150.0,339.3349262854629,331.6399754284876,4.531014724348223,4.5
75.0,155.0,339.35252822319853,331.6458427410662,4.532864067560696,4.5
75.0,160.0,339.37013016093414,331.65171005364476,4.534713410773168,4.5
75.0,165.0,339.38773209866974,331.6575773662233,4.536562753985622,4.5
75.0,170.00000000000003,339.40533403640535,331.6634446788018,4.538412097198077,4.5
75.0,175.0,339.42293597414096,331.6693119913803,4.540261440410531,4.5
75.0,180.0,339.4405379118765,331.6751793039588,4.542110783622986,4.5
75.0,185.0,339.4581398496121,331.68104661653734,4.54396012683544,4.5
75.0,190.0,339.4757417873477,331.6869139291159,4.545809470047913,4.5
75.0,195.00000000000003,339.4933437250833,331.6927812416945,4.547658813260385,4.5
75.0,200.0,339.5109456628189,331.698648554273,4.5495081564728395,4.5
75.0,205.00000000000003,339.52854760055453,331.7045158668515,4.5513574996852935,4.6
75.0,210.0,339.5461495382901,331.71038317943004,4.553206842897748,4.6
75.0,215.0,339.5637514760257,331.71625049200856,4.555056186110202,4.6
75.0,220.00000000000003,339.5813534137613,331.72211780458707,4.556905529322657,4.6
75.0,225.0,339.5989553514969,331.72798511716564,4.55875487253513,4.6
75.0,230.00000000000003,339.6165572892325,331.7338524297442,4.560604215747602,4.6
75.0,235.0,339.6341592269681,331.73971974232273,4.5624535589600566,4.6
75.0,240.00000000000003,339.65176116470366,331.74558705490125,4.564302902172511,4.6
75.0,245.00000000000003,339.66936310243926,331.75145436747977,4.5661522453849654,4.6
75.0,250.0,339.68696504017487,331.7573216800583,4.5680015885974194,4.6
75.0,255.00000000000003,339.7045669779105,331.7631889926368,4.569850931809874,4.6
75.0,260.0,339.7221689156461,331.7690563052154,4.571700275022347,4.6
75.0,265.00000000000006,339.7397708533817,331.77492361779395,4.573549618234819,4.6
75.0,270.0,339.75737279111723,331.7807909303724,4.575398961447256,4.6
75.0,275.0,339.77497472885284,331.786658242951,4.577248304659728,4.6
75.0,280.0,339.79257666658845,331.7925255555295,4.5790976478721825,4.6
75.0,285.0,339.81017860432405,331.798392868108,4.5809469910846365,4.6
75.0,290.00000000000006,339.82778054205966,331.8042601806865,4.582796334297091,4.6
75.0,295.0,339.84538247979526,331.8101274932651,4.584645677509563,4.6
75.0,300.0,339.8629844175308,331.8159948058436,4.586495020722018,4.6
80.0,0.0,339.460113898704,331.68170463290136,4.544167529812559,4.5
80.0,5.0,339.4777158364396,331.6875719454799,4.546016873025014,4.5
80.0,10.0,339.49531777417513,331.6934392580584,4.547866216237468,4.5
80.0,15.000000000000002,339.51291971191074,331.6993065706369,4.549715559449923,4.5
80.0,20.0,339.53052164964635,331.7051738832154,4.551564902662377,4.6
80.0,25.0,339.54812358738195,331.711041195794,4.553414245874849,4.6
80.0,30.000000000000004,339.56572552511756,331.71690850837257,4.555263589087322,4.6
80.0,35.0,339.58332746285316,331.7227758209511,4.557112932299776,4.6
80.0,40.0,339.6009294005887,331.7286431335296,4.558962275512231,4.6
80.0,45.0,339.6185313383243,331.7345104461081,4.560811618724685,4.6
80.0,50.0,339.6361332760599,331.74037775868663,4.56266096193714,4.6
80.0,55.00000000000001,339.6537352137955,331.74624507126515,4.564510305149594,4.6
80.0,60.00000000000001,339.67133715153113,331.7521123838437,4.5663596483620665,4.6
80.0,65.0,339.68893908926674,331.7579796964223,4.568208991574539,4.6
80.0,70.0,339.7065410270023,331.76384700900076,4.570058334786975,4.6
80.0,75.0,339.7241429647379,331.76971432157933,4.571907677999448,4.6
80.0,80.0,339.7417449024735,331.77558163415785,4.573757021211902,4.6
80.0,85.00000000000001,339.7593468402091,331.78144894673636,4.575606364424357,4.6
80.0,90.0,339.7769487779447,331.7873162593149,4.577455707636811,4.6
80.0,95.0,339.7945507156803,331.79318357189345,4.579305050849284,4.6
80.0,100.0,339.81215265341586,331.79905088447197,4.581154394061738,4.6
80.0,105.0,339.82975459115147,331.8049181970505,4.5830037372741925,4.6
80.0,110.00000000000001,339.8473565288871,331.81078550962906,4.584853080486665,4.6
80.0,115.00000000000001,339.8649584666227,331.8166528222076,4.586702423699119,4.6
80.0,120.00000000000001,339.8825604043583,331.8225201347861,4.588551766911574,4.6
80.0,125.0,339.9001623420939,331.8283874473646,4.590401110124028,4.6
80.0,130.0,339.9177642798295,331.8342547599432,4.592250453336501,4.6
80.0,135.0,339.93536621756505,331.8401220725217,4.594099796548955,4.6
80.0,140.0,339.95296815530065,331.8459893851002,4.59594913976141,4.6
80.0,145.00000000000003,339.97057009303626,331.8518566976788,4.597798482973882,4.6
80.0,150.0,339.98817203077186,331.8577240102573,4.599647826186336,4.6
80.0,155.0,340.00577396850747,331.8635913228358,4.601497169398791,4.6
80.0,160.0,340.023375906243,331.86945863541433,4.603346512611245,4.6
80.0,165.0,340.0409778439786,331.8753259479929,4.605195855823718,4.6
80.0,170.00000000000003,340.05857978171423,331.8811932605714,4.607045199036172,4.6
80.0,175.0,340.07618171944983,331.88706057314994,4.608894542248627,4.6
80.0,180.0,340.09378365718544,331.8929278857285,4.6107438854610985,4.6
80.0,185.0,340.11138559492105,331.898795198307,4.612593228673553,4.6
80.0,190.0,340.12898753265665,331.90466251088554,4.614442571886007,4.6
80.0,195.00000000000003,340.1465894703922,331.91052982346406,4.616291915098462,4.6
80.0,200.0,340.1641914081278,331.91639713604263,4.618141258310935,4.6
80.0,205.00000000000003,340.1817933458634,331.92226444862115,4.619990601523389,4.6
80.0,210.0,340.199395283599,331.92813176119967,4.621839944735844,4.6
80.0,215.0,340.2169972213346,331.93399907377824,4.623689287948316,4.6
80.0,220.00000000000003,340.2345991590702,331.93986638635675,4.6255386311607705,4.6
80.0,225.0,340.2522010968058,331.94573369893527,4.6273879743732245,4.6
80.0,230.00000000000003,340.2698030345414,331.9516010115138,4.629237317585679,4.6
80.0,235.0,340.287404972277,331.95746832409236,4.631086660798152,4.6
80.0,240.00000000000003,340.3050069100126,331.9633356366709,4.632936004010606,4.6
80.0,245.00000000000003,340.3226088477482,331.9692029492494,4.634785347223061,4.6
80.0,250.0,340.3402107854838,331.97507026182797,4.636634690435533,4.6
80.0,255.00000000000003,340.35781272321935,331.9809375744065,4.638484033647988,4.6
80.0,260.0,340.37541466095496,331.986804886985,4.640333376860442,4.6
80.0,265.00000000000006,340.39301659869056,331.9926721995635,4.6421827200728965,4.6
80.0,270.0,340.41061853642617,331.9985395121421,4.644032063285368,4.6
80.0,275.0,340.4282204741618,332.0044068247206,4.645881406497823,4.6
80.0,280.0,340.4458224118974,332.0102741372991,4.647730749710277,4.6
80.0,285.0,340.46342434963293,332.0161414498777,4.64958009292275,4.6
80.0,290.00000000000006,340.48102628736854,332.0220087624562,4.651429436135205,4.7
80.0,295.0,340.49862822510414,332.0278760750347,4.653278779347659,4.7
80.0,300.0,340.51623016283975,332.03374338761324,4.6551281225601135,4.7
85.00000000000001,0.0,340.11335964401286,331.899453214671,4.6128006316506545,4.6
85.00000000000001,5.0,340.13096158174847,331.9053205272495,4.614649974863109,4.6
85.00000000000001,10.0,340.14856351948407,331.911187839828,4.616499318075563,4.6
85.00000000000001,15.000000000000002,340.1661654572197,331.9170551524066,4.618348661288036,4.6
85.00000000000001,20.0,340.1837673949553,331.9229224649851,4.62019800450049,4.6
85.00000000000001,25.0,340.20136933269083,331.9287897775636,4.622047347712945,4.6
85.00000000000001,30.000000000000004,340.21897127042644,331.93465709014214,4.623896690925399,4.6
85.00000000000001,35.0,340.23657320816204,331.9405244027207,4.6257460341378716,4.6
85.00000000000001,40.0,340.25417514589765,331.9463917152992,4.627595377350326,4.6
85.00000000000001,45.0,340.27177708363325,331.95225902787774,4.6294447205627804,4.6
85.00000000000001,50.0,340.28937902136886,331.9581263404563,4.631294063775253,4.6
85.00000000000001,55.00000000000001,340.3069809591044,331.96399365303483,4.633143406987707,4.6
85.00000000000001,60.00000000000001,340.32458289684,331.96986096561335,4.634992750200162,4.6
85.00000000000001,65.0,340.3421848345756,331.97572827819187,4.636842093412616,4.6
85.00000000000001,70.0,340.3597867723112,331.98159559077044,4.638691436625089,4.6
85.00000000000001,75.0,340.37738871004683,331.98746290334896,4.640540779837543,4.6
85.00000000000001,80.0,340.39499064778244,331.9933302159275,4.6423901230499975,4.6
85.00000000000001,85.00000000000001,340.412592585518,331.99919752850604,4.64423946626247,4.6
85.00000000000001,90.0,340.4301945232536,332.00506484108456,4.646088809474924,4.6
85.00000000000001,95.0,340.4477964609892,332.0109321536631,4.647938152687379,4.6
85.00000000000001,100.0,340.4653983987248,332.0167994662416,4.649787495899833,4.6
85.00000000000001,105.0,340.4830003364604,332.02266677882017,4.651636839112306,4.7
85.00000000000001,110.00000000000001,340.500602274196,332.0285340913987,4.65348618232476,4.7
85.00000000000001,115.00000000000001,340.51820421193156,332.0344014039772,4.655335525537215,4.7
85.00000000000001,120.00000000000001,340.53580614966717,332.0402687165558,4.657184868749686,4.7
85.00000000000001,125.0,340.5534080874028,332.0461360291343,4.659034211962141,4.7
85.00000000000001,130.0,340.5710100251384,332.0520033417128,4.660883555174596,4.7
85.00000000000001,135.0,340.588611962874,332.0578706542913,4.66273289838705,4.7
85.00000000000001,140.0,340.6062139006096,332.0637379668699,4.664582241599523,4.7
85.00000000000001,145.00000000000003,340.62381583834514,332.06960527944835,4.666431584811959,4.7
85.00000000000001,150.0,340.64141777608074,332.0754725920269,4.668280928024432,4.7
85.00000000000001,155.0,340.65901971381635,332.0813399046055,4.6701302712369035,4.7
85.00000000000001,160.0,340.67662165155195,332.087207217184,4.671979614449358,4.7
85.00000000000001,165.0,340.69422358928756,332.09307452976253,4.673828957661812,4.7
85.00000000000001,170.00000000000003,340.71182552702317,332.09894184234105,4.675678300874267,4.7
85.00000000000001,175.0,340.7294274647587,332.10480915491956,4.677527644086721,4.7
85.00000000000001,180.0,340.7470294024943,332.1106764674981,4.679376987299176,4.7
85.00000000000001,185.0,340.7646313402299,332.11654378007665,4.681226330511649,4.7
85.00000000000001,190.0,340.78223327796553,332.1224110926552,4.683075673724121,4.7
85.00000000000001,195.00000000000003,340.79983521570114,332.12827840523374,4.6849250169365755,4.7
85.00000000000001,200.0,340.81743715343674,332.13414571781226,4.6867743601490295,4.7
85.00000000000001,205.00000000000003,340.8350390911723,332.1400130303908,4.688623703361484,4.7
85.00000000000001,210.0,340.8526410289079,332.1458803429693,4.690473046573938,4.7
85.00000000000001,215.0,340.8702429666435,332.1517476555478,4.692322389786393,4.7
85.00000000000001,220.00000000000003,340.8878449043791,332.1576149681264,4.694171732998866,4.7
85.00000000000001,225.0,340.9054468421147,332.16348228070495,4.696021076211338,4.7
85.00000000000001,230.00000000000003,340.9230487798503,332.16934959328347,4.697870419423793,4.7
85.00000000000001,235.0,340.94065071758587,332.175216905862,4.699719762636247,4.7
85.00000000000001,240.00000000000003,340.9582526553215,332.1810842184405,4.7015691058487015,4.7
85.00000000000001,245.00000000000003,340.9758545930571,332.186951531019,4.7034184490611555,4.7
85.00000000000001,250.0,340.9934565307927,332.19281884359754,4.70526779227361,4.7
85.00000000000001,255.00000000000003,341.0110584685283,332.1986861561761,4.707117135486082,4.7
85.00000000000001,260.0,341.0286604062639,332.2045534687547,4.708966478698555,4.7
85.00000000000001,265.00000000000006,341.04626234399944,332.21042078133314,4.710815821910991,4.7
85.00000000000001,270.0,341.06386428173505,332.2162880939117,4.712665165123464,4.7
85.00000000000001,275.0,341.08146621947066,332.22215540649023,4.714514508335919,4.7
85.00000000000001,280.0,341.09906815720626,332.22802271906875,4.716363851548373,4.7
85.00000000000001,285.0,341.11667009494187,332.23389003164726,4.7182131947608275,4.7
85.00000000000001,290.00000000000006,341.1342720326775,332.23975734422584,4.720062537973299,4.7
85.00000000000001,295.0,341.151873970413,332.24562465680435,4.721911881185754,4.7
85.00000000000001,300.0,341.1694759081486,332.25149196938287,4.723761224398208,4.7
90.0,0.0,340.7666053893218,332.1172017964406,4.68143373348875,4.7
90.0,5.0,340.78420732705735,332.1230691090191,4.683283076701204,4.7
90.0,10.0,340.80180926479295,332.12893642159764,4.685132419913659,4.7
90.0,15.000000000000002,340.81941120252856,332.13480373417616,4.686981763126113,4.7
90.0,20.0,340.83701314026416,332.14067104675473,4.6888311063385855,4.7
90.0,25.0,340.85461507799977,332.1465383593333,4.690680449551058,4.7
90.0,30.000000000000004,340.8722170157354,332.1524056719118,4.692529792763512,4.7
90.0,35.0,340.8898189534709,332.15827298449034,4.694379135975967,4.7
90.0,40.0,340.9074208912065,332.16414029706885,4.696228479188421,4.7
90.0,45.0,340.92502282894213,332.17000760964737,4.698077822400876,4.7
90.0,50.0,340.94262476667774,332.1758749222259,4.69992716561333,4.7
90.0,55.00000000000001,340.96022670441334,332.18174223480446,4.701776508825803,4.7
90.0,60.00000000000001,340.97782864214895,332.18760954738303,4.703625852038275,4.7
90.0,65.0,340.9954305798845,332.1934768599615,4.7054751952507115,4.7
90.0,70.0,341.0130325176201,332.19934417254007,4.707324538463184,4.7
90.0,75.0,341.0306344553557,332.2052114851186,4.709173881675638,4.7
90.0,80.0,341.0482363930913,332.2110787976971,4.711023224888093,4.7
90.0,85.00000000000001,341.0658383308269,332.2169461102756,4.712872568100547,4.7
90.0,90.0,341.0834402685625,332.2228134228542,4.71472191131302,4.7
90.0,95.0,341.1010422062981,332.2286807354327,4.716571254525474,4.7
90.0,100.0,341.1186441440337,332.2345480480112,4.7184205977379285,4.7
90.0,105.0,341.1362460817693,332.2404153605898,4.7202699409504,4.7
90.0,110.00000000000001,341.1538480195049,332.2462826731683,4.722119284162855,4.7
90.0,115.00000000000001,341.1714499572405,332.2521499857468,4.723968627375309,4.7
90.0,120.00000000000001,341.1890518949761,332.25801729832534,4.725817970587764,4.7
90.0,125.0,341.20665383271165,332.2638846109039,4.727667313800237,4.7
90.0,130.0,341.22425577044726,332.26975192348243,4.729516657012691,4.7
90.0,135.0,341.24185770818286,332.27561923606095,4.731366000225146,4.7
90.0,140.0,341.25945964591847,332.2814865486395,4.733215343437617,4.7
90.0,145.00000000000003,341.2770615836541,332.28735386121804,4.735064686650072,4.7
90.0,150.0,341.2946635213897,332.29322117379655,4.736914029862526,4.7
90.0,155.0,341.31226545912523,332.29908848637507,4.738763373074981,4.7
90.0,160.0,341.32986739686083,332.30495579895364,4.740612716287454,4.7
90.0,165.0,341.34746933459644,332.31082311153216,4.742462059499908,4.7
90.0,170.00000000000003,341.36507127233205,332.3166904241107,4.744311402712363,4.7
90.0,175.0,341.38267321006765,332.32255773668925,4.7461607459248345,4.7
90.0,180.0,341.40027514780326,332.32842504926776,4.748010089137289,4.7
90.0,185.0,341.41787708553886,332.3342923618463,4.749859432349743,4.7
90.0,190.0,341.4354790232744,332.3401596744248,4.751708775562198,4.8
90.0,195.00000000000003,341.45308096101,332.34602698700337,4.75355811877467,4.8
90.0,200.0,341.4706828987456,332.3518942995819,4.755407461987125,4.8
90.0,205.00000000000003,341.4882848364812,332.3577616121604,4.75725680519958,4.8
90.0,210.0,341.50588677421683,332.363628924739,4.759106148412052,4.8
90.0,215.0,341.5234887119524,332.3694962373175,4.7609554916245065,4.8
90.0,220.00000000000003,341.541090649688,332.375363549896,4.7628048348369605,4.8
90.0,225.0,341.5586925874236,332.3812308624745,4.764654178049415,4.8
90.0,230.00000000000003,341.5762945251592,332.3870981750531,4.766503521261887,4.8
90.0,235.0,341.5938964628948,332.3929654876316,4.768352864474342,4.8
90.0,240.00000000000003,341.6114984006304,332.39883280021013,4.770202207686796,4.8
90.0,245.00000000000003,341.629100338366,332.4047001127887,4.772051550899269,4.8
90.0,250.0,341.64670227610156,332.4105674253672,4.773900894111724,4.8
90.0,255.00000000000003,341.66430421383717,332.41643473794574,4.775750237324178,4.8
90.0,260.0,341.6819061515728,332.42230205052425,4.7775995805366325,4.8
90.0,265.00000000000006,341.6995080893084,332.4281693631028,4.779448923749104,4.8
90.0,270.0,341.717110027044,332.43403667568134,4.781298266961559,4.8
90.0,275.0,341.7347119647796,332.43990398825986,4.783147610174013,4.8
90.0,280.0,341.75231390251514,332.44577130083843,4.784996953386486,4.8
90.0,285.0,341.76991584025075,332.45163861341695,4.786846296598941,4.8
90.0,290.00000000000006,341.78751777798635,332.45750592599546,4.788695639811395,4.8
90.0,295.0,341.80511971572196,332.463373238574,4.79054498302385,4.8
90.0,300.0,341.82272165345756,332.46924055115255,4.792394326236321,4.8
95.0,0.0,341.4198511346307,332.33495037821024,4.7500668353268445,4.8
95.0,5.0,341.4374530723663,332.34081769078875,4.751916178539299,4.8
95.0,10.0,341.4550550101019,332.3466850033673,4.753765521751772,4.8
95.0,15.000000000000002,341.4726569478375,332.35255231594584,4.755614864964226,4.8
95.0,20.0,341.49025888557304,332.35841962852436,4.757464208176681,4.8
95.0,25.0,341.50786082330865,332.3642869411029,4.759313551389135,4.8
95.0,30.000000000000004,341.52546276104425,332.37015425368145,4.761162894601608,4.8
95.0,35.0,341.54306469877986,332.37602156625996,4.763012237814062,4.8
95.0,40.0,341.56066663651546,332.3818888788385,4.7648615810265165,4.8
95.0,45.0,341.57826857425107,332.38775619141705,4.766710924238989,4.8
95.0,50.0,341.5958705119866,332.39362350399557,4.768560267451443,4.8
95.0,55.00000000000001,341.6134724497222,332.3994908165741,4.770409610663898,4.8
95.0,60.00000000000001,341.63107438745783,332.4053581291526,4.772258953876352,4.8
95.0,65.0,341.64867632519343,332.4112254417312,4.774108297088825,4.8
95.0,70.0,341.66627826292904,332.4170927543097,4.775957640301279,4.8
95.0,75.0,341.68388020066465,332.4229600668882,4.777806983513734,4.8
95.0,80.0,341.7014821384002,332.4288273794668,4.779656326726205,4.8
95.0,85.00000000000001,341.7190840761358,332.4346946920453,4.78150566993866,4.8
95.0,90.0,341.7366860138714,332.4405620046238,4.783355013151114,4.8
95.0,95.0,341.754287951607,332.44642931720233,4.785204356363569,4.8
95.0,100.0,341.7718898893426,332.4522966297809,4.787053699576042,4.8
95.0,105.0,341.7894918270782,332.4581639423594,4.788903042788496,4.8
95.0,110.00000000000001,341.80709376481377,332.46403125493794,4.790752386000951,4.8
95.0,115.00000000000001,341.8246957025494,332.4698985675165,4.792601729213422,4.8
95.0,120.00000000000001,341.842297640285,332.475765880095,4.794451072425877,4.8
95.0,125.0,341.8598995780206,332.48163319267354,4.796300415638331,4.8
95.0,130.0,341.8775015157562,332.48750050525206,4.798149758850786,4.8
95.0,135.0,341.8951034534918,332.49336781783063,4.799999102063259,4.8
95.0,140.0,341.91270539122735,332.4992351304091,4.801848445275695,4.8
95.0,145.00000000000003,341.93030732896295,332.50510244298766,4.803697788488168,4.8
95.0,150.0,341.94790926669856,332.51096975556624,4.8055471317006395,4.8
95.0,155.0,341.96551120443416,332.51683706814475,4.807396474913094,4.8
95.0,160.0,341.98311314216977,332.52270438072327,4.809245818125548,4.8
95.0,165.0,342.0007150799054,332.5285716933018,4.811095161338003,4.8
95.0,170.00000000000003,342.0183170176409,332.5344390058803,4.812944504550457,4.8
95.0,175.0,342.03591895537653,332.5403063184588,4.814793847762912,4.8
95.0,180.0,342.05352089311214,332.5461736310374,4.816643190975384,4.8
95.0,185.0,342.07112283084774,332.55204094361596,4.818492534187857,4.8
95.0,190.0,342.08872476858335,332.5579082561945,4.8203418774003115,4.8
95.0,195.00000000000003,342.10632670631895,332.563775568773,4.8221912206127655,4.8
95.0,200.0,342.1239286440545,332.5696428813515,4.82404056382522,4.8
95.0,205.00000000000003,342.1415305817901,332.57551019393003,4.825889907037674,4.8
95.0,210.0,342.1591325195257,332.58137750650855,4.827739250250129,4.8
95.0,215.0,342.1767344572613,332.5872448190871,4.829588593462601,4.8
95.0,220.00000000000003,342.1943363949969,332.5931121316657,4.831437936675074,4.8
95.0,225.0,342.21193833273253,332.5989794442442,4.833287279887529,4.8
95.0,230.00000000000003,342.2295402704681,332.6048467568227,4.835136623099983,4.8
95.0,235.0,342.2471422082037,332.61071406940124,4.8369859663124375,4.8
95.0,240.00000000000003,342.2647441459393,332.61658138197976,4.8388353095248915,4.8
95.0,245.00000000000003,342.2823460836749,332.6224486945583,4.840684652737346,4.8
95.0,250.0,342.2999480214105,332.62831600713685,4.842533995949818,4.8
95.0,255.00000000000003,342.3175499591461,332.6341833197154,4.844383339162291,4.8
95.0,260.0,342.33515189688165,332.6400506322939,4.846232682374727,4.8
95.0,265.00000000000006,342.35275383461726,332.64591794487245,4.8480820255872,4.8
95.0,270.0,342.37035577235287,332.65178525745097,4.849931368799655,4.8
95.0,275.0,342.3879577100885,332.6576525700295,4.851780712012109,4.9
95.0,280.0,342.4055596478241,332.663519882608,4.8536300552245635,4.9
95.0,285.0,342.4231615855597,332.6693871951866,4.855479398437035,4.9
95.0,290.00000000000006,342.44076352329523,332.6752545077651,4.85732874164949,4.9
95.0,295.0,342.45836546103084,332.6811218203436,4.859178084861944,4.9
95.0,300.0,342.47596739876644,332.6869891329222,4.861027428074417,4.9
100.0,0.0,342.07309687993956,332.55269895997986,4.81869993716494,4.8
100.0,5.0,342.09069881767516,332.5585662725584,4.820549280377395,4.8
100.0,10.0,342.10830075541077,332.5644335851369,4.822398623589849,4.8
100.0,15.000000000000002,342.1259026931464,332.57030089771547,4.8242479668023215,4.8
100.0,20.0,342.143504630882,332.57616821029404,4.826097310014794,4.8
100.0,25.0,342.1611065686176,332.58203552287256,4.827946653227248,4.8
100.0,30.000000000000004,342.17870850635313,332.5879028354511,4.829795996439703,4.8
100.0,35.0,342.19631044408874,332.5937701480296,4.831645339652157,4.8
100.0,40.0,342.21391238182434,332.5996374606081,4.833494682864612,4.8
100.0,45.0,342.23151431955995,332.6055047731866,4.835344026077066,4.8
100.0,50.0,342.24911625729555,332.6113720857652,4.837193369289539,4.8
100.0,55.00000000000001,342.26671819503116,332.61723939834377,4.83904271250201,4.8
100.0,60.00000000000001,342.2843201327667,332.62310671092223,4.8408920557144475,4.8
100.0,65.0,342.3019220705023,332.6289740235008,4.842741398926919,4.8
100.0,70.0,342.3195240082379,332.6348413360793,4.844590742139374,4.8
100.0,75.0,342.3371259459735,332.64070864865784,4.846440085351828,4.8
100.0,80.0,342.35472788370913,332.64657596123635,4.848289428564283,4.8
100.0,85.00000000000001,342.37232982144474,332.6524432738149,4.850138771776756,4.9
100.0,90.0,342.3899317591803,332.65831058639344,4.85198811498921,4.9
100.0,95.0,342.4075336969159,332.66417789897196,4.853837458201665,4.9
100.0,100.0,342.4251356346515,332.67004521155053,4.855686801414136,4.9
100.0,105.0,342.4427375723871,332.67591252412905,4.857536144626591,4.9
100.0,110.00000000000001,342.4603395101227,332.68177983670756,4.859385487839045,4.9
100.0,115.00000000000001,342.4779414478583,332.6876471492861,4.8612348310515,4.9
100.0,120.00000000000001,342.49554338559386,332.69351446186465,4.863084174263973,4.9
100.0,125.0,342.51314532332947,332.69938177444317,4.864933517476427,4.9
100.0,130.0,342.5307472610651,332.7052490870217,4.866782860688882,4.9
100.0,135.0,342.5483491988007,332.71111639960026,4.868632203901353,4.9
100.0,140.0,342.5659511365363,332.7169837121788,4.870481547113808,4.9
100.0,145.00000000000003,342.5835530742719,332.7228510247573,4.872330890326262,4.9
100.0,150.0,342.60115501200744,332.7287183373358,4.874180233538717,4.9
100.0,155.0,342.61875694974304,332.7345856499144,4.876029576751189,4.9
100.0,160.0,342.63635888747865,332.7404529624929,4.877878919963644,4.9
100.0,165.0,342.65396082521426,332.7463202750714,4.879728263176098,4.9
100.0,170.00000000000003,342.67156276294986,332.75218758765,4.8815776063885705,4.9
100.0,175.0,342.68916470068547,332.7580549002285,4.883426949601025,4.9
100.0,180.0,342.7067666384211,332.763922212807,4.885276292813479,4.9
100.0,185.0,342.7243685761566,332.76978952538553,4.887125636025934,4.9
100.0,190.0,342.7419705138922,332.7756568379641,4.888974979238406,4.9
100.0,195.00000000000003,342.75957245162783,332.7815241505426,4.890824322450861,4.9
100.0,200.0,342.77717438936344,332.78739146312114,4.892673665663315,4.9
100.0,205.00000000000003,342.79477632709904,332.7932587756997,4.894523008875788,4.9
100.0,210.0,342.8123782648346,332.79912608827823,4.8963723520882425,4.9
100.0,215.0,342.8299802025702,332.80499340085674,4.8982216953006965,4.9
100.0,220.00000000000003,342.8475821403058,332.81086071343526,4.900071038513151,4.9
100.0,225.0,342.8651840780414,332.81672802601383,4.901920381725623,4.9
100.0,230.00000000000003,342.882786015777,332.82259533859235,4.903769724938078,4.9
100.0,235.0,342.9003879535126,332.82846265117087,4.905619068150532,4.9
100.0,240.00000000000003,342.9179898912482,332.83432996374944,4.907468411363005,4.9
100.0,245.00000000000003,342.9355918289838,332.84019727632796,4.909317754575459,4.9
100.0,250.0,342.9531937667194,332.8460645889065,4.911167097787914,4.9
100.0,255.00000000000003,342.970795704455,332.851931901485,4.913016441000368,4.9
100.0,260.0,342.9883976421906,332.85779921406356,4.91486578421284,4.9
100.0,265.00000000000006,343.0059995799262,332.8636665266421,4.916715127425295,4.9
100.0,270.0,343.0236015176618,332.8695338392206,4.918564470637749,4.9
100.0,275.0,343.04120345539735,332.87540115179917,4.920413813850222,4.9
100.0,280.0,343.05880539313296,332.8812684643777,4.922263157062676,4.9
100.0,285.0,343.07640733086856,332.8871357769562,4.924112500275131,4.9
100.0,290.00000000000006,343.09400926860417,332.8930030895347,4.925961843487585,4.9
100.0,295.0,343.1116112063398,332.8988704021133,4.927811186700057,4.9
100.0,300.0,343.1292131440754,332.9047377146918,4.929660529912512,4.9
105.0,0.0,342.7263426252485,332.7704475417495,4.887333039003035,4.9
105.0,5.0,342.7439445629841,332.77631485432806,4.889182382215508,4.9
105.0,10.0,342.7615465007197,332.7821821669066,4.891031725427962,4.9
105.0,15.000000000000002,342.77914843845525,332.7880494794851,4.892881068640417,4.9
105.0,20.0,342.79675037619086,332.7939167920636,4.894730411852871,4.9
105.0,25.0,342.81435231392646,332.7997841046422,4.896579755065344,4.9
105.0,30.000000000000004,342.83195425166207,332.8056514172207,4.898429098277798,4.9
105.0,35.0,342.8495561893977,332.8115187297992,4.9002784414902525,4.9
105.0,40.0,342.8671581271333,332.8173860423778,4.902127784702724,4.9
105.0,45.0,342.88476006486883,332.8232533549563,4.903977127915179,4.9
105.0,50.0,342.90236200260443,332.8291206675348,4.905826471127633,4.9
105.0,55.00000000000001,342.91996394034004,332.83498798011334,4.907675814340088,4.9
105.0,60.00000000000001,342.93756587807565,332.8408552926919,4.909525157552561,4.9
105.0,65.0,342.95516781581125,332.84672260527043,4.911374500765015,4.9
105.0,70.0,342.97276975354686,332.85258991784895,4.91322384397747,4.9
105.0,75.0,342.9903716912824,332.8584572304275,4.915073187189941,4.9
105.0,80.0,343.007973629018,332.86432454300603,4.916922530402396,4.9
105.0,85.00000000000001,343.0255755667536,332.87019185558455,4.91877187361485,4.9
105.0,90.0,343.0431775044892,332.87605916816307,4.920621216827305,4.9
105.0,95.0,343.0607794422248,332.88192648074164,4.922470560039778,4.9
105.0,100.0,343.07838137996043,332.88779379332016,4.924319903252232,4.9
105.0,105.0,343.095983317696,332.8936611058987,4.926169246464687,4.9
105.0,110.00000000000001,343.1135852554316,332.89952841847725,4.9280185896771584,4.9
105.0,115.00000000000001,343.1311871931672,332.90539573105576,4.929867932889613,4.9
105.0,120.00000000000001,343.1487891309028,332.9112630436343,4.931717276102067,4.9
105.0,125.0,343.1663910686384,332.9171303562128,4.933566619314522,4.9
105.0,130.0,343.183993006374,332.92299766879137,4.935415962526994,4.9
105.0,135.0,343.20159494410956,332.9288649813698,4.937265305739431,4.9
105.0,140.0,343.21919688184516,332.9347322939484,4.939114648951903,4.9
105.0,145.00000000000003,343.23679881958077,332.940599606527,4.9409639921643755,4.9
105.0,150.0,343.2544007573164,332.9464669191055,4.94281333537683,4.9
105.0,155.0,343.272002695052,332.952334231684,4.944662678589284,4.9
105.0,160.0,343.2896046327876,332.9582015442625,4.946512021801739,4.9
105.0,165.0,343.30720657052314,332.96406885684104,4.948361365014193,4.9
105.0,170.00000000000003,343.32480850825874,332.96993616941955,4.950210708226648,5.0
105.0,175.0,343.34241044599435,332.9758034819981,4.95206005143912,5.0
105.0,180.0,343.36001238372995,332.9816707945767,4.953909394651593,5.0
105.0,185.0,343.37761432146556,332.9875381071552,4.9557587378640475,5.0
105.0,190.0,343.39521625920116,332.99340541973373,4.9576080810765015,5.0
105.0,195.00000000000003,343.4128181969367,332.99927273231225,4.959457424288956,5.0
105.0,200.0,343.4304201346723,333.00514004489077,4.96130676750141,5.0
105.0,205.00000000000003,343.4480220724079,333.0110073574693,4.963156110713865,5.0
105.0,210.0,343.46562401014353,333.01687467004786,4.965005453926337,5.0
105.0,215.0,343.48322594787913,333.0227419826264,4.96685479713881,5.0
105.0,220.00000000000003,343.50082788561474,333.02860929520494,4.968704140351264,5.0
105.0,225.0,343.5184298233503,333.03447660778346,4.970553483563719,5.0
105.0,230.00000000000003,343.5360317610859,333.040343920362,4.972402826776173,5.0
105.0,235.0,343.5536336988215,333.0462112329405,4.9742521699886275,5.0
105.0,240.00000000000003,343.5712356365571,333.052078545519,4.9761015132010815,5.0
105.0,245.00000000000003,343.5888375742927,333.0579458580976,4.977950856413554,5.0
105.0,250.0,343.6064395120283,333.06381317067616,4.979800199626027,5.0
105.0,255.00000000000003,343.62404144976387,333.0696804832546,4.981649542838463,5.0
105.0,260.0,343.64164338749947,333.0755477958332,4.983498886050936,5.0
105.0,265.00000000000006,343.6592453252351,333.0814151084117,4.98534822926339,5.0
105.0,270.0,343.6768472629707,333.0872824209902,4.987197572475845,5.0
105.0,275.0,343.6944492007063,333.09314973356874,4.989046915688299,5.0
105.0,280.0,343.7120511384419,333.0990170461473,4.990896258900771,5.0
105.0,285.0,343.72965307617744,333.1048843587258,4.992745602113226,5.0
105.0,290.00000000000006,343.74725501391305,333.11075167130434,4.99459494532568,5.0
105.0,295.0,343.76485695164865,333.1166189838829,4.996444288538153,5.0
105.0,300.0,343.78245888938426,333.12248629646143,4.998293631750607,5.0
110.00000000000001,0.0,343.37958837055737,332.9881961235191,4.955966140841131,5.0
110.00000000000001,5.0,343.397190308293,332.99406343609763,4.957815484053585,5.0
110.00000000000001,10.0,343.4147922460286,332.9999307486762,4.9596648272660575,5.0
110.00000000000001,15.000000000000002,343.4323941837642,333.0057980612548,4.961514170478529,5.0
110.00000000000001,20.0,343.4499961214998,333.0116653738333,4.963363513690984,5.0
110.00000000000001,25.0,343.46759805923534,333.0175326864118,4.965212856903438,5.0
110.00000000000001,30.000000000000004,343.48519999697095,333.0233999989903,4.967062200115893,5.0
110.00000000000001,35.0,343.50280193470655,333.02926731156884,4.968911543328347,5.0
110.00000000000001,40.0,343.52040387244216,333.03513462414736,4.970760886540802,5.0
110.00000000000001,45.0,343.53800581017776,333.04100193672593,4.972610229753275,5.0
110.00000000000001,50.0,343.55560774791337,333.0468692493045,4.974459572965746,5.0
110.00000000000001,55.00000000000001,343.5732096856489,333.05273656188297,4.9763089161781835,5.0
110.00000000000001,60.00000000000001,343.5908116233845,333.05860387446154,4.978158259390655,5.0
110.00000000000001,65.0,343.60841356112013,333.06447118704006,4.98000760260311,5.0
110.00000000000001,70.0,343.62601549885574,333.0703384996186,4.981856945815564,5.0
110.00000000000001,75.0,343.64361743659134,333.0762058121971,4.983706289028019,5.0
110.00000000000001,80.0,343.66121937432695,333.08207312477566,4.985555632240492,5.0
110.00000000000001,85.00000000000001,343.6788213120625,333.0879404373542,4.987404975452946,5.0
110.00000000000001,90.0,343.6964232497981,333.0938077499327,4.989254318665401,5.0
110.00000000000001,95.0,343.7140251875337,333.09967506251127,4.991103661877872,5.0
110.00000000000001,100.0,343.7316271252693,333.1055423750898,4.992953005090327,5.0
110.00000000000001,105.0,343.7492290630049,333.1114096876683,4.994802348302781,5.0
110.00000000000001,110.00000000000001,343.7668310007405,333.1172770002468,4.996651691515236,5.0
110.00000000000001,115.00000000000001,343.78443293847613,333.1231443128254,4.998501034727708,5.0
110.00000000000001,120.00000000000001,343.8020348762117,333.1290116254039,5.000350377940163,5.0
110.00000000000001,125.0,343.8196368139473,333.1348789379824,5.002199721152617,5.0
110.00000000000001,130.0,343.8372387516829,333.140746250561,5.0040490643650894,5.0
110.00000000000001,135.0,343.8548406894185,333.1466135631395,5.005898407577544,5.0
110.00000000000001,140.0,343.8724426271541,333.152480875718,5.007747750789998,5.0
110.00000000000001,145.00000000000003,343.89004456488965,333.15834818829654,5.009597094002453,5.0
110.00000000000001,150.0,343.90764650262525,333.1642155008751,5.011446437214925,5.0
110.00000000000001,155.0,343.92524844036086,333.17008281345363,5.01329578042738,5.0
110.00000000000001,160.0,343.94285037809647,333.17595012603215,5.015145123639834,5.0
110.00000000000001,165.0,343.9604523158321,333.1818174386107,5.0169944668523065,5.0
110.00000000000001,170.00000000000003,343.9780542535677,333.18768475118924,5.018843810064761,5.0
110.00000000000001,175.0,343.9956561913033,333.19355206376775,5.020693153277215,5.0
110.00000000000001,180.0,344.01325812903883,333.19941937634627,5.02254249648967,5.0
110.00000000000001,185.0,344.03086006677444,333.20528668892484,5.024391839702142,5.0
110.00000000000001,190.0,344.04846200451004,333.21115400150336,5.026241182914597,5.0
110.00000000000001,195.00000000000003,344.06606394224565,333.2170213140819,5.028090526127051,5.0
110.00000000000001,200.0,344.08366587998125,333.22288862666045,5.029939869339524,5.0
110.00000000000001,205.00000000000003,344.10126781771686,333.22875593923897,5.031789212551978,5.0
110.00000000000001,210.0,344.1188697554524,333.2346232518175,5.0336385557644325,5.0
110.00000000000001,215.0,344.136471693188,333.240490564396,5.0354878989768865,5.0
110.00000000000001,220.00000000000003,344.1540736309236,333.24635787697457,5.037337242189359,5.0
110.00000000000001,225.0,344.1716755686592,333.2522251895531,5.039186585401814,5.0
110.00000000000001,230.00000000000003,344.18927750639483,333.2580925021316,5.041035928614268,5.0
110.00000000000001,235.0,344.20687944413044,333.2639598147102,5.042885271826741,5.0
110.00000000000001,240.00000000000003,344.224481381866,333.2698271272887,5.044734615039195,5.0
110.00000000000001,245.00000000000003,344.2420833196016,333.2756944398672,5.04658395825165,5.0
110.00000000000001,250.0,344.2596852573372,333.2815617524457,5.048433301464104,5.0
110.00000000000001,255.00000000000003,344.2772871950728,333.2874290650243,5.050282644676576,5.1
110.00000000000001,260.0,344.2948891328084,333.2932963776028,5.052131987889031,5.1
110.00000000000001,265.00000000000006,344.312491070544,333.29916369018133,5.053981331101485,5.1
110.00000000000001,270.0,344.33009300827956,333.3050310027599,5.055830674313958,5.1
110.00000000000001,275.0,344.34769494601517,333.3108983153384,5.057680017526412,5.1
110.00000000000001,280.0,344.3652968837508,333.31676562791694,5.059529360738867,5.1
110.00000000000001,285.0,344.3828988214864,333.32263294049545,5.061378703951321,5.1
110.00000000000001,290.00000000000006,344.400500759222,333.328500253074,5.063228047163793,5.1
110.00000000000001,295.0,344.4181026969576,333.33436756565254,5.065077390376247,5.1
110.00000000000001,300.0,344.43570463469314,333.34023487823106,5.066926733588702,5.1
115.00000000000001,0.0,344.0328341158663,333.2059447052888,5.024599242679243,5.0
115.00000000000001,5.0,344.0504360536019,333.2118120178673,5.026448585891698,5.0
115.00000000000001,10.0,344.06803799133746,333.21767933044583,5.028297929104152,5.0
115.00000000000001,15.000000000000002,344.08563992907307,333.22354664302435,5.030147272316607,5.0
115.00000000000001,20.0,344.1032418668087,333.2294139556029,5.03199661552908,5.0
115.00000000000001,25.0,344.1208438045443,333.23528126818144,5.033845958741534,5.0
115.00000000000001,30.000000000000004,344.1384457422799,333.24114858075995,5.0356953019539885,5.0
115.00000000000001,35.0,344.1560476800155,333.2470158933385,5.03754464516646,5.0
115.00000000000001,40.0,344.17364961775104,333.25288320591704,5.039393988378915,5.0
115.00000000000001,45.0,344.19125155548664,333.25875051849556,5.041243331591369,5.0
115.00000000000001,50.0,344.20885349322225,333.2646178310741,5.043092674803824,5.0
115.00000000000001,55.00000000000001,344.22645543095786,333.27048514365265,5.044942018016296,5.0
115.00000000000001,60.00000000000001,344.24405736869346,333.27635245623117,5.046791361228751,5.0
115.00000000000001,65.0,344.26165930642907,333.2822197688097,5.048640704441206,5.0
115.00000000000001,70.0,344.2792612441646,333.28808708138826,5.050490047653677,5.1
115.00000000000001,75.0,344.2968631819002,333.29395439396677,5.052339390866132,5.1
115.00000000000001,80.0,344.3144651196358,333.2998217065453,5.054188734078586,5.1
115.00000000000001,85.00000000000001,344.33206705737143,333.3056890191238,5.056038077291041,5.1
115.00000000000001,90.0,344.34966899510704,333.3115563317024,5.057887420503513,5.1
115.00000000000001,95.0,344.36727093284264,333.3174236442809,5.059736763715968,5.1
115.00000000000001,100.0,344.3848728705782,333.3232909568594,5.061586106928422,5.1
115.00000000000001,105.0,344.4024748083138,333.329158269438,5.0634354501408945,5.1
115.00000000000001,110.00000000000001,344.4200767460494,333.3350255820165,5.065284793353349,5.1
115.00000000000001,115.00000000000001,344.437678683785,333.340892894595,5.067134136565803,5.1
115.00000000000001,120.00000000000001,344.4552806215206,333.34676020717353,5.068983479778258,5.1
115.00000000000001,125.0,344.4728825592562,333.3526275197521,5.07083282299073,5.1
115.00000000000001,130.0,344.49048449699177,333.35849483233056,5.072682166203167,5.1
115.00000000000001,135.0,344.5080864347274,333.36436214490914,5.074531509415639,5.1
115.00000000000001,140.0,344.525688372463,333.3702294574877,5.076380852628112,5.1
115.00000000000001,145.00000000000003,344.5432903101986,333.3760967700662,5.0782301958405665,5.1
115.00000000000001,150.0,344.5608922479342,333.38196408264474,5.0800795390530205,5.1
115.00000000000001,155.0,344.5784941856698,333.38783139522326,5.081928882265475,5.1
115.00000000000001,160.0,344.59609612340535,333.3936987078018,5.083778225477929,5.1
115.00000000000001,165.0,344.61369806114095,333.3995660203803,5.085627568690384,5.1
115.00000000000001,170.00000000000003,344.63129999887656,333.40543333295886,5.087476911902856,5.1
115.00000000000001,175.0,344.64890193661216,333.41130064553744,5.089326255115329,5.1
115.00000000000001,180.0,344.66650387434777,333.41716795811595,5.091175598327783,5.1
115.00000000000001,185.0,344.6841058120834,333.42303527069447,5.0930249415402375,5.1
115.00000000000001,190.0,344.7017077498189,333.428902583273,5.0948742847526916,5.1
115.00000000000001,195.00000000000003,344.7193096875545,333.4347698958515,5.096723627965146,5.1
115.00000000000001,200.0,344.73691162529013,333.44063720843,5.0985729711776,5.1
115.00000000000001,205.00000000000003,344.75451356302574,333.4465045210086,5.100422314390073,5.1
115.00000000000001,210.0,344.77211550076134,333.45237183358716,5.102271657602546,5.1
115.00000000000001,215.0,344.78971743849695,333.4582391461657,5.104121000815,5.1
115.00000000000001,220.00000000000003,344.8073193762325,333.4641064587442,5.105970344027455,5.1
115.00000000000001,225.0,344.8249213139681,333.4699737713227,5.107819687239909,5.1
115.00000000000001,230.00000000000003,344.8425232517037,333.47584108390123,5.1096690304523635,5.1
115.00000000000001,235.0,344.8601251894393,333.48170839647975,5.1115183736648175,5.1
115.00000000000001,240.00000000000003,344.8777271271749,333.4875757090583,5.11336771687729,5.1
115.00000000000001,245.00000000000003,344.8953290649105,333.4934430216369,5.115217060089763,5.1
115.00000000000001,250.0,344.9129310026461,333.49931033421535,5.117066403302199,5.1
115.00000000000001,255.00000000000003,344.9305329403817,333.5051776467939,5.118915746514672,5.1
115.00000000000001,260.0,344.9481348781173,333.51104495937244,5.120765089727126,5.1
115.00000000000001,265.00000000000006,344.9657368158529,333.51691227195096,5.122614432939581,5.1
115.00000000000001,270.0,344.9833387535885,333.5227795845295,5.124463776152035,5.1
115.00000000000001,275.0,345.0009406913241,333.52864689710805,5.126313119364507,5.1
115.00000000000001,280.0,345.01854262905965,333.53451420968656,5.128162462576961,5.1
115.00000000000001,285.0,345.03614456679526,333.5403815222651,5.130011805789416,5.1
115.00000000000001,290.00000000000006,345.05374650453086,333.54624883484365,5.131861149001889,5.1
115.00000000000001,295.0,345.07134844226647,333.55211614742217,5.133710492214343,5.1
115.00000000000001,300.0,345.0889503800021,333.5579834600007,5.135559835426798,5.1
120.00000000000001,0.0,344.6860798611752,333.42369328705837,5.093232344517321,5.1
120.00000000000001,5.0,344.7036817989108,333.42956059963694,5.0950816877297935,5.1
120.00000000000001,10.0,344.7212837366464,333.4354279122155,5.096931030942265,5.1
120.00000000000001,15.000000000000002,344.738885674382,333.44129522479403,5.09878037415472,5.1
120.00000000000001,20.0,344.75648761211755,333.44716253737255,5.100629717367174,5.1
120.00000000000001,25.0,344.77408954985316,333.45302984995106,5.102479060579629,5.1
120.00000000000001,30.000000000000004,344.79169148758876,333.4588971625296,5.104328403792083,5.1
120.00000000000001,35.0,344.80929342532437,333.4647644751081,5.106177747004538,5.1
120.00000000000001,40.0,344.82689536306,333.47063178768667,5.10802709021701,5.1
120.00000000000001,45.0,344.8444973007956,333.47649910026524,5.109876433429482,5.1
120.00000000000001,50.0,344.8620992385312,333.48236641284376,5.111725776641937,5.1
120.00000000000001,55.00000000000001,344.87970117626674,333.4882337254223,5.113575119854391,5.1
120.00000000000001,60.00000000000001,344.89730311400234,333.4941010380008,5.115424463066846,5.1
120.00000000000001,65.0,344.91490505173795,333.4999683505793,5.1172738062793,5.1
120.00000000000001,70.0,344.93250698947355,333.5058356631578,5.119123149491755,5.1
120.00000000000001,75.0,344.95010892720916,333.5117029757364,5.120972492704227,5.1
120.00000000000001,80.0,344.9677108649447,333.5175702883149,5.122821835916682,5.1
120.00000000000001,85.00000000000001,344.9853128026803,333.52343760089343,5.124671179129136,5.1
120.00000000000001,90.0,345.0029147404159,333.529304913472,5.126520522341608,5.1
120.00000000000001,95.0,345.0205166781515,333.5351722260505,5.128369865554063,5.1
120.00000000000001,100.0,345.03811861588713,333.54103953862904,5.130219208766517,5.1
120.00000000000001,105.0,345.05572055362273,333.54690685120755,5.132068551978972,5.1
120.00000000000001,110.00000000000001,345.07332249135834,333.5527741637861,5.133917895191444,5.1
120.00000000000001,115.00000000000001,345.0909244290939,333.55864147636464,5.135767238403899,5.1
120.00000000000001,120.00000000000001,345.1085263668295,333.56450878894316,5.137616581616353,5.1
120.00000000000001,125.0,345.1261283045651,333.57037610152173,5.1394659248288255,5.1
120.00000000000001,130.0,345.1437302423007,333.57624341410025,5.1413152680412795,5.1
120.00000000000001,135.0,345.1613321800363,333.58211072667876,5.143164611253734,5.1
120.00000000000001,140.0,345.17893411777186,333.5879780392573,5.145013954466189,5.1
120.00000000000001,145.00000000000003,345.19653605550747,333.59384535183585,5.146863297678661,5.1
120.00000000000001,150.0,345.21413799324307,333.59971266441437,5.148712640891116,5.1
120.00000000000001,155.0,345.2317399309787,333.6055799769929,5.15056198410357,5.2
120.00000000000001,160.0,345.2493418687143,333.61144728957146,5.152411327316043,5.2
120.00000000000001,165.0,345.2669438064499,333.61731460215,5.154260670528497,5.2
120.00000000000001,170.00000000000003,345.2845457441855,333.6231819147285,5.1561100137409515,5.2
120.00000000000001,175.0,345.30214768192104,333.629049227307,5.1579593569534055,5.2
120.00000000000001,180.0,345.31974961965665,333.6349165398856,5.159808700165878,5.2
120.00000000000001,185.0,345.33735155739225,333.6407838524641,5.161658043378333,5.2
120.00000000000001,190.0,345.35495349512786,333.6466511650426,5.163507386590787,5.2
120.00000000000001,195.00000000000003,345.37255543286346,333.6525184776212,5.16535672980326,5.2
120.00000000000001,200.0,345.39015737059907,333.6583857901997,5.167206073015714,5.2
120.00000000000001,205.00000000000003,345.4077593083346,333.6642531027782,5.1690554162281686,5.2
120.00000000000001,210.0,345.4253612460702,333.67012041535673,5.1709047594406226,5.2
120.00000000000001,215.0,345.44296318380583,333.6759877279353,5.172754102653095,5.2
120.00000000000001,220.00000000000003,345.46056512154144,333.6818550405138,5.17460344586555,5.2
120.00000000000001,225.0,345.47816705927704,333.68772235309234,5.176452789078004,5.2
120.00000000000001,230.00000000000003,345.49576899701265,333.6935896656709,5.178302132290477,5.2
120.00000000000001,235.0,345.5133709347482,333.69945697824943,5.180151475502931,5.2
120.00000000000001,240.00000000000003,345.5309728724838,333.70532429082795,5.182000818715386,5.2
120.00000000000001,245.00000000000003,345.5485748102194,333.71119160340646,5.18385016192784,5.2
120.00000000000001,250.0,345.566176747955,333.71705891598504,5.185699505140312,5.2
120.00000000000001,255.00000000000003,345.5837786856906,333.72292622856355,5.187548848352766,5.2
120.00000000000001,260.0,345.6013806234262,333.72879354114207,5.189398191565221,5.2
120.00000000000001,265.00000000000006,345.6189825611618,333.73466085372064,5.191247534777694,5.2
120.00000000000001,270.0,345.6365844988974,333.74052816629916,5.193096877990148,5.2
120.00000000000001,275.0,345.654186436633,333.7463954788777,5.194946221202603,5.2
120.00000000000001,280.0,345.6717883743686,333.7522627914562,5.196795564415057,5.2
120.00000000000001,285.0,345.6893903121042,333.75813010403476,5.198644907627529,5.2
120.00000000000001,290.00000000000006,345.7069922498398,333.7639974166133,5.200494250839983,5.2
120.00000000000001,295.0,345.72459418757535,333.7698647291918,5.202343594052438,5.2
120.00000000000001,300.0,345.74219612531095,333.77573204177037,5.204192937264911,5.2
125.0,0.0,345.33932560648407,333.64144186882805,5.161865446355434,5.2
125.0,5.0,345.3569275442197,333.64730918140657,5.163714789567888,5.2
125.0,10.0,345.3745294819553,333.6531764939851,5.165564132780343,5.2
125.0,15.000000000000002,345.3921314196909,333.65904380656366,5.167413475992815,5.2
125.0,20.0,345.4097333574265,333.6649111191422,5.16926281920527,5.2
125.0,25.0,345.4273352951621,333.6707784317207,5.171112162417724,5.2
125.0,30.000000000000004,345.4449372328977,333.67664574429926,5.172961505630196,5.2
125.0,35.0,345.46253917063325,333.6825130568778,5.174810848842651,5.2
125.0,40.0,345.48014110836885,333.6883803694563,5.176660192055105,5.2
125.0,45.0,345.49774304610446,333.6942476820348,5.17850953526756,5.2
125.0,50.0,345.51534498384007,333.7001149946134,5.180358878480032,5.2
125.0,55.00000000000001,345.5329469215757,333.7059823071919,5.182208221692487,5.2
125.0,60.00000000000001,345.5505488593112,333.7118496197704,5.184057564904941,5.2
125.0,65.0,345.5681507970468,333.717716932349,5.185906908117413,5.2
125.0,70.0,345.58575273478243,333.7235842449275,5.187756251329868,5.2
125.0,75.0,345.60335467251804,333.729451557506,5.189605594542322,5.2
125.0,80.0,345.62095661025364,333.73531887008454,5.191454937754777,5.2
125.0,85.00000000000001,345.63855854798925,333.7411861826631,5.193304280967249,5.2
125.0,90.0,345.65616048572485,333.74705349524163,5.195153624179704,5.2
125.0,95.0,345.6737624234604,333.75292080782015,5.197002967392158,5.2
125.0,100.0,345.691364361196,333.7587881203987,5.1988523106046305,5.2
125.0,105.0,345.7089662989316,333.76465543297724,5.2007016538170845,5.2
125.0,110.00000000000001,345.7265682366672,333.77052274555575,5.202550997029539,5.2
125.0,115.00000000000001,345.7441701744028,333.77639005813427,5.204400340241993,5.2
125.0,120.00000000000001,345.76177211213843,333.78225737071284,5.206249683454466,5.2
125.0,125.0,345.779374049874,333.7881246832913,5.208099026666903,5.2
125.0,130.0,345.7969759876096,333.7939919958699,5.209948369879375,5.2
125.0,135.0,345.8145779253452,333.79985930844845,5.211797713091848,5.2
125.0,140.0,345.8321798630808,333.80572662102696,5.213647056304302,5.2
125.0,145.00000000000003,345.8497818008164,333.8115939336055,5.2154963995167565,5.2
125.0,150.0,345.867383738552,333.817461246184,5.2173457427292105,5.2
125.0,155.0,345.88498567628756,333.8233285587625,5.219195085941665,5.2
125.0,160.0,345.90258761402316,333.829195871341,5.221044429154119,5.2
125.0,165.0,345.92018955175877,333.8350631839196,5.222893772366592,5.2
125.0,170.00000000000003,345.9377914894944,333.8409304964982,5.224743115579065,5.2
125.0,175.0,345.95539342723,333.8467978090767,5.226592458791519,5.2
125.0,180.0,345.9729953649656,333.8526651216552,5.228441802003974,5.2
125.0,185.0,345.99059730270113,333.8585324342337,5.230291145216428,5.2
125.0,190.0,346.00819924043674,333.86439974681224,5.2321404884288825,5.2
125.0,195.00000000000003,346.02580117817234,333.87026705939076,5.2339898316413365,5.2
125.0,200.0,346.04340311590795,333.87613437196933,5.235839174853809,5.2
125.0,205.00000000000003,346.06100505364356,333.8820016845479,5.237688518066282,5.2
125.0,210.0,346.07860699137916,333.8878689971264,5.239537861278736,5.2
125.0,215.0,346.0962089291147,333.89373630970493,5.241387204491191,5.2
125.0,220.00000000000003,346.1138108668503,333.89960362228345,5.243236547703645,5.2
125.0,225.0,346.1314128045859,333.90547093486197,5.2450858909161,5.2
125.0,230.00000000000003,346.1490147423215,333.9113382474405,5.246935234128554,5.2
125.0,235.0,346.16661668005713,333.91720556001906,5.248784577341026,5.2
125.0,240.00000000000003,346.18421861779274,333.92307287259763,5.250633920553499,5.3
125.0,245.00000000000003,346.2018205555283,333.9289401851761,5.252483263765935,5.3
125.0,250.0,346.2194224932639,333.93480749775466,5.254332606978408,5.3
125.0,255.00000000000003,346.2370244309995,333.9406748103332,5.256181950190862,5.3
125.0,260.0,346.2546263687351,333.9465421229117,5.258031293403317,5.3
125.0,265.00000000000006,346.2722283064707,333.9524094354902,5.259880636615771,5.3
125.0,270.0,346.2898302442063,333.9582767480688,5.261729979828243,5.3
125.0,275.0,346.30743218194186,333.9641440606473,5.263579323040697,5.3
125.0,280.0,346.32503411967747,333.9700113732258,5.265428666253152,5.3
125.0,285.0,346.3426360574131,333.9758786858044,5.267278009465625,5.3
125.0,290.00000000000006,346.3602379951487,333.9817459983829,5.269127352678079,5.3
125.0,295.0,346.3778399328843,333.9876133109614,5.270976695890534,5.3
125.0,300.0,346.3954418706199,333.99348062353994,5.272826039102988,5.3
130.0,0.0,345.992571351793,333.8591904505977,5.230498548193529,5.2
130.0,5.0,346.0101732895286,333.86505776317625,5.232347891406001,5.2
130.0,10.0,346.0277752272642,333.87092507575477,5.234197234618456,5.2
130.0,15.000000000000002,346.04537716499976,333.8767923883333,5.23604657783091,5.2
130.0,20.0,346.06297910273537,333.8826597009118,5.237895921043365,5.2
130.0,25.0,346.080581040471,333.8885270134903,5.239745264255819,5.2
130.0,30.000000000000004,346.0981829782066,333.89439432606883,5.241594607468274,5.2
130.0,35.0,346.1157849159422,333.9002616386474,5.243443950680746,5.2
130.0,40.0,346.1333868536778,333.906128951226,5.245293293893218,5.2
130.0,45.0,346.1509887914134,333.9119962638045,5.247142637105673,5.2
130.0,50.0,346.16859072914895,333.917863576383,5.248991980318127,5.2
130.0,55.00000000000001,346.18619266688455,333.92373088896153,5.250841323530582,5.3
130.0,60.00000000000001,346.20379460462016,333.92959820154005,5.252690666743036,5.3
130.0,65.0,346.22139654235576,333.93546551411856,5.254540009955491,5.3
130.0,70.0,346.23899848009137,333.94133282669713,5.256389353167963,5.3
130.0,75.0,346.2566004178269,333.94720013927565,5.258238696380418,5.3
130.0,80.0,346.2742023555625,333.95306745185417,5.260088039592872,5.3
130.0,85.00000000000001,346.2918042932981,333.95893476443274,5.261937382805344,5.3
130.0,90.0,346.30940623103373,333.96480207701126,5.263786726017798,5.3
130.0,95.0,346.32700816876934,333.9706693895898,5.265636069230253,5.3
130.0,100.0,346.34461010650494,333.9765367021683,5.267485412442707,5.3
130.0,105.0,346.36221204424055,333.98240401474686,5.26933475565518,5.3
130.0,110.00000000000001,346.3798139819761,333.9882713273254,5.271184098867635,5.3
130.0,115.00000000000001,346.3974159197117,333.9941386399039,5.273033442080089,5.3
130.0,120.00000000000001,346.4150178574473,334.00000595248247,5.2748827852925615,5.3
130.0,125.0,346.4326197951829,334.005873265061,5.2767321285050155,5.3
130.0,130.0,346.4502217329185,334.0117405776395,5.27858147171747,5.3
130.0,135.0,346.46782367065407,334.017607890218,5.280430814929924,5.3
130.0,140.0,346.4854256083897,334.0234752027966,5.282280158142397,5.3
130.0,145.00000000000003,346.5030275461253,334.0293425153751,5.284129501354852,5.3
130.0,150.0,346.5206294838609,334.0352098279536,5.285978844567306,5.3
130.0,155.0,346.5382314215965,334.0410771405322,5.287828187779779,5.3
130.0,160.0,346.5558333593321,334.0469444531107,5.289677530992233,5.3
130.0,165.0,346.5734352970677,334.0528117656892,5.2915268742046875,5.3
130.0,170.00000000000003,346.59103723480325,334.05867907826774,5.2933762174171415,5.3
130.0,175.0,346.60863917253886,334.0645463908463,5.295225560629614,5.3
130.0,180.0,346.62624111027446,334.07041370342483,5.297074903842068,5.3
130.0,185.0,346.64384304801007,334.07628101600335,5.298924247054523,5.3
130.0,190.0,346.6614449857457,334.0821483285819,5.300773590266996,5.3
130.0,195.00000000000003,346.6790469234812,334.08801564116044,5.30262293347945,5.3
130.0,200.0,346.69664886121683,334.09388295373896,5.304472276691905,5.3
130.0,205.00000000000003,346.71425079895243,334.09975026631747,5.306321619904359,5.3
130.0,210.0,346.73185273668804,334.10561757889604,5.308170963116831,5.3
130.0,215.0,346.74945467442365,334.11148489147456,5.310020306329285,5.3
130.0,220.00000000000003,346.76705661215925,334.1173522040531,5.31186964954174,5.3
130.0,225.0,346.78465854989486,334.12321951663165,5.313718992754213,5.3
130.0,230.00000000000003,346.8022604876304,334.12908682921017,5.315568335966667,5.3
130.0,235.0,346.819862425366,334.1349541417887,5.317417679179122,5.3
130.0,240.00000000000003,346.8374643631016,334.1408214543672,5.319267022391576,5.3
130.0,245.00000000000003,346.8550663008372,334.1466887669458,5.321116365604048,5.3
130.0,250.0,346.8726682385728,334.1525560795243,5.322965708816502,5.3
130.0,255.00000000000003,346.89027017630843,334.1584233921028,5.324815052028957,5.3
130.0,260.0,346.907872114044,334.1642907046814,5.326664395241429,5.3
130.0,265.00000000000006,346.9254740517796,334.1701580172599,5.328513738453884,5.3
130.0,270.0,346.9430759895152,334.1760253298384,5.330363081666338,5.3
130.0,275.0,346.9606779272508,334.1818926424169,5.332212424878793,5.3
130.0,280.0,346.9782798649864,334.1877599549955,5.334061768091265,5.3
130.0,285.0,346.995881802722,334.193627267574,5.335911111303719,5.3
130.0,290.00000000000006,347.01348374045756,334.19949458015253,5.337760454516174,5.3
130.0,295.0,347.03108567819316,334.2053618927311,5.339609797728646,5.3
130.0,300.0,347.04868761592877,334.2112292053096,5.341459140941101,5.3
135.0,0.0,346.6458170971019,334.0769390323673,5.299131650031624,5.3
135.0,5.0,346.6634190348375,334.0828063449458,5.300980993244079,5.3
135.0,10.0,346.6810209725731,334.0886736575244,5.302830336456551,5.3
135.0,15.000000000000002,346.6986229103087,334.0945409701029,5.304679679669006,5.3
135.0,20.0,346.7162248480443,334.1004082826814,5.30652902288146,5.3
135.0,25.0,346.7338267857799,334.10627559526,5.308378366093932,5.3
135.0,30.000000000000004,346.75142872351546,334.1121429078385,5.310227709306387,5.3
135.0,35.0,346.76903066125107,334.11801022041703,5.312077052518841,5.3
135.0,40.0,346.78663259898667,334.12387753299555,5.313926395731296,5.3
135.0,45.0,346.8042345367223,334.1297448455741,5.315775738943768,5.3
135.0,50.0,346.8218364744579,334.13561215815264,5.317625082156223,5.3
135.0,55.00000000000001,346.8394384121935,334.14147947073116,5.319474425368677,5.3
135.0,60.00000000000001,346.85704034992904,334.14734678330973,5.321323768581149,5.3
135.0,65.0,346.87464228766464,334.15321409588825,5.323173111793603,5.3
135.0,70.0,346.89224422540025,334.15908140846676,5.325022455006058,5.3
135.0,75.0,346.90984616313585,334.1649487210453,5.326871798218512,5.3
135.0,80.0,346.92744810087146,334.17081603362385,5.328721141430985,5.3
135.0,85.00000000000001,346.94505003860706,334.17668334620237,5.33057048464344,5.3
135.0,90.0,346.9626519763426,334.1825506587809,5.332419827855894,5.3
135.0,95.0,346.9802539140782,334.18841797135946,5.3342691710683665,5.3
135.0,100.0,346.9978558518138,334.194285283938,5.3361185142808205,5.3
135.0,105.0,347.01545778954943,334.2001525965165,5.337967857493275,5.3
135.0,110.00000000000001,347.03305972728504,334.206019909095,5.339817200705729,5.3
135.0,115.00000000000001,347.05066166502064,334.2118872216736,5.341666543918202,5.3
135.0,120.00000000000001,347.0682636027562,334.21775453425204,5.343515887130638,5.3
135.0,125.0,347.0858655404918,334.2236218468306,5.345365230343111,5.3
135.0,130.0,347.1034674782274,334.2294891594092,5.347214573555584,5.3
135.0,135.0,347.121069415963,334.2353564719877,5.349063916768038,5.3
135.0,140.0,347.1386713536986,334.2412237845662,5.3509132599804925,5.4
135.0,145.00000000000003,347.1562732914342,334.24709109714473,5.3527626031929465,5.4
135.0,150.0,347.17387522916977,334.25295840972325,5.354611946405401,5.4
135.0,155.0,347.1914771669054,334.25882572230176,5.356461289617855,5.4
135.0,160.0,347.209079104641,334.26469303488034,5.358310632830328,5.4
135.0,165.0,347.2266810423766,334.2705603474589,5.360159976042801,5.4
135.0,170.00000000000003,347.2442829801122,334.2764276600374,5.362009319255255,5.4
135.0,175.0,347.2618849178478,334.28229497261594,5.36385866246771,5.4
135.0,180.0,347.27948685558334,334.28816228519446,5.365708005680164,5.4
135.0,185.0,347.29708879331895,334.294029597773,5.3675573488926185,5.4
135.0,190.0,347.31469073105455,334.2998969103515,5.3694066921050725,5.4
135.0,195.00000000000003,347.33229266879016,334.30576422293007,5.371256035317545,5.4
135.0,200.0,347.34989460652577,334.31163153550864,5.373105378530018,5.4
135.0,205.00000000000003,347.36749654426137,334.31749884808715,5.374954721742472,5.4
135.0,210.0,347.3850984819969,334.32336616066567,5.376804064954927,5.4
135.0,215.0,347.4027004197325,334.3292334732442,5.378653408167381,5.4
135.0,220.00000000000003,347.42030235746813,334.3351007858227,5.380502751379836,5.4
135.0,225.0,347.43790429520374,334.3409680984012,5.38235209459229,5.4
135.0,230.00000000000003,347.45550623293934,334.3468354109798,5.384201437804762,5.4
135.0,235.0,347.47310817067495,334.35270272355837,5.386050781017234,5.4
135.0,240.00000000000003,347.49071010841055,334.3585700361369,5.387900124229689,5.4
135.0,245.00000000000003,347.5083120461461,334.3644373487154,5.389749467442143,5.4
135.0,250.0,347.5259139838817,334.3703046612939,5.391598810654598,5.4
135.0,255.00000000000003,347.5435159216173,334.37617197387243,5.393448153867052,5.4
135.0,260.0,347.5611178593529,334.38203928645095,5.395297497079507,5.4
135.0,265.00000000000006,347.5787197970885,334.3879065990295,5.397146840291979,5.4
135.0,270.0,347.5963217348241,334.39377391160804,5.398996183504433,5.4
135.0,275.0,347.6139236725597,334.39964122418655,5.400845526716888,5.4
135.0,280.0,347.6315256102953,334.4055085367651,5.40269486992936,5.4
135.0,285.0,347.6491275480309,334.41137584934364,5.404544213141815,5.4
135.0,290.00000000000006,347.6667294857665,334.41724316192216,5.406393556354269,5.4
135.0,295.0,347.6843314235021,334.4231104745007,5.408242899566724,5.4
135.0,300.0,347.7019333612377,334.42897778707925,5.410092242779196,5.4
140.0,0.0,347.2990628424108,334.294687614137,5.367764751869737,5.4
140.0,5.0,347.3166647801464,334.3005549267155,5.369614095082191,5.4
140.0,10.0,347.334266717882,334.306422239294,5.371463438294646,5.4
140.0,15.000000000000002,347.3518686556176,334.31228955187254,5.373312781507101,5.4
140.0,20.0,347.3694705933532,334.31815686445105,5.375162124719555,5.4
140.0,25.0,347.3870725310888,334.32402417702957,5.37701146793201,5.4
140.0,30.000000000000004,347.4046744688244,334.32989148960814,5.378860811144482,5.4
140.0,35.0,347.42227640656,334.3357588021867,5.380710154356954,5.4
140.0,40.0,347.4398783442956,334.34162611476523,5.382559497569408,5.4
140.0,45.0,347.45748028203116,334.34749342734375,5.384408840781863,5.4
140.0,50.0,347.47508221976676,334.35336073992227,5.386258183994317,5.4
140.0,55.00000000000001,347.49268415750237,334.3592280525008,5.388107527206772,5.4
140.0,60.00000000000001,347.510286095238,334.3650953650793,5.389956870419226,5.4
140.0,65.0,347.5278880329736,334.3709626776579,5.391806213631699,5.4
140.0,70.0,347.5454899707092,334.37682999023644,5.3936555568441715,5.4
140.0,75.0,347.56309190844473,334.3826973028149,5.395504900056608,5.4
140.0,80.0,347.58069384618034,334.3885646153935,5.39735424326908,5.4
140.0,85.00000000000001,347.59829578391594,334.394431927972,5.399203586481534,5.4
140.0,90.0,347.61589772165155,334.4002992405505,5.401052929693989,5.4
140.0,95.0,347.63349965938716,334.406166553129,5.402902272906443,5.4
140.0,100.0,347.65110159712276,334.4120338657076,5.404751616118916,5.4
140.0,105.0,347.6687035348583,334.4179011782861,5.406600959331371,5.4
140.0,110.00000000000001,347.6863054725939,334.42376849086463,5.408450302543825,5.4
140.0,115.00000000000001,347.7039074103295,334.4296358034432,5.4102996457562975,5.4
140.0,120.00000000000001,347.7215093480651,334.4355031160217,5.4121489889687515,5.4
140.0,125.0,347.73911128580073,334.44137042860024,5.413998332181206,5.4
140.0,130.0,347.75671322353634,334.44723774117875,5.41584767539366,5.4
140.0,135.0,347.7743151612719,334.4531050537573,5.417697018606133,5.4
140.0,140.0,347.7919170990075,334.45897236633584,5.419546361818587,5.4
140.0,145.00000000000003,347.8095190367431,334.46483967891436,5.421395705031042,5.4
140.0,150.0,347.8271209744787,334.47070699149293,5.423245048243515,5.4
140.0,155.0,347.8447229122143,334.47657430407145,5.425094391455969,5.4
140.0,160.0,347.8623248499499,334.48244161664996,5.4269437346684235,5.4
140.0,165.0,347.87992678768546,334.4883089292285,5.4287930778808775,5.4
140.0,170.00000000000003,347.89752872542107,334.49417624180705,5.43064242109335,5.4
140.0,175.0,347.9151306631567,334.50004355438557,5.432491764305804,5.4
140.0,180.0,347.9327326008923,334.5059108669641,5.434341107518259,5.4
140.0,185.0,347.9503345386279,334.51177817954266,5.436190450730732,5.4
140.0,190.0,347.9679364763635,334.5176454921212,5.438039793943186,5.4
140.0,195.00000000000003,347.98553841409904,334.5235128046997,5.439889137155641,5.4
140.0,200.0,348.00314035183465,334.5293801172782,5.441738480368095,5.4
140.0,205.00000000000003,348.02074228957025,334.5352474298568,5.443587823580567,5.4
140.0,210.0,348.03834422730586,334.5411147424353,5.445437166793021,5.4
140.0,215.0,348.05594616504146,334.5469820550138,5.447286510005476,5.4
140.0,220.00000000000003,348.07354810277707,334.5528493675924,5.449135853217948,5.4
140.0,225.0,348.0911500405126,334.5587166801709,5.450985196430403,5.5
140.0,230.00000000000003,348.1087519782482,334.5645839927494,5.452834539642857,5.5
140.0,235.0,348.1263539159838,334.57045130532794,5.454683882855312,5.5
140.0,240.00000000000003,348.14395585371943,334.5763186179065,5.456533226067784,5.5
140.0,245.00000000000003,348.16155779145504,334.582185930485,5.458382569280238,5.5
140.0,250.0,348.17915972919064,334.58805324306354,5.460231912492693,5.5
140.0,255.00000000000003,348.1967616669262,334.5939205556421,5.462081255705165,5.5
140.0,260.0,348.2143636046618,334.59978786822063,5.46393059891762,5.5
140.0,265.00000000000006,348.2319655423974,334.60565518079915,5.465779942130074,5.5
140.0,270.0,348.249567480133,334.61152249337766,5.467629285342529,5.5
140.0,275.0,348.2671694178686,334.61738980595624,5.469478628555001,5.5
140.0,280.0,348.2847713556042,334.62325711853475,5.4713279717674554,5.5
140.0,285.0,348.30237329333977,334.62912443111327,5.47317731497991,5.5
140.0,290.00000000000006,348.3199752310754,334.63499174369184,5.475026658192382,5.5
140.0,295.0,348.337577168811,334.64085905627036,5.476876001404837,5.5
140.0,300.0,348.3551791065466,334.6467263688489,5.478725344617291,5.5
145.00000000000003,0.0,347.9523085877197,334.51243619590656,5.436397853707814,5.4
145.00000000000003,5.0,347.9699105254553,334.51830350848513,5.438247196920287,5.4
145.00000000000003,10.0,347.9875124631909,334.52417082106365,5.440096540132742,5.4
145.00000000000003,15.000000000000002,348.0051144009265,334.53003813364217,5.441945883345196,5.4
145.00000000000003,20.0,348.0227163386621,334.53590544622074,5.443795226557668,5.4
145.00000000000003,25.0,348.04031827639767,334.54177275879925,5.445644569770122,5.4
145.00000000000003,30.000000000000004,348.0579202141333,334.54764007137777,5.447493912982577,5.4
145.00000000000003,35.0,348.0755221518689,334.5535073839563,5.449343256195031,5.4
145.00000000000003,40.0,348.0931240896045,334.55937469653486,5.451192599407504,5.5
145.00000000000003,45.0,348.1107260273401,334.5652420091134,5.453041942619959,5.5
145.00000000000003,50.0,348.1283279650757,334.5711093216919,5.454891285832413,5.5
145.00000000000003,55.00000000000001,348.14592990281125,334.57697663427047,5.456740629044885,5.5
145.00000000000003,60.00000000000001,348.16353184054685,334.582843946849,5.458589972257339,5.5
145.00000000000003,65.0,348.18113377828246,334.5887112594275,5.460439315469794,5.5
145.00000000000003,70.0,348.19873571601806,334.594578572006,5.462288658682248,5.5
145.00000000000003,75.0,348.21633765375367,334.6004458845846,5.464138001894721,5.5
145.00000000000003,80.0,348.2339395914893,334.6063131971631,5.465987345107176,5.5
145.00000000000003,85.00000000000001,348.2515415292248,334.6121805097416,5.46783668831963,5.5
145.00000000000003,90.0,348.26914346696043,334.6180478223202,5.4696860315321025,5.5
145.00000000000003,95.0,348.28674540469603,334.6239151348987,5.4715353747445565,5.5
145.00000000000003,100.0,348.30434734243164,334.6297824474772,5.473384717957011,5.5
145.00000000000003,105.0,348.32194928016725,334.63564976005574,5.475234061169465,5.5
145.00000000000003,110.00000000000001,348.33955121790285,334.6415170726343,5.477083404381938,5.5
145.00000000000003,115.00000000000001,348.35715315563846,334.64738438521283,5.478932747594392,5.5
145.00000000000003,120.00000000000001,348.374755093374,334.65325169779135,5.480782090806847,5.5
145.00000000000003,125.0,348.3923570311096,334.6591190103699,5.48263143401932,5.5
145.00000000000003,130.0,348.4099589688452,334.66498632294844,5.484480777231774,5.5
145.00000000000003,135.0,348.4275609065808,334.67085363552695,5.4863301204442285,5.5
145.00000000000003,140.0,348.4451628443164,334.67672094810547,5.4881794636566825,5.5
145.00000000000003,145.00000000000003,348.462764782052,334.682588260684,5.490028806869137,5.5
145.00000000000003,150.0,348.4803667197876,334.6884555732625,5.491878150081591,5.5
145.00000000000003,155.0,348.4979686575232,334.6943228858411,5.493727493294064,5.5
145.00000000000003,160.0,348.5155705952588,334.70019019841965,5.495576836506537,5.5
145.00000000000003,165.0,348.5331725329944,334.70605751099816,5.497426179718991,5.5
145.00000000000003,170.00000000000003,348.55077447073,334.7119248235767,5.499275522931446,5.5
145.00000000000003,175.0,348.5683764084656,334.7177921361552,5.5011248661439,5.5
145.00000000000003,180.0,348.58597834620116,334.7236594487337,5.5029742093563545,5.5
145.00000000000003,185.0,348.60358028393676,334.72952676131223,5.5048235525688085,5.5
145.00000000000003,190.0,348.62118222167237,334.7353940738908,5.506672895781281,5.5
145.00000000000003,195.00000000000003,348.638784159408,334.7412613864694,5.508522238993753,5.5
145.00000000000003,200.0,348.6563860971436,334.7471286990479,5.510371582206208,5.5
145.00000000000003,205.00000000000003,348.67398803487913,334.7529960116264,5.512220925418662,5.5
145.00000000000003,210.0,348.69158997261474,334.7588633242049,5.514070268631117,5.5
145.00000000000003,215.0,348.70919191035034,334.76473063678344,5.515919611843571,5.5
145.00000000000003,220.00000000000003,348.72679384808595,334.77059794936196,5.517768955056026,5.5
145.00000000000003,225.0,348.74439578582155,334.77646526194053,5.519618298268498,5.5
145.00000000000003,230.00000000000003,348.76199772355716,334.7823325745191,5.52146764148097,5.5
145.00000000000003,235.0,348.77959966129276,334.7881998870976,5.523316984693425,5.5
145.00000000000003,240.00000000000003,348.7972015990283,334.79406719967614,5.525166327905879,5.5
145.00000000000003,245.00000000000003,348.8148035367639,334.79993451225465,5.527015671118334,5.5
145.00000000000003,250.0,348.8324054744995,334.80580182483317,5.528865014330788,5.5
145.00000000000003,255.00000000000003,348.85000741223513,334.8116691374117,5.530714357543243,5.5
145.00000000000003,260.0,348.86760934997073,334.81753644999026,5.532563700755715,5.5
145.00000000000003,265.00000000000006,348.88521128770634,334.82340376256883,5.534413043968187,5.5
145.00000000000003,270.0,348.9028132254419,334.8292710751473,5.536262387180624,5.5
145.00000000000003,275.0,348.9204151631775,334.83513838772586,5.538111730393096,5.5
145.00000000000003,280.0,348.9380171009131,334.8410057003044,5.539961073605551,5.5
145.00000000000003,285.0,348.9556190386487,334.8468730128829,5.541810416818005,5.5
145.00000000000003,290.00000000000006,348.9732209763843,334.8527403254614,5.54365976003046,5.5
145.00000000000003,295.0,348.9908229141199,334.85860763804,5.545509103242932,5.5
145.00000000000003,300.0,349.00842485185547,334.8644749506185,5.5473584464553864,5.5
150.0,0.0,348.60555433302864,334.73018477767624,5.505030955545927,5.5
150.0,5.0,348.6231562707642,334.73605209025476,5.506880298758382,5.5
150.0,10.0,348.6407582084998,334.7419194028333,5.508729641970836,5.5
150.0,15.000000000000002,348.6583601462354,334.7477867154118,5.510578985183291,5.5
150.0,20.0,348.675962083971,334.7536540279903,5.512428328395745,5.5
150.0,25.0,348.6935640217066,334.7595213405689,5.514277671608218,5.5
150.0,30.000000000000004,348.7111659594422,334.76538865314745,5.5161270148206905,5.5
150.0,35.0,348.7287678971778,334.77125596572597,5.5179763580331445,5.5
150.0,40.0,348.74636983491337,334.7771232783045,5.519825701245599,5.5
150.0,45.0,348.763971772649,334.782990590883,5.521675044458053,5.5
150.0,50.0,348.7815737103846,334.7888579034615,5.523524387670508,5.5
150.0,55.00000000000001,348.7991756481202,334.79472521604004,5.525373730882962,5.5
150.0,60.00000000000001,348.8167775858558,334.8005925286186,5.527223074095435,5.5
150.0,65.0,348.83437952359134,334.8064598411971,5.529072417307889,5.5
150.0,70.0,348.85198146132694,334.81232715377564,5.530921760520344,5.5
150.0,75.0,348.86958339906255,334.8181944663542,5.532771103732816,5.5
150.0,80.0,348.88718533679815,334.82406177893273,5.5346204469452704,5.5
150.0,85.00000000000001,348.90478727453376,334.82992909151125,5.536469790157725,5.5
150.0,90.0,348.92238921226937,334.83579640408976,5.538319133370179,5.5
150.0,95.0,348.93999115000497,334.84166371666834,5.540168476582652,5.5
150.0,100.0,348.9575930877405,334.84753102924685,5.542017819795106,5.5
150.0,105.0,348.9751950254761,334.85339834182537,5.543867163007561,5.5
150.0,110.00000000000001,348.99279696321173,334.85926565440394,5.5457165062200335,5.5
150.0,115.00000000000001,349.01039890094734,334.86513296698246,5.5475658494324875,5.5
150.0,120.00000000000001,349.02800083868294,334.871000279561,5.549415192644942,5.5
150.0,125.0,349.04560277641855,334.8768675921395,5.551264535857396,5.6
150.0,130.0,349.0632047141541,334.88273490471806,5.553113879069869,5.6
150.0,135.0,349.0808066518897,334.8886022172966,5.554963222282323,5.6
150.0,140.0,349.0984085896253,334.8944695298751,5.556812565494778,5.6
150.0,145.00000000000003,349.1160105273609,334.90033684245367,5.55866190870725,5.6
150.0,150.0,349.1336124650965,334.9062041550322,5.560511251919705,5.6
150.0,155.0,349.1512144028321,334.9120714676107,5.5623605951321595,5.6
150.0,160.0,349.1688163405677,334.9179387801892,5.5642099383446135,5.6
150.0,165.0,349.1864182783033,334.9238060927678,5.566059281557086,5.6
150.0,170.00000000000003,349.2040202160389,334.9296734053463,5.56790862476954,5.6
150.0,175.0,349.2216221537745,334.9355407179248,5.569757967981995,5.6
150.0,180.0,349.2392240915101,334.9414080305034,5.571607311194467,5.6
150.0,185.0,349.2568260292457,334.9472753430819,5.573456654406922,5.6
150.0,190.0,349.27442796698125,334.95314265566043,5.575305997619376,5.6
150.0,195.00000000000003,349.29202990471686,334.95900996823895,5.577155340831831,5.6
150.0,200.0,349.30963184245246,334.9648772808175,5.579004684044303,5.6
150.0,205.00000000000003,349.32723378018807,334.97074459339603,5.580854027256757,5.6
150.0,210.0,349.3448357179237,334.97661190597455,5.582703370469212,5.6
150.0,215.0,349.3624376556593,334.9824792185531,5.584552713681684,5.6
150.0,220.00000000000003,349.3800395933948,334.98834653113164,5.586402056894139,5.6
150.0,225.0,349.39764153113043,334.99421384371016,5.588251400106593,5.6
150.0,230.00000000000003,349.41524346886604,335.0000811562887,5.590100743319048,5.6
150.0,235.0,349.43284540660164,335.00594846886725,5.59195008653152,5.6
150.0,240.00000000000003,349.45044734433725,335.01181578144576,5.593799429743974,5.6
150.0,245.00000000000003,349.46804928207285,335.0176830940243,5.595648772956429,5.6
150.0,250.0,349.4856512198084,335.02355040660285,5.597498116168901,5.6
150.0,255.00000000000003,349.503253157544,335.02941771918137,5.599347459381356,5.6
150.0,260.0,349.5208550952796,335.0352850317599,5.60119680259381,5.6
150.0,265.00000000000006,349.5384570330152,335.0411523443384,5.603046145806265,5.6
150.0,270.0,349.5560589707508,335.047019656917,5.604895489018737,5.6
150.0,275.0,349.57366090848643,335.0528869694955,5.6067448322311915,5.6
150.0,280.0,349.591262846222,335.058754282074,5.6085941754436455,5.6
150.0,285.0,349.6088647839576,335.0646215946526,5.610443518656118,5.6
150.0,290.00000000000006,349.6264667216932,335.0704889072311,5.612292861868573,5.6
150.0,295.0,349.6440686594288,335.0763562198096,5.614142205081027,5.6
150.0,300.0,349.6616705971644,335.0822235323881,5.615991548293482,5.6
155.0,0.0,349.2588000783375,334.94793335944587,5.573664057384023,5.6
155.0,5.0,349.2764020160731,334.9538006720244,5.575513400596478,5.6
155.0,10.0,349.2940039538087,334.9596679846029,5.577362743808932,5.6
155.0,15.000000000000002,349.31160589154433,334.9655352971815,5.579212087021404,5.6
155.0,20.0,349.3292078292799,334.97140260976,5.581061430233858,5.6
155.0,25.0,349.3468097670155,334.9772699223385,5.582910773446313,5.6
155.0,30.000000000000004,349.3644117047511,334.983137234917,5.584760116658767,5.6
155.0,35.0,349.3820136424867,334.9890045474956,5.58660945987124,5.6
155.0,40.0,349.3996155802223,334.9948718600741,5.588458803083694,5.6
155.0,45.0,349.4172175179579,335.00073917265263,5.590308146296149,5.6
155.0,50.0,349.43481945569346,335.0066064852312,5.5921574895086215,5.6
155.0,55.00000000000001,349.45242139342906,335.0124737978097,5.5940068327210755,5.6
155.0,60.00000000000001,349.47002333116467,335.01834111038823,5.59585617593353,5.6
155.0,65.0,349.4876252689003,335.02420842296675,5.597705519145984,5.6
155.0,70.0,349.5052272066359,335.0300757355453,5.599554862358457,5.6
155.0,75.0,349.5228291443715,335.03594304812384,5.601404205570911,5.6
155.0,80.0,349.54043108210703,335.04181036070236,5.603253548783366,5.6
155.0,85.00000000000001,349.55803301984264,335.04767767328093,5.6051028919958386,5.6
155.0,90.0,349.57563495757825,335.05354498585945,5.606952235208293,5.6
155.0,95.0,349.59323689531385,335.05941229843796,5.6088015784207474,5.6
155.0,100.0,349.61083883304946,335.0652796110165,5.6106509216332014,5.6
155.0,105.0,349.62844077078506,335.07114692359505,5.612500264845674,5.6
155.0,110.00000000000001,349.6460427085206,335.0770142361735,5.61434960805811,5.6
155.0,115.00000000000001,349.6636446462562,335.0828815487521,5.616198951270583,5.6
155.0,120.00000000000001,349.6812465839918,335.08874886133066,5.618048294483055,5.6
155.0,125.0,349.6988485217274,335.0946161739092,5.61989763769551,5.6
155.0,130.0,349.71645045946303,335.1004834864877,5.621746980907964,5.6
155.0,135.0,349.73405239719864,335.1063507990662,5.6235963241204185,5.6
155.0,140.0,349.7516543349342,335.1122181116447,5.625445667332873,5.6
155.0,145.00000000000003,349.7692562726698,335.11808542422324,5.627295010545327,5.6
155.0,150.0,349.7868582104054,335.1239527368018,5.6291443537578,5.6
155.0,155.0,349.804460148141,335.1298200493804,5.630993696970272,5.6
155.0,160.0,349.8220620858766,335.1356873619589,5.632843040182727,5.6
155.0,165.0,349.8396640236122,335.1415546745374,5.634692383395181,5.6
155.0,170.00000000000003,349.8572659613478,335.14742198711593,5.636541726607636,5.6
155.0,175.0,349.87486789908337,335.15328929969445,5.63839106982009,5.6
155.0,180.0,349.892469836819,335.15915661227297,5.6402404130325445,5.6
155.0,185.0,349.9100717745546,335.16502392485154,5.642089756245017,5.6
155.0,190.0,349.9276737122902,335.1708912374301,5.643939099457489,5.6
155.0,195.00000000000003,349.9452756500258,335.1767585500086,5.645788442669944,5.6
155.0,200.0,349.96287758776134,335.18262586258714,5.647637785882398,5.6
155.0,205.00000000000003,349.98047952549695,335.18849317516566,5.649487129094853,5.6
155.0,210.0,349.99808146323255,335.1943604877442,5.651336472307307,5.7
155.0,215.0,350.01568340096816,335.2002278003227,5.653185815519762,5.7
155.0,220.00000000000003,350.03328533870376,335.20609511290127,5.655035158732234,5.7
155.0,225.0,350.05088727643937,335.21196242547984,5.656884501944706,5.7
155.0,230.00000000000003,350.068489214175,335.21782973805836,5.658733845157161,5.7
155.0,235.0,350.0860911519105,335.2236970506369,5.660583188369615,5.7
155.0,240.00000000000003,350.10369308964613,335.2295643632154,5.66243253158207,5.7
155.0,245.00000000000003,350.12129502738173,335.2354316757939,5.664281874794524,5.7
155.0,250.0,350.13889696511734,335.2412989883724,5.666131218006979,5.7
155.0,255.00000000000003,350.15649890285295,335.247166300951,5.6679805612194505,5.7
155.0,260.0,350.17410084058855,335.25303361352957,5.669829904431923,5.7
155.0,265.00000000000006,350.1917027783241,335.258900926108,5.671679247644359,5.7
155.0,270.0,350.2093047160597,335.2647682386866,5.673528590856832,5.7
155.0,275.0,350.2269066537953,335.2706355512651,5.675377934069287,5.7
155.0,280.0,350.2445085915309,335.27650286384363,5.677227277281741,5.7
155.0,285.0,350.2621105292665,335.28237017642215,5.679076620494196,5.7
155.0,290.00000000000006,350.2797124670021,335.2882374890007,5.680925963706668,5.7
155.0,295.0,350.2973144047377,335.29410480157924,5.6827753069191225,5.7
155.0,300.0,350.3149163424733,335.29997211415775,5.6846246501315765,5.7
160.0,0.0,349.9120458236464,335.1656819412155,5.642297159222118,5.6
160.0,5.0,349.929647761382,335.171549253794,5.644146502434572,5.6
160.0,10.0,349.9472496991176,335.17741656637253,5.645995845647027,5.6
160.0,15.000000000000002,349.9648516368532,335.18328387895104,5.647845188859481,5.6
160.0,20.0,349.9824535745888,335.1891511915296,5.649694532071954,5.6
160.0,25.0,350.0000555123244,335.1950185041082,5.6515438752844265,5.7
160.0,30.000000000000004,350.01765745006,335.2008858166867,5.6533932184968805,5.7
160.0,35.0,350.0352593877956,335.2067531292652,5.655242561709335,5.7
160.0,40.0,350.0528613255312,335.21262044184374,5.657091904921789,5.7
160.0,45.0,350.0704632632668,335.21848775442226,5.658941248134244,5.7
160.0,50.0,350.0880652010024,335.2243550670008,5.660790591346698,5.7
160.0,55.00000000000001,350.105667138738,335.23022237957935,5.662639934559171,5.7
160.0,60.00000000000001,350.1232690764736,335.2360896921579,5.664489277771644,5.7
160.0,65.0,350.14087101420915,335.2419570047364,5.66633862098408,5.7
160.0,70.0,350.15847295194476,335.24782431731495,5.6681879641965525,5.7
160.0,75.0,350.17607488968036,335.25369162989347,5.6700373074090065,5.7
160.0,80.0,350.19367682741597,335.259558942472,5.671886650621461,5.7
160.0,85.00000000000001,350.2112787651516,335.2654262550505,5.673735993833915,5.7
160.0,90.0,350.2288807028872,335.2712935676291,5.675585337046388,5.7
160.0,95.0,350.24648264062273,335.2771608802076,5.677434680258842,5.7
160.0,100.0,350.26408457835834,335.2830281927861,5.679284023471297,5.7
160.0,105.0,350.28168651609394,335.2888955053647,5.681133366683769,5.7
160.0,110.00000000000001,350.29928845382955,335.2947628179432,5.682982709896224,5.7
160.0,115.00000000000001,350.31689039156515,335.3006301305217,5.684832053108678,5.7
160.0,120.00000000000001,350.3344923293007,335.3064974431002,5.6866813963211325,5.7
160.0,125.0,350.3520942670363,335.3123647556788,5.688530739533605,5.7
160.0,130.0,350.3696962047719,335.3182320682573,5.690380082746059,5.7
160.0,135.0,350.3872981425075,335.32409938083583,5.692229425958514,5.7
160.0,140.0,350.4049000802431,335.3299666934144,5.694078769170986,5.7
160.0,145.00000000000003,350.42250201797873,335.3358340059929,5.695928112383441,5.7
160.0,150.0,350.44010395571433,335.34170131857144,5.697777455595895,5.7
160.0,155.0,350.4577058934499,335.34756863114995,5.6996267988083495,5.7
160.0,160.0,350.4753078311855,335.3534359437285,5.701476142020822,5.7
160.0,165.0,350.4929097689211,335.35930325630704,5.703325485233276,5.7
160.0,170.00000000000003,350.5105117066567,335.36517056888556,5.705174828445731,5.7
160.0,175.0,350.5281136443923,335.37103788146413,5.707024171658203,5.7
160.0,180.0,350.5457155821279,335.37690519404265,5.708873514870658,5.7
160.0,185.0,350.56331751986346,335.38277250662117,5.710722858083112,5.7
160.0,190.0,350.58091945759907,335.3886398191997,5.712572201295567,5.7
160.0,195.00000000000003,350.59852139533467,335.39450713177825,5.714421544508038,5.7
160.0,200.0,350.6161233330703,335.40037444435677,5.716270887720493,5.7
160.0,205.00000000000003,350.6337252708059,335.4062417569353,5.718120230932947,5.7
160.0,210.0,350.6513272085415,335.41210906951386,5.71996957414542,5.7
160.0,215.0,350.66892914627704,335.4179763820924,5.721818917357875,5.7
160.0,220.00000000000003,350.68653108401264,335.4238436946709,5.723668260570329,5.7
160.0,225.0,350.70413302174825,335.4297110072494,5.725517603782784,5.7
160.0,230.00000000000003,350.72173495948385,335.435578319828,5.7273669469952555,5.7
160.0,235.0,350.73933689721946,335.4414456324065,5.72921629020771,5.7
160.0,240.00000000000003,350.75693883495506,335.447312944985,5.731065633420164,5.7
160.0,245.00000000000003,350.7745407726906,335.4531802575636,5.732914976632637,5.7
160.0,250.0,350.7921427104262,335.4590475701421,5.734764319845092,5.7
160.0,255.00000000000003,350.8097446481618,335.4649148827206,5.736613663057546,5.7
160.0,260.0,350.82734658589743,335.47078219529914,5.738463006270001,5.7
160.0,265.00000000000006,350.84494852363304,335.4766495078777,5.740312349482473,5.7
160.0,270.0,350.86255046136864,335.4825168204562,5.7421616926949275,5.7
160.0,275.0,350.8801523991042,335.48838413303474,5.7440110359073815,5.7
160.0,280.0,350.8977543368398,335.4942514456133,5.745860379119854,5.7
160.0,285.0,350.9153562745754,335.50011875819183,5.747709722332308,5.7
160.0,290.00000000000006,350.932958212311,335.50598607077035,5.749559065544763,5.7
160.0,295.0,350.9505601500466,335.51185338334886,5.751408408757218,5.8
160.0,300.0,350.9681620877822,335.51772069592744,5.75325775196969,5.8
165.0,0.0,350.56529156895533,335.3834305229851,5.710930261060213,5.7
165.0,5.0,350.58289350669094,335.38929783556364,5.712779604272668,5.7
165.0,10.0,350.60049544442654,335.3951651481422,5.71462894748514,5.7
165.0,15.000000000000002,350.6180973821621,335.4010324607207,5.716478290697594,5.7
165.0,20.0,350.6356993198977,335.40689977329924,5.718327633910049,5.7
165.0,25.0,350.6533012576333,335.41276708587776,5.720176977122503,5.7
165.0,30.000000000000004,350.6709031953689,335.41863439845633,5.722026320334976,5.7
165.0,35.0,350.6885051331045,335.42450171103485,5.72387566354743,5.7
165.0,40.0,350.7061070708401,335.43036902361337,5.725725006759885,5.7
165.0,45.0,350.72370900857567,335.43623633619194,5.7275743499723575,5.7
165.0,50.0,350.7413109463113,335.44210364877046,5.7294236931848115,5.7
165.0,55.00000000000001,350.7589128840469,335.447970961349,5.731273036397266,5.7
165.0,60.00000000000001,350.7765148217825,335.4538382739275,5.73312237960972,5.7
165.0,65.0,350.7941167595181,335.45970558650606,5.734971722822193,5.7
165.0,70.0,350.8117186972537,335.4655728990846,5.736821066034647,5.7
165.0,75.0,350.82932063498924,335.4714402116631,5.738670409247102,5.7
165.0,80.0,350.84692257272485,335.47730752424167,5.740519752459574,5.7
165.0,85.00000000000001,350.86452451046046,335.4831748368202,5.742369095672029,5.7
165.0,90.0,350.88212644819606,335.4890421493987,5.744218438884483,5.7
165.0,95.0,350.89972838593167,335.4949094619772,5.7460677820969375,5.7
165.0,100.0,350.9173303236673,335.5007767745558,5.74791712530941,5.7
165.0,105.0,350.9349322614029,335.5066440871343,5.749766468521864,5.7
165.0,110.00000000000001,350.9525341991384,335.5125113997128,5.751615811734319,5.8
165.0,115.00000000000001,350.97013613687403,335.5183787122914,5.753465154946791,5.8
165.0,120.00000000000001,350.98773807460964,335.5242460248699,5.755314498159246,5.8
165.0,125.0,351.00534001234524,335.5301133374484,5.7571638413717,5.8
165.0,130.0,351.02294195008085,335.53598065002694,5.759013184584155,5.8
165.0,135.0,351.0405438878164,335.54184796260546,5.760862527796609,5.8
165.0,140.0,351.058145825552,335.547715275184,5.7627118710090635,5.8
165.0,145.00000000000003,351.0757477632876,335.55358258776255,5.764561214221536,5.8
165.0,150.0,351.0933497010232,335.5594499003411,5.766410557434008,5.8
165.0,155.0,351.1109516387588,335.56531721291964,5.768259900646463,5.8
165.0,160.0,351.1285535764944,335.57118452549815,5.770109243858917,5.8
165.0,165.0,351.14615551423003,335.57705183807667,5.771958587071372,5.8
165.0,170.00000000000003,351.1637574519656,335.5829191506552,5.773807930283826,5.8
165.0,175.0,351.1813593897012,335.5887864632337,5.7756572734962806,5.8
165.0,180.0,351.1989613274368,335.5946537758123,5.777506616708752,5.8
165.0,185.0,351.2165632651724,335.60052108839085,5.779355959921225,5.8
165.0,190.0,351.234165202908,335.60638840096937,5.78120530313368,5.8
165.0,195.00000000000003,351.2517671406436,335.6122557135479,5.783054646346134,5.8
165.0,200.0,351.26936907837916,335.6181230261264,5.784903989558589,5.8
165.0,205.00000000000003,351.28697101611476,335.6239903387049,5.786753332771043,5.8
165.0,210.0,351.30457295385037,335.62985765128343,5.788602675983498,5.8
165.0,215.0,351.322174891586,335.635724963862,5.790452019195969,5.8
165.0,220.00000000000003,351.3397768293216,335.6415922764406,5.792301362408442,5.8
165.0,225.0,351.3573787670572,335.6474595890191,5.794150705620897,5.8
165.0,230.00000000000003,351.37498070479273,335.6533269015976,5.796000048833351,5.8
165.0,235.0,351.39258264252834,335.6591942141761,5.797849392045806,5.8
165.0,240.00000000000003,351.41018458026394,335.66506152675464,5.79969873525826,5.8
165.0,245.00000000000003,351.42778651799955,335.67092883933316,5.801548078470715,5.8
165.0,250.0,351.44538845573516,335.67679615191173,5.8033974216831865,5.8
165.0,255.00000000000003,351.4629903934707,335.68266346449025,5.805246764895641,5.8
165.0,260.0,351.4805923312063,335.68853077706876,5.807096108108095,5.8
165.0,265.00000000000006,351.4981942689419,335.69439808964734,5.808945451320568,5.8
165.0,270.0,351.5157962066775,335.70026540222585,5.810794794533022,5.8
165.0,275.0,351.5333981444131,335.70613271480437,5.812644137745477,5.8
165.0,280.0,351.55100008214873,335.7120000273829,5.814493480957932,5.8
165.0,285.0,351.56860201988434,335.71786733996146,5.816342824170404,5.8
165.0,290.00000000000006,351.5862039576199,335.72373465254,5.8181921673828585,5.8
165.0,295.0,351.6038058953555,335.7296019651185,5.8200415105953125,5.8
165.0,300.0,351.6214078330911,335.73546927769706,5.821890853807785,5.8
170.00000000000003,0.0,351.2185373142642,335.60117910475475,5.779563362898308,5.8
170.00000000000003,5.0,351.2361392519998,335.60704641733327,5.781412706110763,5.8
170.00000000000003,10.0,351.2537411897354,335.6129137299118,5.783262049323217,5.8
170.00000000000003,15.000000000000002,351.271343127471,335.61878104249035,5.78511139253569,5.8
170.00000000000003,20.0,351.28894506520663,335.6246483550689,5.786960735748162,5.8
170.00000000000003,25.0,351.30654700294224,335.63051566764744,5.7888100789606165,5.8
170.00000000000003,30.000000000000004,351.3241489406778,335.63638298022596,5.790659422173071,5.8
170.00000000000003,35.0,351.3417508784134,335.6422502928045,5.792508765385525,5.8
170.00000000000003,40.0,351.359352816149,335.648117605383,5.79435810859798,5.8
170.00000000000003,45.0,351.3769547538846,335.6539849179615,5.796207451810434,5.8
170.00000000000003,50.0,351.3945566916202,335.6598522305401,5.798056795022907,5.8
170.00000000000003,55.00000000000001,351.4121586293558,335.66571954311866,5.799906138235379,5.8
170.00000000000003,60.00000000000001,351.42976056709136,335.6715868556971,5.801755481447816,5.8
170.00000000000003,65.0,351.44736250482697,335.6774541682757,5.803604824660288,5.8
170.00000000000003,70.0,351.4649644425626,335.6833214808542,5.8054541678727425,5.8
170.00000000000003,75.0,351.4825663802982,335.6891887934327,5.8073035110851965,5.8
170.00000000000003,80.0,351.5001683180338,335.69505610601124,5.809152854297651,5.8
170.00000000000003,85.00000000000001,351.5177702557694,335.7009234185898,5.811002197510124,5.8
170.00000000000003,90.0,351.53537219350494,335.7067907311683,5.812851540722578,5.8
170.00000000000003,95.0,351.55297413124055,335.71265804374684,5.814700883935033,5.8
170.00000000000003,100.0,351.57057606897615,335.7185253563254,5.816550227147505,5.8
170.00000000000003,105.0,351.58817800671176,335.72439266890393,5.81839957035996,5.8
170.00000000000003,110.00000000000001,351.60577994444736,335.73025998148245,5.820248913572414,5.8
170.00000000000003,115.00000000000001,351.62338188218297,335.73612729406096,5.8220982567848685,5.8
170.00000000000003,120.00000000000001,351.6409838199185,335.74199460663954,5.823947599997341,5.8
170.00000000000003,125.0,351.6585857576541,335.74786191921805,5.825796943209795,5.8
170.00000000000003,130.0,351.67618769538973,335.75372923179657,5.82764628642225,5.8
170.00000000000003,135.0,351.69378963312533,335.75959654437514,5.829495629634722,5.8
170.00000000000003,140.0,351.71139157086094,335.76546385695366,5.831344972847177,5.8
170.00000000000003,145.00000000000003,351.72899350859655,335.7713311695322,5.833194316059631,5.8
170.00000000000003,150.0,351.7465954463321,335.7771984821107,5.835043659272086,5.8
170.00000000000003,155.0,351.7641973840677,335.78306579468926,5.836893002484557,5.8
170.00000000000003,160.0,351.7817993218033,335.7889331072678,5.838742345697012,5.8
170.00000000000003,165.0,351.7994012595389,335.7948004198463,5.840591688909466,5.8
170.00000000000003,170.00000000000003,351.8170031972745,335.80066773242487,5.842441032121939,5.8
170.00000000000003,175.0,351.8346051350101,335.8065350450034,5.844290375334394,5.8
170.00000000000003,180.0,351.85220707274567,335.8124023575819,5.846139718546848,5.8
170.00000000000003,185.0,351.8698090104813,335.8182696701604,5.847989061759303,5.8
170.00000000000003,190.0,351.8874109482169,335.824136982739,5.849838404971774,5.8
170.00000000000003,195.00000000000003,351.9050128859525,335.8300042953175,5.851687748184229,5.9
170.00000000000003,200.0,351.9226148236881,335.835871607896,5.853537091396683,5.9
170.00000000000003,205.00000000000003,351.9402167614237,335.8417389204746,5.855386434609156,5.9
170.00000000000003,210.0,351.95781869915925,335.8476062330531,5.857235777821611,5.9
170.00000000000003,215.0,351.97542063689485,335.85347354563163,5.859085121034065,5.9
170.00000000000003,220.00000000000003,351.99302257463046,335.85934085821015,5.86093446424652,5.9
170.00000000000003,225.0,352.01062451236606,335.8652081707887,5.8627838074589915,5.9
170.00000000000003,230.00000000000003,352.02822645010167,335.87107548336724,5.864633150671446,5.9
170.00000000000003,235.0,352.0458283878373,335.87694279594575,5.8664824938839,5.9
170.00000000000003,240.00000000000003,352.0634303255729,335.8828101085243,5.868331837096373,5.9
170.00000000000003,245.00000000000003,352.08103226330843,335.88867742110284,5.870181180308827,5.9
170.00000000000003,250.0,352.09863420104404,335.89454473368136,5.872030523521282,5.9
170.00000000000003,255.00000000000003,352.11623613877964,335.9004120462599,5.873879866733736,5.9
170.00000000000003,260.0,352.13383807651525,335.90627935883845,5.875729209946209,5.9
170.00000000000003,265.00000000000006,352.15144001425085,335.91214667141696,5.8775785531586635,5.9
170.00000000000003,270.0,352.1690419519864,335.9180139839955,5.8794278963711175,5.9
170.00000000000003,275.0,352.186643889722,335.92388129657405,5.88127723958359,5.9
170.00000000000003,280.0,352.2042458274576,335.92974860915257,5.883126582796044,5.9
170.00000000000003,285.0,352.2218477651932,335.9356159217311,5.884975926008499,5.9
170.00000000000003,290.00000000000006,352.2394497029288,335.9414832343096,5.886825269220953,5.9
170.00000000000003,295.0,352.25705164066443,335.9473505468882,5.888674612433426,5.9
170.00000000000003,300.0,352.27465357840003,335.9532178594667,5.890523955645881,5.9
175.0,0.0,351.87178305957315,335.8189276865244,5.848196464736404,5.8
175.0,5.0,351.88938499730875,335.82479499910295,5.8500458079488755,5.9
175.0,10.0,351.9069869350443,335.83066231168146,5.85189515116133,5.9
175.0,15.000000000000002,351.9245888727799,335.83652962426,5.853744494373784,5.9
175.0,20.0,351.9421908105155,335.8423969368385,5.855593837586239,5.9
175.0,25.0,351.9597927482511,335.84826424941707,5.857443180798712,5.9
175.0,30.000000000000004,351.9773946859867,335.8541315619956,5.859292524011166,5.9
175.0,35.0,351.99499662372233,335.8599988745741,5.861141867223621,5.9
175.0,40.0,352.0125985614579,335.8658661871527,5.862991210436093,5.9
175.0,45.0,352.0302004991935,335.8717334997312,5.8648405536485475,5.9
175.0,50.0,352.0478024369291,335.8776008123097,5.8666898968610015,5.9
175.0,55.00000000000001,352.0654043746647,335.8834681248882,5.868539240073456,5.9
175.0,60.00000000000001,352.0830063124003,335.8893354374668,5.870388583285929,5.9
175.0,65.0,352.1006082501359,335.8952027500453,5.872237926498383,5.9
175.0,70.0,352.11821018787145,335.90107006262383,5.874087269710838,5.9
175.0,75.0,352.13581212560706,335.9069373752024,5.87593661292331,5.9
175.0,80.0,352.15341406334267,335.9128046877809,5.877785956135765,5.9
175.0,85.00000000000001,352.17101600107827,335.91867200035944,5.879635299348219,5.9
175.0,90.0,352.1886179388139,335.92453931293795,5.8814846425606735,5.9
175.0,95.0,352.2062198765495,335.9304066255165,5.883333985773146,5.9
175.0,100.0,352.22382181428503,335.936273938095,5.885183328985582,5.9
175.0,105.0,352.24142375202064,335.94214125067356,5.887032672198055,5.9
175.0,110.00000000000001,352.25902568975624,335.94800856325213,5.888882015410527,5.9
175.0,115.00000000000001,352.27662762749185,335.95387587583065,5.890731358622982,5.9
175.0,120.00000000000001,352.29422956522745,335.95974318840916,5.892580701835436,5.9
175.0,125.0,352.31183150296306,335.9656105009877,5.894430045047891,5.9
175.0,130.0,352.3294334406986,335.9714778135662,5.896279388260345,5.9
175.0,135.0,352.3470353784342,335.9773451261447,5.8981287314727995,5.9
175.0,140.0,352.3646373161698,335.9832124387233,5.899978074685271,5.9
175.0,145.00000000000003,352.3822392539054,335.98907975130186,5.901827417897744,5.9
175.0,150.0,352.39984119164103,335.9949470638804,5.903676761110199,5.9
175.0,155.0,352.41744312937664,336.0008143764589,5.905526104322653,5.9
175.0,160.0,352.43504506711224,336.0066816890374,5.907375447535108,5.9
175.0,165.0,352.4526470048478,336.0125490016159,5.909224790747562,5.9
175.0,170.00000000000003,352.4702489425834,336.01841631419444,5.911074133960017,5.9
175.0,175.0,352.487850880319,336.024283626773,5.912923477172488,5.9
175.0,180.0,352.5054528180546,336.0301509393516,5.914772820384961,5.9
175.0,185.0,352.5230547557902,336.0360182519301,5.916622163597416,5.9
175.0,190.0,352.54065669352576,336.0418855645086,5.91847150680987,5.9
175.0,195.00000000000003,352.55825863126137,336.04775287708713,5.920320850022325,5.9
175.0,200.0,352.575860568997,336.05362018966565,5.922170193234779,5.9
175.0,205.00000000000003,352.5934625067326,336.05948750224417,5.924019536447234,5.9
175.0,210.0,352.6110644444682,336.06535481482274,5.925868879659705,5.9
175.0,215.0,352.6286663822038,336.0712221274013,5.927718222872178,5.9
175.0,220.00000000000003,352.64626831993934,336.0770894399798,5.929567566084614,5.9
175.0,225.0,352.66387025767494,336.08295675255835,5.931416909297087,5.9
175.0,230.00000000000003,352.68147219541055,336.08882406513686,5.933266252509541,5.9
175.0,235.0,352.69907413314615,336.0946913777154,5.935115595721996,5.9
175.0,240.00000000000003,352.71667607088176,336.1005586902939,5.93696493893445,5.9
175.0,245.00000000000003,352.73427800861737,336.10642600287247,5.9388142821469225,5.9
175.0,250.0,352.7518799463529,336.112293315451,5.940663625359377,5.9
175.0,255.00000000000003,352.7694818840885,336.1181606280295,5.942512968571831,5.9
175.0,260.0,352.7870838218241,336.1240279406081,5.944362311784304,5.9
175.0,265.00000000000006,352.80468575955973,336.1298952531866,5.946211654996758,5.9
175.0,270.0,352.82228769729534,336.1357625657651,5.948060998209213,5.9
175.0,275.0,352.83988963503094,336.1416298783436,5.949910341421667,5.9
175.0,280.0,352.85749157276655,336.1474971909222,5.95175968463414,6.0
175.0,285.0,352.8750935105021,336.1533645035007,5.9536090278465945,6.0
175.0,290.00000000000006,352.8926954482377,336.1592318160792,5.9554583710590485,6.0
175.0,295.0,352.9102973859733,336.1650991286578,5.957307714271521,6.0
175.0,300.0,352.9278993237089,336.1709664412363,5.959157057483975,6.0
180.0,0.0,352.525028804882,336.036676268294,5.916829566574498,5.9
180.0,5.0,352.54263074261763,336.0425435808725,5.918678909786953,5.9
180.0,10.0,352.56023268035324,336.0484108934511,5.920528252999426,5.9
180.0,15.000000000000002,352.57783461808884,336.05427820602966,5.922377596211898,5.9
180.0,20.0,352.59543655582445,336.0601455186082,5.9242269394243525,5.9
180.0,25.0,352.61303849356,336.0660128311867,5.9260762826368065,5.9
180.0,30.000000000000004,352.6306404312956,336.0718801437652,5.927925625849261,5.9
180.0,35.0,352.6482423690312,336.07774745634373,5.929774969061715,5.9
180.0,40.0,352.6658443067668,336.08361476892225,5.93162431227417,5.9
180.0,45.0,352.6834462445024,336.0894820815008,5.933473655486643,5.9
180.0,50.0,352.70104818223797,336.09534939407934,5.935322998699097,5.9
180.0,55.00000000000001,352.7186501199736,336.10121670665785,5.937172341911552,5.9
180.0,60.00000000000001,352.7362520577092,336.1070840192364,5.939021685124024,5.9
180.0,65.0,352.7538539954448,336.11295133181494,5.9408710283364785,5.9
180.0,70.0,352.7714559331804,336.11881864439346,5.9427203715489325,5.9
180.0,75.0,352.789057870916,336.124685956972,5.944569714761387,5.9
180.0,80.0,352.8066598086516,336.13055326955055,5.946419057973859,5.9
180.0,85.00000000000001,352.82426174638715,336.13642058212906,5.948268401186314,5.9
180.0,90.0,352.84186368412276,336.1422878947076,5.950117744398769,6.0
180.0,95.0,352.85946562185836,336.14815520728615,5.951967087611241,6.0
180.0,100.0,352.87706755959397,336.15402251986467,5.953816430823696,6.0
180.0,105.0,352.8946694973296,336.1598898324432,5.95566577403615,6.0
180.0,110.00000000000001,352.9122714350651,336.1657571450217,5.9575151172486045,6.0
180.0,115.00000000000001,352.9298733728007,336.1716244576003,5.959364460461076,6.0
180.0,120.00000000000001,352.94747531053633,336.1774917701788,5.961213803673531,6.0
180.0,125.0,352.96507724827194,336.1833590827573,5.963063146885985,6.0
180.0,130.0,352.98267918600754,336.1892263953359,5.964912490098458,6.0
180.0,135.0,353.00028112374315,336.1950937079144,5.966761833310913,6.0
180.0,140.0,353.01788306147876,336.2009610204929,5.968611176523367,6.0
180.0,145.00000000000003,353.0354849992143,336.2068283330714,5.970460519735822,6.0
180.0,150.0,353.0530869369499,336.21269564565,5.972309862948293,6.0
180.0,155.0,353.0706888746855,336.2185629582285,5.974159206160748,6.0
180.0,160.0,353.0882908124211,336.22443027080703,5.976008549373202,6.0
180.0,165.0,353.1058927501567,336.2302975833856,5.977857892585675,6.0
180.0,170.00000000000003,353.12349468789233,336.2361648959641,5.97970723579813,6.0
180.0,175.0,353.1410966256279,336.24203220854264,5.981556579010584,6.0
180.0,180.0,353.1586985633635,336.24789952112116,5.983405922223039,6.0
180.0,185.0,353.1763005010991,336.25376683369973,5.9852552654355105,6.0
180.0,190.0,353.1939024388347,336.25963414627824,5.987104608647965,6.0
180.0,195.00000000000003,353.2115043765703,336.26550145885676,5.988953951860419,6.0
180.0,200.0,353.2291063143059,336.27136877143533,5.990803295072892,6.0
180.0,205.00000000000003,353.24670825204146,336.27723608401385,5.992652638285346,6.0
180.0,210.0,353.26431018977706,336.28310339659237,5.994501981497801,6.0
180.0,215.0,353.28191212751267,336.2889707091709,5.996351324710255,6.0
180.0,220.00000000000003,353.2995140652483,336.29483802174946,5.9982006679227275,6.0
180.0,225.0,353.3171160029839,336.300705334328,6.000050011135182,6.0
180.0,230.00000000000003,353.3347179407195,336.3065726469065,6.001899354347636,6.0
180.0,235.0,353.35231987845503,336.31243995948506,6.003748697560109,6.0
180.0,240.00000000000003,353.36992181619064,336.3183072720636,6.005598040772563,6.0
180.0,245.00000000000003,353.38752375392625,336.3241745846421,6.007447383985018,6.0
180.0,250.0,353.40512569166185,336.3300418972206,6.009296727197472,6.0
180.0,255.00000000000003,353.42272762939746,336.3359092097992,6.011146070409945,6.0
180.0,260.0,353.44032956713306,336.3417765223777,6.0129954136223995,6.0
180.0,265.00000000000006,353.4579315048686,336.3476438349562,6.0148447568348535,6.0
180.0,270.0,353.4755334426042,336.3535111475348,6.016694100047326,6.0
180.0,275.0,353.4931353803398,336.3593784601133,6.01854344325978,6.0
180.0,280.0,353.5107373180754,336.3652457726918,6.020392786472235,6.0
180.0,285.0,353.52833925581103,336.37111308527034,6.022242129684689,6.0
180.0,290.00000000000006,353.54594119354664,336.3769803978489,6.024091472897162,6.0
180.0,295.0,353.56354313128224,336.3828477104274,6.025940816109616,6.0
180.0,300.0,353.5811450690178,336.38871502300594,6.027790159322071,6.0
185.0,0.0,353.17827455019096,336.2544248500637,5.9854626684126115,6.0
185.0,5.0,353.1958764879265,336.2602921626422,5.987312011625066,6.0
185.0,10.0,353.2134784256621,336.2661594752207,5.98916135483752,6.0
185.0,15.000000000000002,353.2310803633977,336.27202678779923,5.991010698049975,6.0
185.0,20.0,353.24868230113333,336.2778941003778,5.992860041262448,6.0
185.0,25.0,353.26628423886893,336.2837614129563,5.994709384474902,6.0
185.0,30.000000000000004,353.28388617660454,336.28962872553484,5.996558727687357,6.0
185.0,35.0,353.3014881143401,336.2954960381134,5.998408070899829,6.0
185.0,40.0,353.3190900520757,336.30136335069193,6.0002574141122835,6.0
185.0,45.0,353.3366919898113,336.30723066327045,6.0021067573247375,6.0
185.0,50.0,353.3542939275469,336.31309797584896,6.003956100537192,6.0
185.0,55.00000000000001,353.3718958652825,336.31896528842753,6.005805443749664,6.0
185.0,60.00000000000001,353.3894978030181,336.32483260100605,6.007654786962119,6.0
185.0,65.0,353.40709974075367,336.33069991358457,6.009504130174573,6.0
185.0,70.0,353.42470167848927,336.33656722616314,6.011353473387046,6.0
185.0,75.0,353.4423036162249,336.34243453874166,6.013202816599501,6.0
185.0,80.0,353.4599055539605,336.3483018513202,6.015052159811955,6.0
185.0,85.00000000000001,353.4775074916961,336.3541691638987,6.0169015030244095,6.0
185.0,90.0,353.4951094294317,336.36003647647726,6.018750846236881,6.0
185.0,95.0,353.51271136716724,336.3659037890557,6.020600189449318,6.0
185.0,100.0,353.53031330490285,336.3717711016343,6.02244953266179,6.0
185.0,105.0,353.54791524263845,336.37763841421287,6.024298875874263,6.0
185.0,110.00000000000001,353.56551718037406,336.3835057267914,6.026148219086718,6.0
185.0,115.00000000000001,353.58311911810966,336.3893730393699,6.027997562299172,6.0
185.0,120.00000000000001,353.60072105584527,336.3952403519484,6.029846905511627,6.0
185.0,125.0,353.6183229935808,336.40110766452693,6.031696248724081,6.0
185.0,130.0,353.6359249313164,336.40697497710545,6.0335455919365355,6.0
185.0,135.0,353.65352686905203,336.412842289684,6.035394935149007,6.0
185.0,140.0,353.67112880678764,336.4187096022626,6.03724427836148,6.0
185.0,145.00000000000003,353.68873074452324,336.4245769148411,6.039093621573934,6.0
185.0,150.0,353.70633268225885,336.4304442274196,6.040942964786389,6.0
185.0,155.0,353.7239346199944,336.43631153999814,6.042792307998844,6.0
185.0,160.0,353.74153655773,336.44217885257666,6.044641651211298,6.0
185.0,165.0,353.7591384954656,336.4480461651552,6.046490994423753,6.0
185.0,170.00000000000003,353.7767404332012,336.45391347773375,6.048340337636224,6.0
185.0,175.0,353.7943423709368,336.4597807903123,6.050189680848697,6.1
185.0,180.0,353.8119443086724,336.46564810289084,6.052039024061151,6.1
185.0,185.0,353.829546246408,336.47151541546936,6.053888367273606,6.1
185.0,190.0,353.8471481841436,336.47738272804787,6.05573771048606,6.1
185.0,195.00000000000003,353.8647501218792,336.4832500406264,6.057587053698515,6.1
185.0,200.0,353.8823520596148,336.4891173532049,6.059436396910969,6.1
185.0,205.00000000000003,353.8999539973504,336.4949846657835,6.0612857401234415,6.1
185.0,210.0,353.917555935086,336.50085197836205,6.063135083335914,6.1
185.0,215.0,353.9351578728216,336.50671929094057,6.064984426548368,6.1
185.0,220.00000000000003,353.95275981055715,336.5125866035191,6.066833769760823,6.1
185.0,225.0,353.97036174829276,336.5184539160976,6.068683112973277,6.1
185.0,230.00000000000003,353.98796368602837,336.5243212286761,6.070532456185732,6.1
185.0,235.0,354.00556562376397,336.53018854125463,6.072381799398186,6.1
185.0,240.00000000000003,354.0231675614996,336.5360558538332,6.0742311426106586,6.1
185.0,245.00000000000003,354.0407694992351,336.5419231664117,6.076080485823113,6.1
185.0,250.0,354.05837143697073,336.54779047899024,6.077929829035567,6.1
185.0,255.00000000000003,354.07597337470634,336.5536577915688,6.07977917224804,6.1
185.0,260.0,354.09357531244194,336.5595251041473,6.081628515460494,6.1
185.0,265.00000000000006,354.11117725017755,336.56539241672584,6.083477858672949,6.1
185.0,270.0,354.12877918791315,336.57125972930436,6.085327201885403,6.1
185.0,275.0,354.14638112564876,336.57712704188293,6.087176545097876,6.1
185.0,280.0,354.1639830633843,336.58299435446145,6.08902588831033,6.1
185.0,285.0,354.1815850011199,336.58886166703996,6.0908752315227845,6.1
185.0,290.00000000000006,354.1991869388555,336.59472897961854,6.092724574735257,6.1
185.0,295.0,354.2167888765911,336.60059629219705,6.094573917947711,6.1
185.0,300.0,354.23439081432673,336.60646360477557,6.096423261160166,6.1
190.0,0.0,353.83152029549984,336.47217343183326,6.054095770250689,6.1
190.0,5.0,353.84912223323545,336.4780407444118,6.055945113463162,6.1
190.0,10.0,353.86672417097105,336.4839080569904,6.057794456675634,6.1
190.0,15.000000000000002,353.88432610870666,336.4897753695689,6.0596437998880885,6.1
190.0,20.0,353.9019280464422,336.49564268214743,6.0614931431005425,6.1
190.0,25.0,353.9195299841778,336.50150999472595,6.063342486312997,6.1
190.0,30.000000000000004,353.9371319219134,336.50737730730447,6.065191829525451,6.1
190.0,35.0,353.954733859649,336.513244619883,6.067041172737906,6.1
190.0,40.0,353.97233579738463,336.51911193246156,6.068890515950378,6.1
190.0,45.0,353.98993773512024,336.52497924504013,6.070739859162851,6.1
190.0,50.0,354.0075396728558,336.5308465576186,6.072589202375287,6.1
190.0,55.00000000000001,354.0251416105914,336.53671387019716,6.07443854558776,6.1
190.0,60.00000000000001,354.042743548327,336.5425811827757,6.0762878888002145,6.1
190.0,65.0,354.0603454860626,336.5484484953542,6.0781372320126685,6.1
190.0,70.0,354.0779474237982,336.5543158079327,6.079986575225123,6.1
190.0,75.0,354.0955493615338,336.5601831205113,6.081835918437595,6.1
190.0,80.0,354.11315129926936,336.5660504330898,6.08368526165005,6.1
190.0,85.00000000000001,354.13075323700497,336.5719177456683,6.085534604862504,6.1
190.0,90.0,354.1483551747406,336.5777850582469,6.087383948074977,6.1
190.0,95.0,354.1659571124762,336.5836523708254,6.089233291287432,6.1
190.0,100.0,354.1835590502118,336.5895196834039,6.091082634499886,6.1
190.0,105.0,354.2011609879474,336.59538699598244,6.0929319777123405,6.1
190.0,110.00000000000001,354.21876292568294,336.601254308561,6.094781320924812,6.1
190.0,115.00000000000001,354.23636486341854,336.6071216211395,6.096630664137267,6.1
190.0,120.00000000000001,354.25396680115415,336.61298893371804,6.098480007349721,6.1
190.0,125.0,354.27156873888975,336.6188562462966,6.100329350562194,6.1
190.0,130.0,354.28917067662536,336.62472355887513,6.102178693774648,6.1
190.0,135.0,354.30677261436097,336.63059087145365,6.104028036987103,6.1
190.0,140.0,354.3243745520965,336.63645818403216,6.105877380199557,6.1
190.0,145.00000000000003,354.3419764898321,336.64232549661074,6.107726723412029,6.1
190.0,150.0,354.3595784275677,336.64819280918925,6.109576066624484,6.1
190.0,155.0,354.37718036530333,336.65406012176777,6.111425409836938,6.1
190.0,160.0,354.39478230303894,336.65992743434634,6.113274753049411,6.1
190.0,165.0,354.41238424077454,336.66579474692486,6.115124096261865,6.1
190.0,170.00000000000003,354.42998617851015,336.6716620595034,6.11697343947432,6.1
190.0,175.0,354.4475881162457,336.6775293720819,6.118822782686774,6.1
190.0,180.0,354.4651900539813,336.68339668466047,6.1206721258992465,6.1
190.0,185.0,354.4827919917169,336.689263997239,6.122521469111701,6.1
190.0,190.0,354.5003939294525,336.6951313098175,6.124370812324155,6.1
190.0,195.00000000000003,354.5179958671881,336.70099862239607,6.126220155536628,6.1
190.0,200.0,354.53559780492367,336.7068659349746,6.128069498749082,6.1
190.0,205.00000000000003,354.5531997426593,336.7127332475531,6.129918841961537,6.1
190.0,210.0,354.5708016803949,336.7186005601316,6.131768185173991,6.1
190.0,215.0,354.5884036181305,336.7244678727102,6.133617528386464,6.1
190.0,220.00000000000003,354.6060055558661,336.7303351852887,6.135466871598918,6.1
190.0,225.0,354.6236074936017,336.7362024978672,6.1373162148113725,6.1
190.0,230.00000000000003,354.6412094313373,336.7420698104458,6.139165558023845,6.1
190.0,235.0,354.65881136907285,336.7479371230243,6.141014901236299,6.1
190.0,240.00000000000003,354.67641330680846,336.75380443560283,6.142864244448754,6.1
190.0,245.00000000000003,354.69401524454406,336.75967174818135,6.144713587661208,6.1
190.0,250.0,354.71161718227967,336.7655390607599,6.146562930873681,6.1
190.0,255.00000000000003,354.7292191200153,336.77140637333844,6.148412274086135,6.1
190.0,260.0,354.7468210577509,336.77727368591695,6.15026161729859,6.2
190.0,265.00000000000006,354.7644229954864,336.7831409984955,6.152110960511062,6.2
190.0,270.0,354.78202493322203,336.78900831107404,6.153960303723516,6.2
190.0,275.0,354.79962687095764,336.79487562365256,6.155809646935971,6.2
190.0,280.0,354.81722880869324,336.8007429362311,6.157658990148425,6.2
190.0,285.0,354.83483074642885,336.80661024880965,6.159508333360898,6.2
190.0,290.00000000000006,354.85243268416446,336.81247756138816,6.161357676573352,6.2
190.0,295.0,354.8700346219,336.8183448739667,6.163207019785807,6.2
190.0,300.0,354.8876365596356,336.82421218654525,6.165056362998278,6.2
195.00000000000003,0.0,354.4847660408087,336.68992201360294,6.1227288720888025,6.1
195.00000000000003,5.0,354.5023679785443,336.69578932618145,6.1245782153012565,6.1
195.00000000000003,10.0,354.51996991627993,336.70165663875997,6.126427558513711,6.1
195.00000000000003,15.000000000000002,354.53757185401554,336.70752395133854,6.128276901726183,6.1
195.00000000000003,20.0,354.55517379175114,336.71339126391706,6.130126244938638,6.1
195.00000000000003,25.0,354.57277572948675,336.7192585764956,6.131975588151092,6.1
195.00000000000003,30.000000000000004,354.59037766722236,336.72512588907415,6.133824931363565,6.1
195.00000000000003,35.0,354.6079796049579,336.73099320165267,6.1356742745760195,6.1
195.00000000000003,40.0,354.6255815426935,336.7368605142312,6.1375236177884736,6.1
195.00000000000003,45.0,354.6431834804291,336.7427278268097,6.139372961000928,6.1
195.00000000000003,50.0,354.6607854181647,336.74859513938827,6.1412223042134,6.1
195.00000000000003,55.00000000000001,354.6783873559003,336.7544624519668,6.143071647425855,6.1
195.00000000000003,60.00000000000001,354.69598929363593,336.7603297645453,6.144920990638309,6.1
195.00000000000003,65.0,354.7135912313715,336.7661970771239,6.146770333850782,6.1
195.00000000000003,70.0,354.7311931691071,336.7720643897024,6.148619677063237,6.1
195.00000000000003,75.0,354.7487951068427,336.7779317022809,6.150469020275691,6.2
195.00000000000003,80.0,354.7663970445783,336.7837990148594,6.1523183634881455,6.2
195.00000000000003,85.00000000000001,354.7839989823139,336.789666327438,6.154167706700617,6.2
195.00000000000003,90.0,354.8016009200495,336.7955336400165,6.156017049913072,6.2
195.00000000000003,95.0,354.81920285778506,336.80140095259503,6.157866393125526,6.2
195.00000000000003,100.0,354.83680479552066,336.8072682651736,6.159715736337999,6.2
195.00000000000003,105.0,354.85440673325627,336.8131355777521,6.161565079550453,6.2
195.00000000000003,110.00000000000001,354.8720086709919,336.81900289033064,6.163414422762908,6.2
195.00000000000003,115.00000000000001,354.8896106087275,336.82487020290915,6.165263765975362,6.2
195.00000000000003,120.00000000000001,354.90721254646303,336.83073751548767,6.167113109187817,6.2
195.00000000000003,125.0,354.92481448419863,336.8366048280662,6.168962452400271,6.2
195.00000000000003,130.0,354.94241642193424,336.84247214064476,6.170811795612743,6.2
195.00000000000003,135.0,354.96001835966985,336.84833945322333,6.172661138825216,6.2
195.00000000000003,140.0,354.97762029740545,336.85420676580185,6.17451048203767,6.2
195.00000000000003,145.00000000000003,354.99522223514106,336.86007407838036,6.176359825250125,6.2
195.00000000000003,150.0,355.01282417287666,336.8659413909589,6.178209168462579,6.2
195.00000000000003,155.0,355.0304261106122,336.8718087035374,6.180058511675034,6.2
195.00000000000003,160.0,355.0480280483478,336.8776760161159,6.181907854887488,6.2
195.00000000000003,165.0,355.0656299860834,336.8835433286945,6.18375719809996,6.2
195.00000000000003,170.00000000000003,355.083231923819,336.88941064127306,6.185606541312433,6.2
195.00000000000003,175.0,355.10083386155463,336.8952779538516,6.187455884524887,6.2
195.00000000000003,180.0,355.11843579929024,336.9011452664301,6.189305227737342,6.2
195.00000000000003,185.0,355.1360377370258,336.9070125790086,6.191154570949796,6.2
195.00000000000003,190.0,355.1536396747614,336.9128798915871,6.193003914162251,6.2
195.00000000000003,195.00000000000003,355.171241612497,336.91874720416564,6.194853257374705,6.2
195.00000000000003,200.0,355.1888435502326,336.9246145167442,6.1967026005871775,6.2
195.00000000000003,205.00000000000003,355.2064454879682,336.9304818293228,6.19855194379965,6.2
195.00000000000003,210.0,355.2240474257038,336.9363491419013,6.200401287012104,6.2
195.00000000000003,215.0,355.24164936343936,336.9422164544798,6.202250630224559,6.2
195.00000000000003,220.00000000000003,355.25925130117497,336.94808376705834,6.204099973437013,6.2
195.00000000000003,225.0,355.2768532389106,336.95395107963685,6.205949316649468,6.2
195.00000000000003,230.00000000000003,355.2944551766462,336.95981839221537,6.207798659861922,6.2
195.00000000000003,235.0,355.3120571143818,336.96568570479394,6.209648003074395,6.2
195.00000000000003,240.00000000000003,355.3296590521174,336.9715530173725,6.211497346286867,6.2
195.00000000000003,245.00000000000003,355.34726098985294,336.977420329951,6.2133466894993035,6.2
195.00000000000003,250.0,355.36486292758855,336.98328764252955,6.215196032711776,6.2
195.00000000000003,255.00000000000003,355.38246486532415,336.98915495510806,6.21704537592423,6.2
195.00000000000003,260.0,355.40006680305976,336.9950222676866,6.218894719136685,6.2
195.00000000000003,265.00000000000006,355.41766874079536,337.0008895802651,6.220744062349139,6.2
195.00000000000003,270.0,355.43527067853097,337.00675689284367,6.222593405561612,6.2
195.00000000000003,275.0,355.4528726162665,337.0126242054222,6.224442748774066,6.2
195.00000000000003,280.0,355.4704745540021,337.0184915180007,6.226292091986521,6.2
195.00000000000003,285.0,355.48807649173773,337.0243588305793,6.228141435198992,6.2
195.00000000000003,290.00000000000006,355.50567842947333,337.0302261431578,6.229990778411447,6.2
195.00000000000003,295.0,355.52328036720894,337.0360934557363,6.231840121623902,6.2
195.00000000000003,300.0,355.54088230494455,337.0419607683148,6.233689464836356,6.2
200.0,0.0,355.13801178611766,336.90767059537257,6.191361973926897,6.2
200.0,5.0,355.15561372385326,336.91353790795114,6.19321131713937,6.2
200.0,10.0,355.17321566158887,336.91940522052965,6.195060660351825,6.2
200.0,15.000000000000002,355.1908175993244,336.92527253310817,6.196910003564279,6.2
200.0,20.0,355.20841953706,336.9311398456867,6.1987593467767335,6.2
200.0,25.0,355.22602147479563,336.9370071582652,6.2006086899891875,6.2
200.0,30.000000000000004,355.24362341253124,336.9428744708437,6.202458033201642,6.2
200.0,35.0,355.26122535026684,336.9487417834223,6.204307376414114,6.2
200.0,40.0,355.2788272880024,336.9546090960008,6.206156719626569,6.2
200.0,45.0,355.296429225738,336.9604764085793,6.208006062839023,6.2
200.0,50.0,355.3140311634736,336.9663437211579,6.209855406051496,6.2
200.0,55.00000000000001,355.3316331012092,336.9722110337364,6.2117047492639506,6.2
200.0,60.00000000000001,355.3492350389448,336.97807834631493,6.2135540924764046,6.2
200.0,65.0,355.3668369766804,336.98394565889345,6.2154034356888594,6.2
200.0,70.0,355.384438914416,336.989812971472,6.217252778901331,6.2
200.0,75.0,355.4020408521516,336.99568028405054,6.219102122113786,6.2
200.0,80.0,355.4196427898872,337.00154759662905,6.22095146532624,6.2
200.0,85.00000000000001,355.4372447276228,337.0074149092076,6.222800808538713,6.2
200.0,90.0,355.4548466653584,337.01328222178614,6.224650151751167,6.2
200.0,95.0,355.472448603094,337.01914953436466,6.226499494963622,6.2
200.0,100.0,355.4900505408296,337.0250168469432,6.228348838176076,6.2
200.0,105.0,355.50765247856515,337.03088415952175,6.230198181388548,6.2
200.0,110.00000000000001,355.52525441630075,337.03675147210026,6.232047524601003,6.2
200.0,115.00000000000001,355.54285635403636,337.0426187846788,6.233896867813457,6.2
200.0,120.00000000000001,355.56045829177197,337.04848609725735,6.23574621102593,6.2
200.0,125.0,355.57806022950757,337.05435340983587,6.237595554238384,6.2
200.0,130.0,355.5956621672432,337.0602207224144,6.239444897450839,6.2
200.0,135.0,355.6132641049787,337.0660880349929,6.241294240663293,6.2
200.0,140.0,355.63086604271433,337.0719553475715,6.243143583875765,6.2
200.0,145.00000000000003,355.64846798044994,337.07782266015,6.24499292708822,6.2
200.0,150.0,355.66606991818554,337.0836899727285,6.246842270300674,6.2
200.0,155.0,355.68367185592115,337.0895572853071,6.248691613513147,6.2
200.0,160.0,355.70127379365675,337.0954245978856,6.250540956725601,6.3
200.0,165.0,355.7188757313923,337.1012919104641,6.252390299938056,6.3
200.0,170.00000000000003,355.7364776691279,337.10715922304263,6.25423964315051,6.3
200.0,175.0,355.7540796068635,337.1130265356212,6.2560889863629825,6.3
200.0,180.0,355.7716815445991,337.1188938481997,6.2579383295754365,6.3
200.0,185.0,355.7892834823347,337.12476116077823,6.259787672787891,6.3
200.0,190.0,355.80688542007033,337.1306284733568,6.261637016000364,6.3
200.0,195.00000000000003,355.8244873578059,337.1364957859353,6.263486359212818,6.3
200.0,200.0,355.8420892955415,337.14236309851384,6.265335702425273,6.3
200.0,205.00000000000003,355.8596912332771,337.14823041109236,6.267185045637727,6.3
200.0,210.0,355.8772931710127,337.15409772367093,6.2690343888502,6.3
200.0,215.0,355.8948951087483,337.15996503624945,6.270883732062654,6.3
200.0,220.00000000000003,355.9124970464839,337.16583234882796,6.2727330752751085,6.3
200.0,225.0,355.93009898421946,337.17169966140654,6.274582418487581,6.3
200.0,230.00000000000003,355.94770092195506,337.17756697398505,6.276431761700035,6.3
200.0,235.0,355.96530285969067,337.18343428656357,6.27828110491249,6.3
200.0,240.00000000000003,355.9829047974263,337.1893015991421,6.280130448124944,6.3
200.0,245.00000000000003,356.0005067351619,337.19516891172066,6.281979791337417,6.3
200.0,250.0,356.0181086728975,337.2010362242992,6.283829134549871,6.3
200.0,255.00000000000003,356.03571061063303,337.2069035368777,6.285678477762326,6.3
200.0,260.0,356.05331254836864,337.21277084945626,6.287527820974797,6.3
200.0,265.00000000000006,356.07091448610424,337.2186381620348,6.289377164187252,6.3
200.0,270.0,356.08851642383985,337.2245054746133,6.291226507399706,6.3
200.0,275.0,356.10611836157545,337.2303727871918,6.293075850612161,6.3
200.0,280.0,356.12372029931106,337.2362400997704,6.294925193824634,6.3
200.0,285.0,356.1413222370466,337.24210741234884,6.29677453703707,6.3
200.0,290.00000000000006,356.1589241747822,337.2479747249274,6.298623880249543,6.3
200.0,295.0,356.1765261125178,337.253842037506,6.300473223462014,6.3
200.0,300.0,356.1941280502534,337.2597093500845,6.302322566674469,6.3
205.00000000000003,0.0,355.79125753142654,337.1254191771422,6.2599950757649925,6.3
205.00000000000003,5.0,355.80885946916214,337.1312864897207,6.261844418977447,6.3
205.00000000000003,10.0,355.82646140689775,337.1371538022993,6.263693762189919,6.3
205.00000000000003,15.000000000000002,355.84406334463335,337.1430211148778,6.265543105402374,6.3
205.00000000000003,20.0,355.86166528236896,337.1488884274563,6.267392448614828,6.3
205.00000000000003,25.0,355.87926722010457,337.1547557400349,6.269241791827301,6.3
205.00000000000003,30.000000000000004,355.8968691578401,337.1606230526134,6.271091135039755,6.3
205.00000000000003,35.0,355.9144710955757,337.1664903651919,6.27294047825221,6.3
205.00000000000003,40.0,355.9320730333113,337.17235767777044,6.2747898214646645,6.3
205.00000000000003,45.0,355.94967497104693,337.178224990349,6.276639164677136,6.3
205.00000000000003,50.0,355.96727690878254,337.1840923029275,6.278488507889591,6.3
205.00000000000003,55.00000000000001,355.98487884651814,337.18995961550604,6.280337851102045,6.3
205.00000000000003,60.00000000000001,356.0024807842537,337.1958269280846,6.282187194314518,6.3
205.00000000000003,65.0,356.0200827219893,337.20169424066313,6.284036537526972,6.3
205.00000000000003,70.0,356.0376846597249,337.20756155324165,6.285885880739427,6.3
205.00000000000003,75.0,356.0552865974605,337.21342886582016,6.287735223951881,6.3
205.00000000000003,80.0,356.0728885351961,337.21929617839874,6.289584567164353,6.3
205.00000000000003,85.00000000000001,356.0904904729317,337.22516349097725,6.291433910376808,6.3
205.00000000000003,90.0,356.10809241066727,337.23103080355577,6.293283253589262,6.3
205.00000000000003,95.0,356.1256943484029,337.23689811613434,6.295132596801735,6.3
205.00000000000003,100.0,356.1432962861385,337.24276542871286,6.296981940014189,6.3
205.00000000000003,105.0,356.1608982238741,337.2486327412914,6.298831283226644,6.3
205.00000000000003,110.00000000000001,356.1785001616097,337.2545000538699,6.300680626439098,6.3
205.00000000000003,115.00000000000001,356.1961020993453,337.26036736644846,6.30252996965157,6.3
205.00000000000003,120.00000000000001,356.21370403708084,337.2662346790269,6.304379312864007,6.3
205.00000000000003,125.0,356.23130597481645,337.2721019916055,6.306228656076479,6.3
205.00000000000003,130.0,356.24890791255206,337.27796930418407,6.308077999288952,6.3
205.00000000000003,135.0,356.26650985028766,337.2838366167626,6.309927342501406,6.3
205.00000000000003,140.0,356.28411178802327,337.2897039293411,6.311776685713861,6.3
205.00000000000003,145.00000000000003,356.3017137257589,337.2955712419196,6.313626028926315,6.3
205.00000000000003,150.0,356.3193156634944,337.30143855449813,6.31547537213877,6.3
205.00000000000003,155.0,356.33691760123,337.30730586707665,6.317324715351224,6.3
205.00000000000003,160.0,356.35451953896563,337.3131731796552,6.319174058563696,6.3
205.00000000000003,165.0,356.37212147670124,337.3190404922338,6.321023401776169,6.3
205.00000000000003,170.00000000000003,356.38972341443684,337.3249078048123,6.322872744988623,6.3
205.00000000000003,175.0,356.40732535217245,337.33077511739083,6.324722088201078,6.3
205.00000000000003,180.0,356.424927289908,337.33664242996934,6.326571431413532,6.3
205.00000000000003,185.0,356.4425292276436,337.34250974254786,6.328420774625987,6.3
205.00000000000003,190.0,356.4601311653792,337.3483770551264,6.330270117838441,6.3
205.00000000000003,195.00000000000003,356.4777331031148,337.35424436770495,6.3321194610509135,6.3
205.00000000000003,200.0,356.4953350408504,337.3601116802835,6.333968804263386,6.3
205.00000000000003,205.00000000000003,356.512936978586,337.36597899286204,6.33581814747584,6.3
205.00000000000003,210.0,356.5305389163216,337.37184630544056,6.337667490688295,6.3
205.00000000000003,215.0,356.5481408540572,337.3777136180191,6.339516833900749,6.3
205.00000000000003,220.00000000000003,356.5657427917928,337.3835809305976,6.341366177113204,6.3
205.00000000000003,225.0,356.5833447295284,337.3894482431761,6.343215520325658,6.3
205.00000000000003,230.00000000000003,356.600946667264,337.3953155557547,6.345064863538131,6.3
205.00000000000003,235.0,356.6185486049996,337.40118286833325,6.346914206750602,6.3
205.00000000000003,240.00000000000003,356.63615054273515,337.4070501809117,6.3487635499630395,6.3
205.00000000000003,245.00000000000003,356.65375248047076,337.4129174934903,6.350612893175511,6.4
205.00000000000003,250.0,356.67135441820636,337.4187848060688,6.352462236387966,6.4
205.00000000000003,255.00000000000003,356.68895635594197,337.4246521186473,6.35431157960042,6.4
205.00000000000003,260.0,356.7065582936776,337.43051943122583,6.356160922812875,6.4
205.00000000000003,265.00000000000006,356.7241602314132,337.4363867438044,6.358010266025348,6.4
205.00000000000003,270.0,356.7417621691487,337.4422540563829,6.359859609237802,6.4
205.00000000000003,275.0,356.75936410688433,337.44812136896144,6.361708952450257,6.4
205.00000000000003,280.0,356.77696604461994,337.45398868154,6.363558295662728,6.4
205.00000000000003,285.0,356.79456798235555,337.4598559941185,6.365407638875183,6.4
205.00000000000003,290.00000000000006,356.81216992009115,337.46572330669704,6.367256982087637,6.4
205.00000000000003,295.0,356.82977185782676,337.47159061927556,6.369106325300092,6.4
205.00000000000003,300.0,356.84737379556236,337.47745793185413,6.370955668512565,6.4
210.0,0.0,356.4445032767355,337.3431677589119,6.328628177603106,6.3
210.0,5.0,356.4621052144711,337.3490350714904,6.33047752081556,6.3
210.0,10.0,356.47970715220663,337.3549023840689,6.332326864028015,6.3
210.0,15.000000000000002,356.49730908994223,337.3607696966474,6.334176207240469,6.3
210.0,20.0,356.51491102767784,337.36663700922594,6.3360255504529235,6.3
210.0,25.0,356.53251296541345,337.37250432180446,6.337874893665378,6.3
210.0,30.000000000000004,356.55011490314905,337.37837163438303,6.33972423687785,6.3
210.0,35.0,356.56771684088466,337.3842389469616,6.341573580090323,6.3
210.0,40.0,356.5853187786202,337.39010625954006,6.343422923302759,6.3
210.0,45.0,356.6029207163558,337.39597357211863,6.345272266515232,6.3
210.0,50.0,356.6205226540914,337.40184088469715,6.347121609727686,6.3
210.0,55.00000000000001,356.638124591827,337.40770819727567,6.348970952940141,6.3
210.0,60.00000000000001,356.6557265295626,337.4135755098542,6.350820296152595,6.4
210.0,65.0,356.67332846729823,337.41944282243276,6.352669639365067,6.4
210.0,70.0,356.6909304050338,337.4253101350113,6.354518982577522,6.4
210.0,75.0,356.7085323427694,337.4311774475898,6.356368325789976,6.4
210.0,80.0,356.726134280505,337.43704476016836,6.358217669002449,6.4
210.0,85.00000000000001,356.7437362182406,337.4429120727469,6.360067012214903,6.4
210.0,90.0,356.7613381559762,337.4487793853254,6.361916355427358,6.4
210.0,95.0,356.7789400937118,337.4546466979039,6.363765698639812,6.4
210.0,100.0,356.79654203144736,337.4605140104825,6.365615041852284,6.4
210.0,105.0,356.81414396918296,337.466381323061,6.367464385064739,6.4
210.0,110.00000000000001,356.83174590691857,337.4722486356395,6.369313728277193,6.4
210.0,115.00000000000001,356.8493478446542,337.4781159482181,6.371163071489666,6.4
210.0,120.00000000000001,356.8669497823898,337.4839832607966,6.37301241470212,6.4
210.0,125.0,356.8845517201254,337.4898505733751,6.374861757914575,6.4
210.0,130.0,356.90215365786094,337.49571788595364,6.376711101127029,6.4
210.0,135.0,356.91975559559654,337.5015851985322,6.378560444339501,6.4
210.0,140.0,356.93735753333215,337.5074525111107,6.380409787551955,6.4
210.0,145.00000000000003,356.95495947106775,337.51331982368924,6.38225913076441,6.4
210.0,150.0,356.97256140880336,337.5191871362678,6.384108473976883,6.4
210.0,155.0,356.99016334653896,337.52505444884633,6.385957817189337,6.4
210.0,160.0,357.0077652842745,337.53092176142485,6.387807160401792,6.4
210.0,165.0,357.0253672220101,337.53678907400337,6.389656503614246,6.4
210.0,170.00000000000003,357.0429691597457,337.54265638658194,6.3915058468267185,6.4
210.0,175.0,357.06057109748133,337.54852369916046,6.3933551900391725,6.4
210.0,180.0,357.07817303521693,337.55439101173897,6.395204533251627,6.4
210.0,185.0,357.09577497295254,337.56025832431754,6.3970538764641,6.4
210.0,190.0,357.1133769106881,337.56612563689606,6.398903219676554,6.4
210.0,195.00000000000003,357.1309788484237,337.5719929494746,6.400752562889009,6.4
210.0,200.0,357.1485807861593,337.5778602620531,6.402601906101463,6.4
210.0,205.00000000000003,357.1661827238949,337.58372757463167,6.404451249313936,6.4
210.0,210.0,357.1837846616305,337.5895948872102,6.40630059252639,6.4
210.0,215.0,357.2013865993661,337.5954621997887,6.4081499357388445,6.4
210.0,220.00000000000003,357.21898853710167,337.6013295123673,6.409999278951316,6.4
210.0,225.0,357.23659047483727,337.6071968249458,6.411848622163771,6.4
210.0,230.00000000000003,357.2541924125729,337.6130641375243,6.413697965376225,6.4
210.0,235.0,357.2717943503085,337.6189314501028,6.41554730858868,6.4
210.0,240.00000000000003,357.2893962880441,337.6247987626814,6.417396651801153,6.4
210.0,245.00000000000003,357.3069982257797,337.6306660752599,6.419245995013607,6.4
210.0,250.0,357.32460016351524,337.6365333878384,6.421095338226062,6.4
210.0,255.00000000000003,357.34220210125085,337.642400700417,6.422944681438533,6.4
210.0,260.0,357.35980403898645,337.6482680129955,6.424794024650988,6.4
210.0,265.00000000000006,357.37740597672206,337.65413532557403,6.426643367863442,6.4
210.0,270.0,357.39500791445766,337.66000263815255,6.428492711075897,6.4
210.0,275.0,357.41260985219327,337.6658699507311,6.43034205428837,6.4
210.0,280.0,357.4302117899289,337.67173726330964,6.432191397500824,6.4
210.0,285.0,357.4478137276644,337.67760457588815,6.434040740713279,6.4
210.0,290.00000000000006,357.46541566540003,337.6834718884667,6.4358900839257505,6.4
210.0,295.0,357.48301760313564,337.68933920104524,6.437739427138205,6.4
210.0,300.0,357.50061954087124,337.69520651362376,6.439588770350659,6.4
215.0,0.0,357.09774902204435,337.56091634068144,6.3972612794411825,6.4
215.0,5.0,357.11535095977996,337.56678365326,6.399110622653655,6.4
215.0,10.0,357.13295289751557,337.57265096583853,6.40095996586611,6.4
215.0,15.000000000000002,357.15055483525117,337.57851827841705,6.402809309078564,6.4
215.0,20.0,357.1681567729868,337.5843855909956,6.404658652291037,6.4
215.0,25.0,357.1857587107223,337.59025290357414,6.406507995503491,6.4
215.0,30.000000000000004,357.20336064845793,337.59612021615266,6.408357338715946,6.4
215.0,35.0,357.22096258619354,337.6019875287312,6.4102066819284,6.4
215.0,40.0,357.23856452392914,337.60785484130975,6.412056025140872,6.4
215.0,45.0,357.25616646166475,337.61372215388826,6.413905368353327,6.4
215.0,50.0,357.2737683994003,337.6195894664668,6.415754711565781,6.4
215.0,55.00000000000001,357.2913703371359,337.62545677904535,6.417604054778254,6.4
215.0,60.00000000000001,357.3089722748715,337.63132409162387,6.419453397990708,6.4
215.0,65.0,357.3265742126071,337.6371914042024,6.421302741203163,6.4
215.0,70.0,357.3441761503427,337.6430587167809,6.423152084415617,6.4
215.0,75.0,357.3617780880783,337.6489260293595,6.425001427628089,6.4
215.0,80.0,357.3793800258139,337.65479334193793,6.426850770840526,6.4
215.0,85.00000000000001,357.3969819635495,337.6606606545165,6.428700114052998,6.4
215.0,90.0,357.4145839012851,337.6665279670951,6.430549457265471,6.4
215.0,95.0,357.4321858390207,337.6723952796736,6.432398800477925,6.4
215.0,100.0,357.4497877767563,337.6782625922521,6.43424814369038,6.4
215.0,105.0,357.4673897144919,337.6841299048306,6.436097486902834,6.4
215.0,110.00000000000001,357.48499165222745,337.68999721740914,6.437946830115289,6.4
215.0,115.00000000000001,357.50259358996306,337.69586452998766,6.439796173327743,6.4
215.0,120.00000000000001,357.52019552769866,337.70173184256623,6.441645516540215,6.4
215.0,125.0,357.53779746543427,337.7075991551448,6.443494859752688,6.4
215.0,130.0,357.5553994031699,337.7134664677233,6.445344202965142,6.4
215.0,135.0,357.5730013409055,337.71933378030184,6.447193546177597,6.4
215.0,140.0,357.5906032786411,337.72520109288035,6.449042889390051,6.4
215.0,145.00000000000003,357.60820521637663,337.73106840545887,6.450892232602506,6.5
215.0,150.0,357.62580715411224,337.7369357180374,6.45274157581496,6.5
215.0,155.0,357.64340909184784,337.74280303061596,6.454590919027432,6.5
215.0,160.0,357.66101102958345,337.74867034319453,6.456440262239904,6.5
215.0,165.0,357.67861296731905,337.75453765577305,6.458289605452359,6.5
215.0,170.00000000000003,357.69621490505466,337.76040496835157,6.460138948664813,6.5
215.0,175.0,357.7138168427902,337.7662722809301,6.461988291877268,6.5
215.0,180.0,357.7314187805258,337.7721395935086,6.463837635089723,6.5
215.0,185.0,357.7490207182614,337.7780069060871,6.465686978302177,6.5
215.0,190.0,357.766622655997,337.7838742186657,6.467536321514649,6.5
215.0,195.00000000000003,357.78422459373263,337.78974153124426,6.469385664727121,6.5
215.0,200.0,357.80182653146824,337.7956088438228,6.471235007939576,6.5
215.0,205.00000000000003,357.8194284692038,337.8014761564013,6.47308435115203,6.5
215.0,210.0,357.8370304069394,337.8073434689798,6.474933694364485,6.5
215.0,215.0,357.854632344675,337.8132107815583,6.476783037576939,6.5
215.0,220.00000000000003,357.8722342824106,337.81907809413684,6.478632380789394,6.5
215.0,225.0,357.8898362201462,337.8249454067154,6.480481724001866,6.5
215.0,230.00000000000003,357.9074381578818,337.830812719294,6.482331067214338,6.5
215.0,235.0,357.92504009561736,337.83668003187245,6.484180410426775,6.5
215.0,240.00000000000003,357.94264203335297,337.842547344451,6.486029753639247,6.5
215.0,245.00000000000003,357.9602439710886,337.84841465702954,6.487879096851702,6.5
215.0,250.0,357.9778459088242,337.85428196960805,6.489728440064156,6.5
215.0,255.00000000000003,357.9954478465598,337.86014928218657,6.491577783276611,6.5
215.0,260.0,358.0130497842954,337.86601659476514,6.493427126489083,6.5
215.0,265.00000000000006,358.03065172203094,337.87188390734366,6.495276469701539,6.5
215.0,270.0,358.04825365976654,337.8777512199222,6.497125812913992,6.5
215.0,275.0,358.06585559750215,337.88361853250075,6.498975156126464,6.5
215.0,280.0,358.08345753523776,337.88948584507926,6.500824499338919,6.5
215.0,285.0,358.10105947297336,337.8953531576578,6.502673842551373,6.5
215.0,290.00000000000006,358.11866141070897,337.9012204702363,6.504523185763828,6.5
215.0,295.0,358.1362633484445,337.90708778281487,6.5063725289763,6.5
215.0,300.0,358.1538652861801,337.9129550953934,6.508221872188756,6.5
220.00000000000003,0.0,357.7509947673533,337.7786649224511,6.465894381279296,6.5
220.00000000000003,5.0,357.76859670508884,337.78453223502964,6.467743724491751,6.5
220.00000000000003,10.0,357.78619864282444,337.79039954760816,6.469593067704205,6.5
220.00000000000003,15.000000000000002,357.80380058056005,337.7962668601867,6.4714424109166595,6.5
220.00000000000003,20.0,357.82140251829566,337.8021341727652,6.4732917541291135,6.5
220.00000000000003,25.0,357.83900445603126,337.80800148534377,6.475141097341585,6.5
220.00000000000003,30.000000000000004,357.85660639376687,337.81386879792234,6.476990440554059,6.5
220.00000000000003,35.0,357.8742083315024,337.8197361105008,6.478839783766494,6.5
220.00000000000003,40.0,357.891810269238,337.8256034230794,6.480689126978968,6.5
220.00000000000003,45.0,357.9094122069736,337.8314707356579,6.482538470191422,6.5
220.00000000000003,50.0,357.92701414470923,337.8373380482364,6.484387813403877,6.5
220.00000000000003,55.00000000000001,357.94461608244484,337.8432053608149,6.486237156616331,6.5
220.00000000000003,60.00000000000001,357.96221802018044,337.8490726733935,6.488086499828802,6.5
220.00000000000003,65.0,357.979819957916,337.854939985972,6.489935843041258,6.5
220.00000000000003,70.0,357.9974218956516,337.8608072985505,6.491785186253711,6.5
220.00000000000003,75.0,358.0150238333872,337.8666746111291,6.493634529466185,6.5
220.00000000000003,80.0,358.0326257711228,337.8725419237076,6.495483872678639,6.5
220.00000000000003,85.00000000000001,358.0502277088584,337.87840923628613,6.497333215891094,6.5
220.00000000000003,90.0,358.067829646594,337.88427654886465,6.499182559103548,6.5
220.00000000000003,95.0,358.08543158432957,337.8901438614432,6.5010319023160195,6.5
220.00000000000003,100.0,358.1030335220652,337.89601117402174,6.502881245528475,6.5
220.00000000000003,105.0,358.1206354598008,337.90187848660025,6.504730588740928,6.5
220.00000000000003,110.00000000000001,358.1382373975364,337.9077457991788,6.506579931953402,6.5
220.00000000000003,115.00000000000001,358.155839335272,337.91361311175734,6.508429275165856,6.5
220.00000000000003,120.00000000000001,358.1734412730076,337.91948042433586,6.510278618378311,6.5
220.00000000000003,125.0,358.19104321074315,337.9253477369144,6.512127961590765,6.5
220.00000000000003,130.0,358.20864514847875,337.93121504949295,6.513977304803237,6.5
220.00000000000003,135.0,358.22624708621436,337.93708236207146,6.515826648015692,6.5
220.00000000000003,140.0,358.24384902394996,337.94294967465,6.5176759912281454,6.5
220.00000000000003,145.00000000000003,358.26145096168557,337.94881698722855,6.519525334440618,6.5
220.00000000000003,150.0,358.2790528994212,337.95468429980707,6.521374677653073,6.5
220.00000000000003,155.0,358.2966548371567,337.9605516123856,6.523224020865527,6.5
220.00000000000003,160.0,358.3142567748923,337.9664189249641,6.525073364077982,6.5
220.00000000000003,165.0,358.33185871262793,337.9722862375427,6.526922707290454,6.5
220.00000000000003,170.00000000000003,358.34946065036354,337.9781535501212,6.528772050502909,6.5
220.00000000000003,175.0,358.36706258809915,337.9840208626997,6.5306213937153625,6.5
220.00000000000003,180.0,358.38466452583475,337.9898881752783,6.532470736927835,6.5
220.00000000000003,185.0,358.4022664635703,337.9957554878568,6.53432008014029,6.5
220.00000000000003,190.0,358.4198684013059,338.0016228004353,6.536169423352744,6.5
220.00000000000003,195.00000000000003,358.4374703390415,338.00749011301383,6.538018766565199,6.5
220.00000000000003,200.0,358.4550722767771,338.0133574255924,6.539868109777671,6.5
220.00000000000003,205.00000000000003,358.4726742145127,338.0192247381709,6.5417174529901265,6.5
220.00000000000003,210.0,358.4902761522483,338.02509205074944,6.54356679620258,6.5
220.00000000000003,215.0,358.5078780899839,338.030959363328,6.545416139415052,6.5
220.00000000000003,220.00000000000003,358.5254800277195,338.0368266759065,6.547265482627507,6.5
220.00000000000003,225.0,358.5430819654551,338.04269398848504,6.549114825839961,6.5
220.00000000000003,230.00000000000003,358.5606839031907,338.04856130106356,6.550964169052416,6.6
220.00000000000003,235.0,358.5782858409263,338.05442861364213,6.552813512264888,6.6
220.00000000000003,240.00000000000003,358.5958877786619,338.06029592622065,6.554662855477344,6.6
220.00000000000003,245.00000000000003,358.61348971639745,338.06616323879916,6.556512198689797,6.6
220.00000000000003,250.0,358.63109165413306,338.07203055137774,6.558361541902269,6.6
220.00000000000003,255.00000000000003,358.64869359186866,338.07789786395625,6.560210885114724,6.6
220.00000000000003,260.0,358.66629552960427,338.08376517653477,6.562060228327178,6.6
220.00000000000003,265.00000000000006,358.6838974673399,338.0896324891133,6.563909571539633,6.6
220.00000000000003,270.0,358.7014994050755,338.09549980169186,6.565758914752105,6.6
220.00000000000003,275.0,358.7191013428111,338.1013671142704,6.567608257964561,6.6
220.00000000000003,280.0,358.73670328054664,338.1072344268489,6.569457601177014,6.6
220.00000000000003,285.0,358.75430521828224,338.11310173942746,6.5713069443894865,6.6
220.00000000000003,290.00000000000006,358.77190715601785,338.118969052006,6.573156287601941,6.6
220.00000000000003,295.0,358.78950909375345,338.1248363645845,6.575005630814395,6.6
220.00000000000003,300.0,358.80711103148906,338.130703677163,6.57685497402685,6.6
225.0,0.0,358.40424051266217,337.99641350422075,6.53452748311739,6.5
225.0,5.0,358.4218424503978,338.00228081679927,6.536376826329846,6.5
225.0,10.0,358.4394443881334,338.0081481293778,6.538226169542299,6.5
225.0,15.000000000000002,358.45704632586893,338.01401544195636,6.540075512754773,6.5
225.0,20.0,358.47464826360454,338.0198827545349,6.541924855967227,6.5
225.0,25.0,358.49225020134014,338.0257500671134,6.543774199179682,6.5
225.0,30.000000000000004,358.50985213907575,338.0316173796919,6.545623542392136,6.5
225.0,35.0,358.52745407681135,338.0374846922705,6.547472885604607,6.5
225.0,40.0,358.54505601454696,338.043352004849,6.549322228817063,6.5
225.0,45.0,358.5626579522825,338.0492193174275,6.551171572029516,6.6
225.0,50.0,358.5802598900181,338.0550866300061,6.55302091524199,6.6
225.0,55.00000000000001,358.5978618277537,338.0609539425846,6.554870258454444,6.6
225.0,60.00000000000001,358.6154637654893,338.0668212551631,6.556719601666899,6.6
225.0,65.0,358.63306570322493,338.07268856774164,6.558568944879353,6.6
225.0,70.0,358.65066764096053,338.0785558803202,6.5604182880918245,6.6
225.0,75.0,358.66826957869614,338.0844231928987,6.56226763130428,6.6
225.0,80.0,358.6858715164317,338.09029050547724,6.564116974516733,6.6
225.0,85.00000000000001,358.7034734541673,338.0961578180558,6.565966317729207,6.6
225.0,90.0,358.7210753919029,338.10202513063433,6.567815660941661,6.6
225.0,95.0,358.7386773296385,338.10789244321285,6.569665004154116,6.6
225.0,100.0,358.7562792673741,338.11375975579136,6.57151434736657,6.6
225.0,105.0,358.77388120510966,338.1196270683699,6.573363690579025,6.6
225.0,110.00000000000001,358.79148314284527,338.1254943809484,6.575213033791479,6.6
225.0,115.00000000000001,358.80908508058087,338.13136169352697,6.5770623770039505,6.6
225.0,120.00000000000001,358.8266870183165,338.13722900610554,6.578911720216423,6.6
225.0,125.0,358.8442889560521,338.14309631868406,6.580761063428878,6.6
225.0,130.0,358.8618908937877,338.1489636312626,6.582610406641332,6.6
225.0,135.0,358.8794928315233,338.1548309438411,6.584459749853787,6.6
225.0,140.0,358.89709476925884,338.1606982564196,6.586309093066241,6.6
225.0,145.00000000000003,358.91469670699445,338.1665655689981,6.588158436278696,6.6
225.0,150.0,358.93229864473005,338.1724328815767,6.590007779491168,6.6
225.0,155.0,358.94990058246566,338.17830019415527,6.59185712270364,6.6
225.0,160.0,358.96750252020126,338.1841675067338,6.593706465916095,6.6
225.0,165.0,358.98510445793687,338.1900348193123,6.595555809128549,6.6
225.0,170.00000000000003,359.0027063956724,338.1959021318908,6.597405152341004,6.6
225.0,175.0,359.020308333408,338.20176944446933,6.599254495553458,6.6
225.0,180.0,359.03791027114363,338.20763675704785,6.601103838765913,6.6
225.0,185.0,359.05551220887924,338.2135040696264,6.602953181978385,6.6
225.0,190.0,359.07311414661484,338.219371382205,6.604802525190857,6.6
225.0,195.00000000000003,359.09071608435045,338.2252386947835,6.606651868403312,6.6
225.0,200.0,359.108318022086,338.23110600736203,6.608501211615766,6.6
225.0,205.00000000000003,359.1259199598216,338.23697331994055,6.610350554828221,6.6
225.0,210.0,359.1435218975572,338.24284063251906,6.612199898040675,6.6
225.0,215.0,359.1611238352928,338.2487079450976,6.61404924125313,6.6
225.0,220.00000000000003,359.1787257730284,338.25457525767615,6.615898584465602,6.6
225.0,225.0,359.196327710764,338.2604425702547,6.617747927678074,6.6
225.0,230.00000000000003,359.2139296484996,338.2663098828332,6.619597270890511,6.6
225.0,235.0,359.2315315862352,338.27217719541176,6.621446614102983,6.6
225.0,240.00000000000003,359.2491335239708,338.2780445079903,6.623295957315438,6.6
225.0,245.00000000000003,359.2667354617064,338.2839118205688,6.625145300527892,6.6
225.0,250.0,359.284337399442,338.2897791331473,6.626994643740347,6.6
225.0,255.00000000000003,359.3019393371776,338.2956464457259,6.628843986952819,6.6
225.0,260.0,359.31954127491315,338.3015137583044,6.630693330165275,6.6
225.0,265.00000000000006,359.33714321264875,338.3073810708829,6.632542673377728,6.6
225.0,270.0,359.35474515038436,338.3132483834615,6.6343920165902,6.6
225.0,275.0,359.37234708811997,338.31911569604,6.636241359802655,6.6
225.0,280.0,359.38994902585557,338.3249830086185,6.638090703015109,6.6
225.0,285.0,359.4075509635912,338.33085032119703,6.639940046227564,6.6
225.0,290.00000000000006,359.4251529013267,338.3367176337756,6.641789389440035,6.6
225.0,295.0,359.44275483906233,338.3425849463541,6.643638732652492,6.6
225.0,300.0,359.46035677679794,338.34845225893264,6.645488075864945,6.6
230.00000000000003,0.0,359.05748625797105,338.2141620859904,6.603160584955487,6.6
230.00000000000003,5.0,359.07508819570666,338.2200293985689,6.605009928167941,6.6
230.00000000000003,10.0,359.09269013344226,338.2258967111474,6.6068592713803955,6.6
230.00000000000003,15.000000000000002,359.11029207117787,338.23176402372593,6.6087086145928495,6.6
230.00000000000003,20.0,359.1278940089135,338.2376313363045,6.610557957805321,6.6
230.00000000000003,25.0,359.1454959466491,338.2434986488831,6.612407301017795,6.6
230.00000000000003,30.000000000000004,359.1630978843846,338.24936596146154,6.61425664423023,6.6
230.00000000000003,35.0,359.18069982212023,338.2552332740401,6.616105987442704,6.6
230.00000000000003,40.0,359.19830175985584,338.2611005866186,6.617955330655158,6.6
230.00000000000003,45.0,359.21590369759144,338.26696789919714,6.619804673867613,6.6
230.00000000000003,50.0,359.23350563532705,338.27283521177566,6.621654017080067,6.6
230.00000000000003,55.00000000000001,359.25110757306265,338.27870252435423,6.623503360292538,6.6
230.00000000000003,60.00000000000001,359.2687095107982,338.28456983693275,6.625352703504994,6.6
230.00000000000003,65.0,359.2863114485338,338.29043714951126,6.627202046717447,6.6
230.00000000000003,70.0,359.3039133862694,338.29630446208984,6.629051389929921,6.6
230.00000000000003,75.0,359.321515324005,338.30217177466835,6.630900733142375,6.6
230.00000000000003,80.0,359.3391172617406,338.30803908724687,6.63275007635483,6.6
230.00000000000003,85.00000000000001,359.35671919947623,338.3139063998254,6.634599419567284,6.6
230.00000000000003,90.0,359.37432113721184,338.31977371240396,6.6364487627797555,6.6
230.00000000000003,95.0,359.3919230749474,338.3256410249825,6.638298105992211,6.6
230.00000000000003,100.0,359.409525012683,338.331508337561,6.640147449204664,6.6
230.00000000000003,105.0,359.4271269504186,338.33737565013956,6.641996792417137,6.6
230.00000000000003,110.00000000000001,359.4447288881542,338.3432429627181,6.643846135629592,6.6
230.00000000000003,115.00000000000001,359.4623308258898,338.3491102752966,6.645695478842046,6.6
230.00000000000003,120.00000000000001,359.47993276362536,338.3549775878751,6.647544822054501,6.6
230.00000000000003,125.0,359.49753470136096,338.3608449004537,6.649394165266973,6.6
230.00000000000003,130.0,359.51513663909657,338.3667122130322,6.651243508479428,6.7
230.00000000000003,135.0,359.5327385768322,338.3725795256107,6.6530928516918815,6.7
230.00000000000003,140.0,359.5503405145678,338.3784468381893,6.654942194904354,6.7
230.00000000000003,145.00000000000003,359.5679424523034,338.3843141507678,6.656791538116809,6.7
230.00000000000003,150.0,359.58554439003893,338.3901814633463,6.658640881329263,6.7
230.00000000000003,155.0,359.60314632777454,338.39604877592484,6.660490224541718,6.7
230.00000000000003,160.0,359.62074826551014,338.4019160885034,6.66233956775419,6.7
230.00000000000003,165.0,359.63835020324575,338.40778340108193,6.6641889109666455,6.7
230.00000000000003,170.00000000000003,359.65595214098136,338.41365071366045,6.666038254179099,6.7
230.00000000000003,175.0,359.67355407871696,338.419518026239,6.667887597391571,6.7
230.00000000000003,180.0,359.6911560164525,338.42538533881753,6.669736940604026,6.7
230.00000000000003,185.0,359.7087579541881,338.43125265139605,6.67158628381648,6.7
230.00000000000003,190.0,359.7263598919237,338.43711996397457,6.673435627028935,6.7
230.00000000000003,195.00000000000003,359.7439618296593,338.44298727655314,6.675284970241407,6.7
230.00000000000003,200.0,359.76156376739493,338.44885458913166,6.6771343134538625,6.7
230.00000000000003,205.00000000000003,359.77916570513054,338.4547219017102,6.678983656666316,6.7
230.00000000000003,210.0,359.79676764286614,338.46058921428875,6.680832999878788,6.7
230.00000000000003,215.0,359.8143695806017,338.46645652686726,6.682682343091243,6.7
230.00000000000003,220.00000000000003,359.8319715183373,338.4723238394458,6.684531686303697,6.7
230.00000000000003,225.0,359.8495734560729,338.4781911520243,6.686381029516152,6.7
230.00000000000003,230.00000000000003,359.8671753938085,338.48405846460287,6.688230372728624,6.7
230.00000000000003,235.0,359.8847773315441,338.4899257771814,6.69007971594108,6.7
230.00000000000003,240.00000000000003,359.90237926927966,338.4957930897599,6.691929059153533,6.7
230.00000000000003,245.00000000000003,359.91998120701527,338.5016604023385,6.693778402366005,6.7
230.00000000000003,250.0,359.9375831447509,338.507527714917,6.69562774557846,6.7
230.00000000000003,255.00000000000003,359.9551850824865,338.5133950274955,6.697477088790914,6.7
230.00000000000003,260.0,359.9727870202221,338.519262340074,6.699326432003369,6.7
230.00000000000003,265.00000000000006,359.9903889579577,338.5251296526526,6.70117577521584,6.7
230.00000000000003,270.0,360.0079908956933,338.5309969652311,6.703025118428297,6.7
230.00000000000003,275.0,360.02559283342885,338.5368642778096,6.704874461640749,6.7
230.00000000000003,280.0,360.04319477116445,338.5427315903882,6.7067238048532225,6.7
230.00000000000003,285.0,360.06079670890006,338.5485989029667,6.7085731480656765,6.7
230.00000000000003,290.00000000000006,360.07839864663566,338.55446621554523,6.710422491278131,6.7
230.00000000000003,295.0,360.09600058437127,338.56033352812375,6.712271834490585,6.7
230.00000000000003,300.0,360.1136025221069,338.5662008407023,6.714121177703057,6.7
235.0,0.0,359.71073200328,338.43191066776,6.671793686793582,6.7
235.0,5.0,359.7283339410156,338.4377779803385,6.673643030006035,6.7
235.0,10.0,359.7459358787512,338.4436452929171,6.675492373218509,6.7
235.0,15.000000000000002,359.76353781648675,338.4495126054956,6.677341716430963,6.7
235.0,20.0,359.78113975422235,338.45537991807413,6.679191059643418,6.7
235.0,25.0,359.79874169195796,338.46124723065265,6.681040402855872,6.7
235.0,30.000000000000004,359.81634362969356,338.4671145432312,6.682889746068343,6.7
235.0,35.0,359.83394556742917,338.47298185580973,6.684739089280799,6.7
235.0,40.0,359.8515475051647,338.47884916838825,6.686588432493252,6.7
235.0,45.0,359.8691494429003,338.4847164809668,6.688437775705725,6.7
235.0,50.0,359.8867513806359,338.49058379354534,6.69028711891818,6.7
235.0,55.00000000000001,359.90435331837153,338.49645110612386,6.692136462130635,6.7
235.0,60.00000000000001,359.92195525610714,338.5023184187024,6.693985805343089,6.7
235.0,65.0,359.93955719384275,338.50818573128095,6.6958351485555605,6.7
235.0,70.0,359.95715913157835,338.51405304385946,6.697684491768016,6.7
235.0,75.0,359.9747610693139,338.519920356438,6.699533834980469,6.7
235.0,80.0,359.9923630070495,338.52578766901655,6.701383178192942,6.7
235.0,85.00000000000001,360.0099649447851,338.53165498159507,6.703232521405397,6.7
235.0,90.0,360.0275668825207,338.5375222941736,6.705081864617851,6.7
235.0,95.0,360.0451688202563,338.5433896067521,6.706931207830306,6.7
235.0,100.0,360.0627707579919,338.5492569193307,6.708780551042778,6.7
235.0,105.0,360.0803726957275,338.55512423190913,6.710629894255215,6.7
235.0,110.00000000000001,360.0979746334631,338.5609915444877,6.7124792374676865,6.7
235.0,115.00000000000001,360.1155765711987,338.5668588570663,6.714328580680159,6.7
235.0,120.00000000000001,360.1331785089343,338.5727261696448,6.716177923892614,6.7
235.0,125.0,360.1507804466699,338.5785934822233,6.718027267105068,6.7
235.0,130.0,360.1683823844055,338.5844607948018,6.719876610317523,6.7
235.0,135.0,360.18598432214105,338.59032810738034,6.721725953529977,6.7
235.0,140.0,360.20358625987666,338.59619541995886,6.723575296742432,6.7
235.0,145.00000000000003,360.22118819761226,338.60206273253743,6.725424639954904,6.7
235.0,150.0,360.23879013534787,338.607930045116,6.727273983167376,6.7
235.0,155.0,360.2563920730835,338.6137973576945,6.729123326379831,6.7
235.0,160.0,360.2739940108191,338.61966467027304,6.730972669592285,6.7
235.0,165.0,360.29159594855463,338.62553198285156,6.73282201280474,6.7
235.0,170.00000000000003,360.30919788629024,338.63139929543007,6.734671356017194,6.7
235.0,175.0,360.32679982402584,338.6372666080086,6.736520699229649,6.7
235.0,180.0,360.34440176176145,338.64313392058716,6.738370042442121,6.7
235.0,185.0,360.36200369949705,338.64900123316573,6.740219385654593,6.7
235.0,190.0,360.37960563723266,338.65486854574425,6.742068728867048,6.7
235.0,195.00000000000003,360.3972075749682,338.66073585832277,6.743918072079502,6.7
235.0,200.0,360.4148095127038,338.6666031709013,6.745767415291957,6.7
235.0,205.00000000000003,360.4324114504394,338.6724704834798,6.747616758504411,6.7
235.0,210.0,360.450013388175,338.6783377960583,6.749466101716866,6.7
235.0,215.0,360.46761532591063,338.6842051086369,6.751315444929338,6.8
235.0,220.00000000000003,360.48521726364623,338.69007242121546,6.75316478814181,6.8
235.0,225.0,360.5028192013818,338.6959397337939,6.755014131354247,6.8
235.0,230.00000000000003,360.5204211391174,338.7018070463725,6.756863474566719,6.8
235.0,235.0,360.538023076853,338.707674358951,6.758712817779174,6.8
235.0,240.00000000000003,360.5556250145886,338.7135416715295,6.760562160991628,6.8
235.0,245.00000000000003,360.5732269523242,338.71940898410804,6.762411504204083,6.8
235.0,250.0,360.5908288900598,338.7252762966866,6.764260847416554,6.8
235.0,255.00000000000003,360.60843082779536,338.73114360926513,6.766110190629011,6.8
235.0,260.0,360.62603276553097,338.73701092184365,6.767959533841463,6.8
235.0,265.00000000000006,360.64363470326657,338.7428782344222,6.769808877053936,6.8
235.0,270.0,360.6612366410022,338.74874554700074,6.77165822026639,6.8
235.0,275.0,360.6788385787378,338.75461285957925,6.773507563478845,6.8
235.0,280.0,360.6964405164734,338.76048017215777,6.775356906691299,6.8
235.0,285.0,360.71404245420894,338.76634748473634,6.777206249903771,6.8
235.0,290.00000000000006,360.73164439194454,338.77221479731486,6.779055593116227,6.8
235.0,295.0,360.74924632968015,338.7780821098934,6.78090493632868,6.8
235.0,300.0,360.76684826741575,338.78394942247195,6.7827542795411535,6.8
240.00000000000003,0.0,360.36397774858887,338.64965924952963,6.740426788631677,6.7
240.00000000000003,5.0,360.38157968632447,338.65552656210815,6.7422761318441315,6.7
240.00000000000003,10.0,360.3991816240601,338.66139387468667,6.7441254750565856,6.7
240.00000000000003,15.000000000000002,360.4167835617957,338.66726118726524,6.745974818269057,6.7
240.00000000000003,20.0,360.4343854995313,338.6731284998438,6.74782416148153,6.7
240.00000000000003,25.0,360.45198743726684,338.6789958124223,6.749673504693966,6.7
240.00000000000003,30.000000000000004,360.46958937500244,338.68486312500085,6.751522847906439,6.8
240.00000000000003,35.0,360.48719131273805,338.69073043757936,6.753372191118894,6.8
240.00000000000003,40.0,360.50479325047365,338.6965977501579,6.755221534331349,6.8
240.00000000000003,45.0,360.52239518820926,338.7024650627364,6.757070877543803,6.8
240.00000000000003,50.0,360.53999712594486,338.70833237531497,6.758920220756274,6.8
240.00000000000003,55.00000000000001,360.5575990636804,338.7141996878935,6.76076956396873,6.8
240.00000000000003,60.00000000000001,360.575201001416,338.720067000472,6.762618907181183,6.8
240.00000000000003,65.0,360.5928029391516,338.7259343130506,6.764468250393656,6.8
240.00000000000003,70.0,360.61040487688723,338.7318016256291,6.766317593606111,6.8
240.00000000000003,75.0,360.62800681462284,338.7376689382076,6.768166936818565,6.8
240.00000000000003,80.0,360.64560875235844,338.7435362507861,6.77001628003102,6.8
240.00000000000003,85.00000000000001,360.663210690094,338.7494035633647,6.7718656232434915,6.8
240.00000000000003,90.0,360.6808126278296,338.7552708759432,6.773714966455947,6.8
240.00000000000003,95.0,360.6984145655652,338.7611381885217,6.7755643096684,6.8
240.00000000000003,100.0,360.7160165033008,338.7670055011003,6.777413652880873,6.8
240.00000000000003,105.0,360.7336184410364,338.7728728136788,6.779262996093328,6.8
240.00000000000003,110.00000000000001,360.751220378772,338.77874012625733,6.781112339305782,6.8
240.00000000000003,115.00000000000001,360.76882231650757,338.78460743883585,6.782961682518237,6.8
240.00000000000003,120.00000000000001,360.7864242542432,338.7904747514144,6.784811025730709,6.8
240.00000000000003,125.0,360.8040261919788,338.79634206399294,6.786660368943164,6.8
240.00000000000003,130.0,360.8216281297144,338.80220937657145,6.7885097121556175,6.8
240.00000000000003,135.0,360.83923006745,338.80807668915,6.79035905536809,6.8
240.00000000000003,140.0,360.8568320051856,338.81394400172854,6.792208398580545,6.8
240.00000000000003,145.00000000000003,360.8744339429212,338.81981131430706,6.794057741792999,6.8
240.00000000000003,150.0,360.89203588065675,338.8256786268856,6.795907085005454,6.8
240.00000000000003,155.0,360.90963781839235,338.83154593946415,6.797756428217926,6.8
240.00000000000003,160.0,360.92723975612796,338.83741325204267,6.7996057714303815,6.8
240.00000000000003,165.0,360.94484169386357,338.8432805646212,6.801455114642835,6.8
240.00000000000003,170.00000000000003,360.96244363159917,338.84914787719975,6.803304457855307,6.8
240.00000000000003,175.0,360.9800455693347,338.85501518977827,6.805153801067762,6.8
240.00000000000003,180.0,360.9976475070703,338.8608825023568,6.807003144280216,6.8
240.00000000000003,185.0,361.01524944480593,338.8667498149353,6.808852487492671,6.8
240.00000000000003,190.0,361.03285138254154,338.8726171275139,6.810701830705143,6.8
240.00000000000003,195.00000000000003,361.05045332027714,338.8784844400924,6.812551173917599,6.8
240.00000000000003,200.0,361.06805525801275,338.8843517526709,6.814400517130052,6.8
240.00000000000003,205.00000000000003,361.08565719574835,338.8902190652495,6.816249860342524,6.8
240.00000000000003,210.0,361.1032591334839,338.896086377828,6.818099203554979,6.8
240.00000000000003,215.0,361.1208610712195,338.9019536904065,6.819948546767433,6.8
240.00000000000003,220.00000000000003,361.1384630089551,338.90782100298503,6.821797889979888,6.8
240.00000000000003,225.0,361.1560649466907,338.9136883155636,6.823647233192359,6.8
240.00000000000003,230.00000000000003,361.1736668844263,338.9195556281421,6.825496576404816,6.8
240.00000000000003,235.0,361.1912688221619,338.92542294072064,6.827345919617268,6.8
240.00000000000003,240.00000000000003,361.2088707598975,338.9312902532992,6.829195262829741,6.8
240.00000000000003,245.00000000000003,361.2264726976331,338.9371575658777,6.831044606042195,6.8
240.00000000000003,250.0,361.2440746353687,338.94302487845624,6.83289394925465,6.8
240.00000000000003,255.00000000000003,361.2616765731043,338.94889219103476,6.834743292467104,6.8
240.00000000000003,260.0,361.2792785108399,338.95475950361333,6.836592635679576,6.8
240.00000000000003,265.00000000000006,361.2968804485755,338.96062681619185,6.838441978892032,6.8
240.00000000000003,270.0,361.31448238631106,338.96649412877036,6.840291322104485,6.8
240.00000000000003,275.0,361.33208432404666,338.97236144134894,6.8421406653169585,6.8
240.00000000000003,280.0,361.34968626178227,338.97822875392745,6.8439900085294125,6.8
240.00000000000003,285.0,361.3672881995179,338.98409606650597,6.845839351741867,6.8
240.00000000000003,290.00000000000006,361.3848901372535,338.9899633790845,6.847688694954321,6.8
240.00000000000003,295.0,361.4024920749891,338.99583069166306,6.849538038166793,6.8
240.00000000000003,300.0,361.42009401272463,339.0016980042415,6.85138738137923,6.9
245.00000000000003,0.0,361.0172234938978,338.86740783129926,6.809059890469771,6.8
245.00000000000003,5.0,361.0348254316334,338.87327514387783,6.810909233682244,6.8
245.00000000000003,10.0,361.05242736936896,338.87914245645635,6.812758576894699,6.8
245.00000000000003,15.000000000000002,361.07002930710456,338.88500976903487,6.814607920107153,6.8
245.00000000000003,20.0,361.08763124484017,338.8908770816134,6.816457263319608,6.8
245.00000000000003,25.0,361.1052331825758,338.89674439419196,6.818306606532079,6.8
245.00000000000003,30.000000000000004,361.1228351203114,338.9026117067705,6.820155949744535,6.8
245.00000000000003,35.0,361.1404370580469,338.908479019349,6.822005292956988,6.8
245.00000000000003,40.0,361.15803899578253,338.91434633192756,6.823854636169461,6.8
245.00000000000003,45.0,361.17564093351814,338.9202136445061,6.825703979381916,6.8
245.00000000000003,50.0,361.19324287125374,338.9260809570846,6.82755332259437,6.8
245.00000000000003,55.00000000000001,361.21084480898935,338.9319482696631,6.829402665806825,6.8
245.00000000000003,60.00000000000001,361.22844674672496,338.9378155822417,6.8312520090192965,6.8
245.00000000000003,65.0,361.24604868446056,338.9436828948202,6.833101352231752,6.8
245.00000000000003,70.0,361.2636506221961,338.9495502073987,6.834950695444205,6.8
245.00000000000003,75.0,361.2812525599317,338.9554175199773,6.836800038656678,6.8
245.00000000000003,80.0,361.2988544976673,338.9612848325558,6.838649381869133,6.8
245.00000000000003,85.00000000000001,361.3164564354029,338.9671521451343,6.840498725081587,6.8
245.00000000000003,90.0,361.33405837313853,338.97301945771284,6.842348068294042,6.8
245.00000000000003,95.0,361.35166031087414,338.9788867702914,6.844197411506514,6.8
245.00000000000003,100.0,361.3692622486097,338.98475408286987,6.846046754718951,6.8
245.00000000000003,105.0,361.3868641863453,338.99062139544844,6.8478960979314225,6.8
245.00000000000003,110.00000000000001,361.4044661240809,338.996488708027,6.849745441143895,6.8
245.00000000000003,115.00000000000001,361.4220680618165,339.00235602060553,6.85159478435635,6.9
245.00000000000003,120.00000000000001,361.4396699995521,339.00822333318405,6.853444127568804,6.9
245.00000000000003,125.0,361.4572719372877,339.01409064576256,6.855293470781259,6.9
245.00000000000003,130.0,361.47487387502326,339.0199579583411,6.857142813993713,6.9
245.00000000000003,135.0,361.49247581275887,339.0258252709196,6.858992157206168,6.9
245.00000000000003,140.0,361.5100777504945,339.03169258349817,6.86084150041864,6.9
245.00000000000003,145.00000000000003,361.5276796882301,339.03755989607674,6.862690843631112,6.9
245.00000000000003,150.0,361.5452816259657,339.04342720865526,6.864540186843567,6.9
245.00000000000003,155.0,361.56288356370123,339.0492945212338,6.866389530056021,6.9
245.00000000000003,160.0,361.5804855014369,339.0551618338123,6.868238873268476,6.9
245.00000000000003,165.0,361.59808743917245,339.0610291463908,6.87008821648093,6.9
245.00000000000003,170.00000000000003,361.61568937690805,339.0668964589693,6.871937559693385,6.9
245.00000000000003,175.0,361.63329131464366,339.0727637715479,6.873786902905857,6.9
245.00000000000003,180.0,361.65089325237926,339.07863108412647,6.875636246118329,6.9
245.00000000000003,185.0,361.66849519011487,339.084498396705,6.877485589330783,6.9
245.00000000000003,190.0,361.6860971278504,339.0903657092835,6.879334932543238,6.9
245.00000000000003,195.00000000000003,361.703699065586,339.096233021862,6.881184275755693,6.9
245.00000000000003,200.0,361.7213010033216,339.10210033444054,6.883033618968147,6.9
245.00000000000003,205.00000000000003,361.73890294105723,339.10796764701905,6.884882962180602,6.9
245.00000000000003,210.0,361.75650487879284,339.1138349595976,6.886732305393073,6.9
245.00000000000003,215.0,361.77410681652844,339.1197022721762,6.8885816486055464,6.9
245.00000000000003,220.00000000000003,361.791708754264,339.12556958475466,6.890430991817982,6.9
245.00000000000003,225.0,361.8093106919996,339.13143689733323,6.892280335030455,6.9
245.00000000000003,230.00000000000003,361.8269126297352,339.13730420991175,6.894129678242909,6.9
245.00000000000003,235.0,361.8445145674708,339.14317152249026,6.895979021455364,6.9
245.00000000000003,240.00000000000003,361.8621165052064,339.1490388350688,6.897828364667818,6.9
245.00000000000003,245.00000000000003,361.879718442942,339.15490614764735,6.89967770788029,6.9
245.00000000000003,250.0,361.89732038067757,339.16077346022587,6.901527051092746,6.9
245.00000000000003,255.00000000000003,361.9149223184132,339.1666407728044,6.903376394305199,6.9
245.00000000000003,260.0,361.9325242561488,339.17250808538296,6.905225737517672,6.9
245.00000000000003,265.00000000000006,361.9501261938844,339.1783753979615,6.907075080730126,6.9
245.00000000000003,270.0,361.96772813162,339.18424271054,6.908924423942581,6.9
245.00000000000003,275.0,361.9853300693556,339.1901100231185,6.910773767155035,6.9
245.00000000000003,280.0,362.0029320070912,339.1959773356971,6.912623110367507,6.9
245.00000000000003,285.0,362.02053394482675,339.2018446482756,6.914472453579963,6.9
245.00000000000003,290.00000000000006,362.03813588256236,339.2077119608541,6.916321796792416,6.9
245.00000000000003,295.0,362.05573782029796,339.2135792734327,6.9181711400048895,6.9
245.00000000000003,300.0,362.07333975803357,339.2194465860112,6.9200204832173435,6.9
250.0,0.0,361.6704692392067,339.0851564130689,6.877692992307867,6.9
250.0,5.0,361.6880711769423,339.0910237256474,6.879542335520322,6.9
250.0,10.0,361.7056731146779,339.096891038226,6.881391678732793,6.9
250.0,15.000000000000002,361.72327505241344,339.1027583508045,6.883241021945249,6.9
250.0,20.0,361.74087699014905,339.108625663383,6.885090365157702,6.9
250.0,25.0,361.75847892788465,339.1144929759616,6.886939708370175,6.9
250.0,30.000000000000004,361.77608086562026,339.1203602885401,6.88878905158263,6.9
250.0,35.0,361.79368280335586,339.1262276011186,6.890638394795084,6.9
250.0,40.0,361.81128474109147,339.13209491369713,6.892487738007539,6.9
250.0,45.0,361.8288866788271,339.1379622262757,6.89433708122001,6.9
250.0,50.0,361.8464886165626,339.1438295388542,6.896186424432466,6.9
250.0,55.00000000000001,361.86409055429823,339.14969685143274,6.898035767644919,6.9
250.0,60.00000000000001,361.88169249203384,339.1555641640113,6.899885110857392,6.9
250.0,65.0,361.89929442976944,339.1614314765898,6.901734454069847,6.9
250.0,70.0,361.91689636750505,339.16729878916834,6.903583797282301,6.9
250.0,75.0,361.9344983052406,339.17316610174686,6.905433140494756,6.9
250.0,80.0,361.9521002429762,339.17903341432543,6.9072824837072275,6.9
250.0,85.00000000000001,361.9697021807118,339.18490072690395,6.909131826919683,6.9
250.0,90.0,361.9873041184474,339.19076803948246,6.910981170132136,6.9
250.0,95.0,362.004906056183,339.19663535206104,6.912830513344609,6.9
250.0,100.0,362.0225079939186,339.20250266463955,6.914679856557064,6.9
250.0,105.0,362.04010993165423,339.20836997721807,6.916529199769518,6.9
250.0,110.00000000000001,362.0577118693898,339.2142372897966,6.918378542981973,6.9
250.0,115.00000000000001,362.0753138071254,339.22010460237516,6.920227886194445,6.9
250.0,120.00000000000001,362.092915744861,339.2259719149537,6.9220772294069,6.9
250.0,125.0,362.1105176825966,339.2318392275322,6.9239265726193535,6.9
250.0,130.0,362.1281196203322,339.23770654011076,6.925775915831826,6.9
250.0,135.0,362.1457215580678,339.2435738526893,6.927625259044281,6.9
250.0,140.0,362.16332349580335,339.2494411652678,6.929474602256735,6.9
250.0,145.00000000000003,362.18092543353896,339.2553084778463,6.93132394546919,6.9
250.0,150.0,362.19852737127457,339.2611757904249,6.933173288681661,6.9
250.0,155.0,362.21612930901017,339.2670431030034,6.9350226318941175,6.9
250.0,160.0,362.2337312467458,339.2729104155819,6.93687197510657,6.9
250.0,165.0,362.2513331844814,339.2787777281605,6.938721318319043,6.9
250.0,170.00000000000003,362.26893512221693,339.284645040739,6.940570661531497,6.9
250.0,175.0,362.28653705995254,339.2905123533175,6.942420004743952,6.9
250.0,180.0,362.30413899768814,339.29637966589604,6.944269347956407,6.9
250.0,185.0,362.32174093542375,339.3022469784746,6.946118691168878,6.9
250.0,190.0,362.33934287315935,339.30811429105313,6.947968034381335,6.9
250.0,195.00000000000003,362.35694481089496,339.31398160363165,6.949817377593787,6.9
250.0,200.0,362.37454674863056,339.3198489162102,6.95166672080626,7.0
250.0,205.00000000000003,362.3921486863661,339.32571622878874,6.953516064018714,7.0
250.0,210.0,362.4097506241017,339.33158354136725,6.955365407231169,7.0
250.0,215.0,362.4273525618373,339.33745085394577,6.957214750443623,7.0
250.0,220.00000000000003,362.44495449957293,339.34331816652434,6.959064093656095,7.0
250.0,225.0,362.46255643730854,339.34918547910286,6.960913436868551,7.0
250.0,230.00000000000003,362.4801583750441,339.3550527916814,6.962762780081004,7.0
250.0,235.0,362.4977603127797,339.36092010425995,6.9646121232934775,7.0
250.0,240.00000000000003,362.5153622505153,339.36678741683846,6.9664614665059315,7.0
250.0,245.00000000000003,362.5329641882509,339.372654729417,6.968310809718386,7.0
250.0,250.0,362.5505661259865,339.3785220419955,6.97016015293084,7.0
250.0,255.00000000000003,362.5681680637221,339.38438935457407,6.972009496143312,7.0
250.0,260.0,362.5857700014577,339.3902566671526,6.973858839355768,7.0
250.0,265.00000000000006,362.60337193919327,339.3961239797311,6.975708182568221,7.0
250.0,270.0,362.6209738769289,339.4019912923097,6.9775575257806945,7.0
250.0,275.0,362.6385758146645,339.4078586048882,6.9794068689931485,7.0
250.0,280.0,362.6561777524001,339.4137259174667,6.981256212205603,7.0
250.0,285.0,362.6737796901357,339.4195932300452,6.983105555418057,7.0
250.0,290.00000000000006,362.69138162787124,339.42546054262374,6.984954898630512,7.0
250.0,295.0,362.70898356560684,339.43132785520226,6.986804241842966,7.0
250.0,300.0,362.72658550334245,339.4371951677808,6.988653585055438,7.0
255.00000000000003,0.0,362.3237149845156,339.30290499483857,6.94632609414598,6.9
255.00000000000003,5.0,362.34131692225117,339.3087723074171,6.948175437358435,6.9
255.00000000000003,10.0,362.3589188599868,339.3146396199956,6.950024780570889,7.0
255.00000000000003,15.000000000000002,362.3765207977224,339.3205069325741,6.951874123783344,7.0
255.00000000000003,20.0,362.394122735458,339.3263742451527,6.9537234669958154,7.0
255.00000000000003,25.0,362.4117246731936,339.3322415577312,6.955572810208271,7.0
255.00000000000003,30.000000000000004,362.4293266109292,339.3381088703097,6.957422153420724,7.0
255.00000000000003,35.0,362.44692854866474,339.3439761828883,6.959271496633197,7.0
255.00000000000003,40.0,362.46453048640035,339.3498434954668,6.961120839845652,7.0
255.00000000000003,45.0,362.48213242413595,339.35571080804533,6.962970183058106,7.0
255.00000000000003,50.0,362.49973436187156,339.36157812062385,6.964819526270561,7.0
255.00000000000003,55.00000000000001,362.51733629960717,339.3674454332024,6.9666688694830325,7.0
255.00000000000003,60.00000000000001,362.53493823734277,339.37331274578094,6.968518212695488,7.0
255.00000000000003,65.0,362.5525401750783,339.37918005835945,6.970367555907941,7.0
255.00000000000003,70.0,362.5701421128139,339.385047370938,6.972216899120414,7.0
255.00000000000003,75.0,362.58774405054953,339.39091468351654,6.974066242332869,7.0
255.00000000000003,80.0,362.60534598828514,339.39678199609506,6.975915585545323,7.0
255.00000000000003,85.00000000000001,362.62294792602074,339.4026493086736,6.977764928757778,7.0
255.00000000000003,90.0,362.64054986375635,339.40851662125215,6.97961427197025,7.0
255.00000000000003,95.0,362.65815180149195,339.41438393383066,6.981463615182705,7.0
255.00000000000003,100.0,362.6757537392275,339.4202512464092,6.9833129583951585,7.0
255.00000000000003,105.0,362.6933556769631,339.42611855898775,6.985162301607631,7.0
255.00000000000003,110.00000000000001,362.7109576146987,339.43198587156627,6.987011644820086,7.0
255.00000000000003,115.00000000000001,362.7285595524343,339.4378531841448,6.98886098803254,7.0
255.00000000000003,120.00000000000001,362.7461614901699,339.4437204967233,6.990710331244995,7.0
255.00000000000003,125.0,362.7637634279055,339.4495878093018,6.992559674457449,7.0
255.00000000000003,130.0,362.7813653656411,339.45545512188033,6.994409017669904,7.0
255.00000000000003,135.0,362.7989673033767,339.4613224344589,6.996258360882375,7.0
255.00000000000003,140.0,362.8165692411123,339.4671897470375,6.998107704094848,7.0
255.00000000000003,145.00000000000003,362.8341711788479,339.473057059616,6.999957047307302,7.0
255.00000000000003,150.0,362.8517731165835,339.4789243721945,7.001806390519757,7.0
255.00000000000003,155.0,362.86937505431905,339.48479168477303,7.003655733732211,7.0
255.00000000000003,160.0,362.88697699205466,339.49065899735155,7.005505076944666,7.0
255.00000000000003,165.0,362.90457892979026,339.49652630993006,7.00735442015712,7.0
255.00000000000003,170.00000000000003,362.92218086752587,339.50239362250863,7.009203763369592,7.0
255.00000000000003,175.0,362.9397828052615,339.5082609350872,7.011053106582065,7.0
255.00000000000003,180.0,362.9573847429971,339.5141282476657,7.012902449794519,7.0
255.00000000000003,185.0,362.9749866807326,339.51999556024424,7.014751793006974,7.0
255.00000000000003,190.0,362.99258861846823,339.52586287282276,7.016601136219428,7.0
255.00000000000003,195.00000000000003,363.01019055620384,339.5317301854013,7.018450479431883,7.0
255.00000000000003,200.0,363.02779249393944,339.5375974979798,7.020299822644337,7.0
255.00000000000003,205.00000000000003,363.04539443167505,339.54346481055836,7.022149165856809,7.0
255.00000000000003,210.0,363.06299636941066,339.54933212313694,7.0239985090692825,7.0
255.00000000000003,215.0,363.08059830714626,339.55519943571545,7.0258478522817365,7.0
255.00000000000003,220.00000000000003,363.0982002448818,339.56106674829397,7.027697195494191,7.0
255.00000000000003,225.0,363.1158021826174,339.5669340608725,7.029546538706645,7.0
255.00000000000003,230.00000000000003,363.133404120353,339.572801373451,7.0313958819191,7.0
255.00000000000003,235.0,363.1510060580886,339.5786686860295,7.033245225131554,7.0
255.00000000000003,240.00000000000003,363.16860799582423,339.5845359986081,7.035094568344026,7.0
255.00000000000003,245.00000000000003,363.1862099335598,339.5904033111866,7.036943911556482,7.0
255.00000000000003,250.0,363.2038118712954,339.5962706237651,7.038793254768935,7.0
255.00000000000003,255.00000000000003,363.221413809031,339.6021379363437,7.0406425979814085,7.0
255.00000000000003,260.0,363.2390157467666,339.6080052489222,7.0424919411938625,7.0
255.00000000000003,265.00000000000006,363.2566176845022,339.6138725615007,7.044341284406317,7.0
255.00000000000003,270.0,363.2742196222378,339.61973987407924,7.046190627618771,7.0
255.00000000000003,275.0,363.2918215599734,339.6256071866578,7.048039970831243,7.0
255.00000000000003,280.0,363.30942349770896,339.63147449923633,7.049889314043699,7.0
255.00000000000003,285.0,363.32702543544457,339.63734181181485,7.051738657256152,7.1
255.00000000000003,290.00000000000006,363.3446273731802,339.6432091243934,7.0535880004686256,7.1
255.00000000000003,295.0,363.3622293109158,339.64907643697194,7.0554373436810796,7.1
255.00000000000003,300.0,363.3798312486514,339.65494374955045,7.0572866868935344,7.1
260.0,0.0,362.9769607298245,339.52065357660814,7.014959195984058,7.0
260.0,5.0,362.9945626675601,339.5265208891867,7.016808539196529,7.0
260.0,10.0,363.01216460529565,339.53238820176523,7.018657882408985,7.0
260.0,15.000000000000002,363.02976654303126,339.53825551434375,7.020507225621438,7.0
260.0,20.0,363.04736848076686,339.5441228269223,7.022356568833911,7.0
260.0,25.0,363.06497041850247,339.54999013950084,7.024205912046366,7.0
260.0,30.000000000000004,363.0825723562381,339.55585745207935,7.02605525525882,7.0
260.0,35.0,363.1001742939737,339.56172476465787,7.027904598471275,7.0
260.0,40.0,363.1177762317093,339.56759207723644,7.0297539416837465,7.0
260.0,45.0,363.13537816944483,339.57345938981496,7.031603284896202,7.0
260.0,50.0,363.15298010718044,339.5793267023935,7.033452628108655,7.0
260.0,55.00000000000001,363.17058204491605,339.58519401497205,7.035301971321128,7.0
260.0,60.00000000000001,363.18818398265165,339.59106132755056,7.037151314533583,7.0
260.0,65.0,363.20578592038726,339.5969286401291,7.039000657746037,7.0
260.0,70.0,363.22338785812286,339.6027959527076,7.040850000958492,7.0
260.0,75.0,363.2409897958584,339.60866326528617,7.0426993441709635,7.0
260.0,80.0,363.258591733594,339.6145305778647,7.044548687383419,7.0
260.0,85.00000000000001,363.2761936713296,339.6203978904432,7.046398030595872,7.0
260.0,90.0,363.2937956090652,339.6262652030218,7.048247373808345,7.0
260.0,95.0,363.31139754680083,339.6321325156003,7.0500967170208,7.1
260.0,100.0,363.32899948453644,339.6379998281788,7.051946060233254,7.1
260.0,105.0,363.346601422272,339.6438671407573,7.053795403445709,7.1
260.0,110.00000000000001,363.3642033600076,339.6497344533359,7.05564474665818,7.1
260.0,115.00000000000001,363.3818052977432,339.6556017659144,7.057494089870636,7.1
260.0,120.00000000000001,363.3994072354788,339.6614690784929,7.059343433083089,7.1
260.0,125.0,363.4170091732144,339.6673363910715,7.061192776295562,7.1
260.0,130.0,363.43461111095,339.67320370365,7.063042119508016,7.1
260.0,135.0,363.4522130486856,339.67907101622853,7.064891462720471,7.1
260.0,140.0,363.46981498642117,339.68493832880705,7.066740805932925,7.1
260.0,145.00000000000003,363.4874169241568,339.6908056413856,7.068590149145397,7.1
260.0,150.0,363.5050188618924,339.69667295396414,7.070439492357853,7.1
260.0,155.0,363.522620799628,339.70254026654266,7.072288835570306,7.1
260.0,160.0,363.5402227373636,339.70840757912123,7.074138178782779,7.1
260.0,165.0,363.55782467509914,339.71427489169974,7.075987521995233,7.1
260.0,170.00000000000003,363.57542661283475,339.72014220427826,7.077836865207688,7.1
260.0,175.0,363.59302855057035,339.7260095168568,7.079686208420142,7.1
260.0,180.0,363.61063048830596,339.73187682943535,7.081535551632614,7.1
260.0,185.0,363.62823242604156,339.73774414201387,7.08338489484507,7.1
260.0,190.0,363.64583436377717,339.7436114545924,7.085234238057523,7.1
260.0,195.00000000000003,363.6634363015128,339.74947876717096,7.087083581269996,7.1
260.0,200.0,363.6810382392483,339.7553460797495,7.08893292448245,7.1
260.0,205.00000000000003,363.69864017698393,339.761213392328,7.090782267694905,7.1
260.0,210.0,363.71624211471953,339.7670807049065,7.092631610907359,7.1
260.0,215.0,363.73384405245514,339.7729480174851,7.094480954119831,7.1
260.0,220.00000000000003,363.75144599019075,339.7788153300636,7.096330297332287,7.1
260.0,225.0,363.7690479279263,339.7846826426421,7.09817964054474,7.1
260.0,230.00000000000003,363.7866498656619,339.7905499552207,7.1000289837572135,7.1
260.0,235.0,363.8042518033975,339.7964172677992,7.1018783269696675,7.1
260.0,240.00000000000003,363.8218537411331,339.8022845803777,7.103727670182122,7.1
260.0,245.00000000000003,363.8394556788687,339.80815189295623,7.105577013394576,7.1
260.0,250.0,363.8570576166043,339.8140192055348,7.107426356607048,7.1
260.0,255.00000000000003,363.8746595543399,339.8198865181133,7.109275699819504,7.1
260.0,260.0,363.8922614920755,339.82575383069184,7.111125043031957,7.1
260.0,265.00000000000006,363.9098634298111,339.8316211432704,7.112974386244431,7.1
260.0,270.0,363.9274653675467,339.8374884558489,7.114823729456885,7.1
260.0,275.0,363.9450673052823,339.84335576842744,7.1166730726693395,7.1
260.0,280.0,363.9626692430179,339.84922308100596,7.1185224158817935,7.1
260.0,285.0,363.98027118075345,339.8550903935845,7.120371759094248,7.1
260.0,290.00000000000006,363.99787311848905,339.860957706163,7.122221102306702,7.1
260.0,295.0,364.01547505622466,339.86682501874157,7.124070445519174,7.1
260.0,300.0,364.03307699396026,339.87269233132014,7.125919788731647,7.1
265.00000000000006,0.0,363.6302064751334,339.7384021583778,7.083592297822171,7.1
265.00000000000006,5.0,363.647808412869,339.74426947095634,7.085441641034625,7.1
265.00000000000006,10.0,363.6654103506046,339.75013678353486,7.08729098424708,7.1
265.00000000000006,15.000000000000002,363.6830122883402,339.75600409611343,7.0891403274595515,7.1
265.00000000000006,20.0,363.7006142260758,339.76187140869195,7.090989670672007,7.1
265.00000000000006,25.0,363.7182161638114,339.76773872127046,7.09283901388446,7.1
265.00000000000006,30.000000000000004,363.73581810154695,339.77360603384903,7.094688357096933,7.1
265.00000000000006,35.0,363.75342003928256,339.77947334642755,7.096537700309388,7.1
265.00000000000006,40.0,363.77102197701817,339.78534065900607,7.098387043521842,7.1
265.00000000000006,45.0,363.78862391475377,339.7912079715846,7.100236386734297,7.1
265.00000000000006,50.0,363.8062258524894,339.79707528416316,7.102085729946769,7.1
265.00000000000006,55.00000000000001,363.823827790225,339.8029425967417,7.103935073159224,7.1
265.00000000000006,60.00000000000001,363.84142972796053,339.8088099093202,7.1057844163716775,7.1
265.00000000000006,65.0,363.85903166569614,339.81467722189876,7.10763375958415,7.1
265.00000000000006,70.0,363.87663360343174,339.8205445344773,7.109483102796605,7.1
265.00000000000006,75.0,363.89423554116735,339.8264118470558,7.111332446009059,7.1
265.00000000000006,80.0,363.91183747890295,339.8322791596343,7.113181789221514,7.1
265.00000000000006,85.00000000000001,363.92943941663856,339.8381464722129,7.115031132433985,7.1
265.00000000000006,90.0,363.94704135437416,339.8440137847914,7.116880475646441,7.1
265.00000000000006,95.0,363.9646432921097,339.8498810973699,7.118729818858894,7.1
265.00000000000006,100.0,363.9822452298453,339.8557484099485,7.120579162071367,7.1
265.00000000000006,105.0,363.9998471675809,339.861615722527,7.122428505283821,7.1
265.00000000000006,110.00000000000001,364.01744910531653,339.8674830351055,7.124277848496276,7.1
265.00000000000006,115.00000000000001,364.03505104305214,339.87335034768404,7.12612719170873,7.1
265.00000000000006,120.00000000000001,364.0526529807877,339.87921766026255,7.127976534921185,7.1
265.00000000000006,125.0,364.0702549185233,339.88508497284107,7.129825878133639,7.1
265.00000000000006,130.0,364.0878568562589,339.89095228541964,7.131675221346111,7.1
265.00000000000006,135.0,364.1054587939945,339.8968195979982,7.133524564558584,7.1
265.00000000000006,140.0,364.1230607317301,339.90268691057673,7.135373907771038,7.1
265.00000000000006,145.00000000000003,364.1406626694657,339.90855422315525,7.137223250983493,7.1
265.00000000000006,150.0,364.15826460720126,339.91442153573377,7.139072594195947,7.1
265.00000000000006,155.0,364.17586654493687,339.9202888483123,7.140921937408402,7.1
265.00000000000006,160.0,364.1934684826725,339.9261561608908,7.142771280620856,7.1
265.00000000000006,165.0,364.2110704204081,339.93202347346937,7.144620623833328,7.1
265.00000000000006,170.00000000000003,364.2286723581437,339.93789078604794,7.146469967045801,7.1
265.00000000000006,175.0,364.2462742958793,339.94375809862646,7.148319310258255,7.1
265.00000000000006,180.0,364.26387623361484,339.949625411205,7.15016865347071,7.2
265.00000000000006,185.0,364.28147817135044,339.9554927237835,7.152017996683164,7.2
265.00000000000006,190.0,364.29908010908605,339.961360036362,7.153867339895619,7.2
265.00000000000006,195.00000000000003,364.31668204682165,339.9672273489405,7.155716683108073,7.2
265.00000000000006,200.0,364.33428398455726,339.9730946615191,7.157566026320545,7.2
265.00000000000006,205.00000000000003,364.35188592229287,339.9789619740977,7.1594153695330185,7.2
265.00000000000006,210.0,364.36948786002847,339.9848292866762,7.1612647127454725,7.2
265.00000000000006,215.0,364.387089797764,339.9906965992547,7.163114055957927,7.2
265.00000000000006,220.00000000000003,364.4046917354996,339.9965639118332,7.164963399170381,7.2
265.00000000000006,225.0,364.42229367323523,340.00243122441174,7.166812742382836,7.2
265.00000000000006,230.00000000000003,364.43989561097084,340.00829853699025,7.16866208559529,7.2
265.00000000000006,235.0,364.45749754870644,340.0141658495688,7.170511428807762,7.2
265.00000000000006,240.00000000000003,364.475099486442,340.02003316214734,7.172360772020218,7.2
265.00000000000006,245.00000000000003,364.4927014241776,340.02590047472586,7.174210115232671,7.2
265.00000000000006,250.0,364.5103033619132,340.03176778730443,7.1760594584451445,7.2
265.00000000000006,255.00000000000003,364.5279052996488,340.03763509988295,7.1779088016575985,7.2
265.00000000000006,260.0,364.5455072373844,340.04350241246146,7.179758144870053,7.2
265.00000000000006,265.00000000000006,364.56310917512,340.04936972504,7.181607488082507,7.2
265.00000000000006,270.0,364.5807111128556,340.05523703761855,7.183456831294979,7.2
265.00000000000006,275.0,364.5983130505912,340.06110435019707,7.185306174507435,7.2
265.00000000000006,280.0,364.6159149883268,340.0669716627756,7.187155517719888,7.2
265.00000000000006,285.0,364.6335169260624,340.07283897535416,7.189004860932361,7.2
265.00000000000006,290.00000000000006,364.651118863798,340.0787062879327,7.190854204144816,7.2
265.00000000000006,295.0,364.6687208015336,340.0845736005112,7.19270354735727,7.2
265.00000000000006,300.0,364.68632273926914,340.0904409130897,7.1945528905697245,7.2
270.0,0.0,364.2834522204423,339.95615074014745,7.152225399660265,7.2
270.0,5.0,364.3010541581779,339.962018052726,7.154074742872738,7.2
270.0,10.0,364.31865609591347,339.9678853653045,7.155924086085174,7.2
270.0,15.000000000000002,364.3362580336491,339.97375267788306,7.157773429297647,7.2
270.0,20.0,364.3538599713847,339.9796199904616,7.159622772510102,7.2
270.0,25.0,364.3714619091203,339.9854873030401,7.161472115722556,7.2
270.0,30.000000000000004,364.3890638468559,339.9913546156186,7.163321458935011,7.2
270.0,35.0,364.4066657845915,339.9972219281972,7.165170802147482,7.2
270.0,40.0,364.42426772232704,340.0030892407757,7.167020145359938,7.2
270.0,45.0,364.44186966006265,340.0089565533542,7.168869488572391,7.2
270.0,50.0,364.45947159779826,340.0148238659328,7.170718831784864,7.2
270.0,55.00000000000001,364.47707353553386,340.0206911785113,7.172568174997319,7.2
270.0,60.00000000000001,364.49467547326947,340.0265584910898,7.174417518209773,7.2
270.0,65.0,364.5122774110051,340.03242580366833,7.176266861422228,7.2
270.0,70.0,364.5298793487407,340.0382931162469,7.178116204634699,7.2
270.0,75.0,364.5474812864762,340.0441604288254,7.179965547847155,7.2
270.0,80.0,364.56508322421183,340.05002774140394,7.181814891059608,7.2
270.0,85.00000000000001,364.58268516194744,340.0558950539825,7.183664234272081,7.2
270.0,90.0,364.60028709968304,340.061762366561,7.185513577484535,7.2
270.0,95.0,364.61788903741865,340.06762967913954,7.18736292069699,7.2
270.0,100.0,364.6354909751542,340.07349699171806,7.189212263909444,7.2
270.0,105.0,364.6530929128898,340.07936430429663,7.191061607121916,7.2
270.0,110.00000000000001,364.6706948506254,340.08523161687515,7.192910950334372,7.2
270.0,115.00000000000001,364.688296788361,340.09109892945366,7.194760293546825,7.2
270.0,120.00000000000001,364.7058987260966,340.09696624203224,7.196609636759298,7.2
270.0,125.0,364.7235006638322,340.10283355461075,7.198458979971752,7.2
270.0,130.0,364.74110260156783,340.10870086718927,7.200308323184207,7.2
270.0,135.0,364.7587045393034,340.1145681797678,7.202157666396661,7.2
270.0,140.0,364.776306477039,340.12043549234636,7.204007009609133,7.2
270.0,145.00000000000003,364.7939084147746,340.1263028049249,7.205856352821589,7.2
270.0,150.0,364.8115103525102,340.1321701175034,7.207705696034042,7.2
270.0,155.0,364.8291122902458,340.13803743008197,7.209555039246515,7.2
270.0,160.0,364.84671422798135,340.1439047426605,7.211404382458969,7.2
270.0,165.0,364.86431616571696,340.149772055239,7.213253725671424,7.2
270.0,170.00000000000003,364.88191810345256,340.1556393678175,7.215103068883878,7.2
270.0,175.0,364.89952004118817,340.1615066803961,7.21695241209635,7.2
270.0,180.0,364.9171219789238,340.1673739929746,7.218801755308806,7.2
270.0,185.0,364.9347239166594,340.1732413055531,7.220651098521259,7.2
270.0,190.0,364.952325854395,340.1791086181317,7.222500441733732,7.2
270.0,195.00000000000003,364.96992779213053,340.1849759307102,7.224349784946186,7.2
270.0,200.0,364.98752972986614,340.1908432432887,7.226199128158641,7.2
270.0,205.00000000000003,365.00513166760174,340.19671055586724,7.228048471371095,7.2
270.0,210.0,365.02273360533735,340.2025778684458,7.229897814583567,7.2
270.0,215.0,365.04033554307296,340.20844518102433,7.231747157796023,7.2
270.0,220.00000000000003,365.0579374808085,340.21431249360285,7.233596501008476,7.2
270.0,225.0,365.0755394185441,340.2201798061814,7.2354458442209495,7.2
270.0,230.00000000000003,365.0931413562797,340.22604711875994,7.2372951874334035,7.2
270.0,235.0,365.1107432940153,340.23191443133845,7.239144530645858,7.2
270.0,240.00000000000003,365.1283452317509,340.23778174391697,7.240993873858312,7.2
270.0,245.00000000000003,365.14594716948653,340.24364905649554,7.242843217070784,7.2
270.0,250.0,365.16354910722214,340.24951636907406,7.24469256028324,7.2
270.0,255.00000000000003,365.1811510449577,340.2553836816526,7.246541903495693,7.2
270.0,260.0,365.1987529826933,340.26125099423115,7.248391246708166,7.2
270.0,265.00000000000006,365.2163549204289,340.26711830680966,7.250240589920621,7.3
270.0,270.0,365.2339568581645,340.2729856193882,7.252089933133075,7.3
270.0,275.0,365.2515587959001,340.2788529319667,7.2539392763455295,7.3
270.0,280.0,365.26916073363566,340.2847202445452,7.2557886195579835,7.3
270.0,285.0,365.28676267137126,340.29058755712373,7.257637962770438,7.3
270.0,290.00000000000006,365.30436460910687,340.2964548697023,7.25948730598291,7.3
270.0,295.0,365.3219665468425,340.3023221822809,7.261336649195383,7.3
270.0,300.0,365.3395684845781,340.3081894948594,7.263185992407838,7.3
275.0,0.0,364.9366979657512,340.1738993219171,7.220858501498361,7.2
275.0,5.0,364.9542999034868,340.1797666344956,7.222707844710816,7.2
275.0,10.0,364.9719018412224,340.18563394707417,7.224557187923287,7.2
275.0,15.000000000000002,364.989503778958,340.1915012596527,7.226406531135743,7.2
275.0,20.0,365.00710571669356,340.1973685722312,7.2282558743481955,7.2
275.0,25.0,365.02470765442916,340.20323588480977,7.230105217560669,7.2
275.0,30.000000000000004,365.04230959216477,340.2091031973883,7.231954560773123,7.2
275.0,35.0,365.0599115299004,340.2149705099668,7.233803903985578,7.2
275.0,40.0,365.077513467636,340.2208378225453,7.235653247198032,7.2
275.0,45.0,365.0951154053716,340.2267051351239,7.237502590410504,7.2
275.0,50.0,365.1127173431072,340.2325724477024,7.2393519336229595,7.2
275.0,55.00000000000001,365.13031928084274,340.2384397602809,7.241201276835413,7.2
275.0,60.00000000000001,365.14792121857835,340.2443070728595,7.243050620047886,7.2
275.0,65.0,365.16552315631395,340.250174385438,7.24489996326034,7.2
275.0,70.0,365.18312509404956,340.25604169801653,7.246749306472795,7.2
275.0,75.0,365.20072703178516,340.26190901059505,7.248598649685249,7.2
275.0,80.0,365.2183289695207,340.26777632317356,7.250447992897704,7.3
275.0,85.00000000000001,365.2359309072563,340.2736436357521,7.252297336110158,7.3
275.0,90.0,365.2535328449919,340.27951094833065,7.25414667932263,7.3
275.0,95.0,365.27113478272753,340.2853782609092,7.255996022535103,7.3
275.0,100.0,365.28873672046313,340.29124557348774,7.257845365747557,7.3
275.0,105.0,365.30633865819874,340.29711288606626,7.259694708960012,7.3
275.0,110.00000000000001,365.32394059593435,340.3029801986448,7.261544052172466,7.3
275.0,115.00000000000001,365.3415425336699,340.3088475112233,7.263393395384921,7.3
275.0,120.00000000000001,365.3591444714055,340.3147148238018,7.265242738597375,7.3
275.0,125.0,365.3767464091411,340.3205821363804,7.267092081809847,7.3
275.0,130.0,365.3943483468767,340.32644944895895,7.26894142502232,7.3
275.0,135.0,365.4119502846123,340.33231676153747,7.270790768234774,7.3
275.0,140.0,365.42955222234787,340.338184074116,7.272640111447229,7.3
275.0,145.00000000000003,365.44715416008347,340.3440513866945,7.274489454659683,7.3
275.0,150.0,365.4647560978191,340.349918699273,7.276338797872138,7.3
275.0,155.0,365.4823580355547,340.35578601185154,7.278188141084592,7.3
275.0,160.0,365.4999599732903,340.3616533244301,7.280037484297064,7.3
275.0,165.0,365.5175619110259,340.3675206370087,7.281886827509537,7.3
275.0,170.00000000000003,365.5351638487615,340.3733879495872,7.283736170721991,7.3
275.0,175.0,365.55276578649705,340.3792552621657,7.285585513934446,7.3
275.0,180.0,365.57036772423265,340.38512257474423,7.2874348571469,7.3
275.0,185.0,365.58796966196826,340.39098988732275,7.289284200359355,7.3
275.0,190.0,365.60557159970386,340.39685719990126,7.291133543571809,7.3
275.0,195.00000000000003,365.62317353743947,340.40272451247984,7.292982886784281,7.3
275.0,200.0,365.6407754751751,340.4085918250584,7.294832229996754,7.3
275.0,205.00000000000003,365.6583774129106,340.41445913763687,7.29668157320919,7.3
275.0,210.0,365.67597935064623,340.42032645021544,7.298530916421663,7.3
275.0,215.0,365.69358128838184,340.42619376279396,7.300380259634117,7.3
275.0,220.00000000000003,365.71118322611744,340.4320610753725,7.302229602846572,7.3
275.0,225.0,365.72878516385305,340.437928387951,7.304078946059026,7.3
275.0,230.00000000000003,365.74638710158865,340.44379570052956,7.305928289271498,7.3
275.0,235.0,365.7639890393242,340.4496630131081,7.307777632483954,7.3
275.0,240.00000000000003,365.7815909770598,340.4555303256866,7.309626975696407,7.3
275.0,245.00000000000003,365.7991929147954,340.46139763826517,7.31147631890888,7.3
275.0,250.0,365.816794852531,340.4672649508437,7.3133256621213345,7.3
275.0,255.00000000000003,365.8343967902666,340.4731322634222,7.3151750053337885,7.3
275.0,260.0,365.85199872800223,340.4789995760007,7.317024348546243,7.3
275.0,265.00000000000006,365.86960066573783,340.4848668885793,7.318873691758715,7.3
275.0,270.0,365.8872026034734,340.4907342011578,7.320723034971171,7.3
275.0,275.0,365.904804541209,340.4966015137363,7.322572378183624,7.3
275.0,280.0,365.9224064789446,340.5024688263149,7.324421721396097,7.3
275.0,285.0,365.9400084166802,340.5083361388934,7.326271064608552,7.3
275.0,290.00000000000006,365.9576103544158,340.51420345147193,7.328120407821006,7.3
275.0,295.0,365.97521229215135,340.52007076405044,7.3299697510334605,7.3
275.0,300.0,365.99281422988696,340.525938076629,7.331819094245932,7.3
280.0,0.0,365.58994371106013,340.39164790368676,7.289491603336474,7.3
280.0,5.0,365.60754564879574,340.3975152162653,7.291340946548928,7.3
280.0,10.0,365.6251475865313,340.4033825288438,7.293190289761383,7.3
280.0,15.000000000000002,365.6427495242669,340.4092498414223,7.295039632973837,7.3
280.0,20.0,365.6603514620025,340.4151171540008,7.296888976186292,7.3
280.0,25.0,365.6779533997381,340.42098446657934,7.298738319398746,7.3
280.0,30.000000000000004,365.6955553374737,340.4268517791579,7.300587662611218,7.3
280.0,35.0,365.71315727520926,340.43271909173643,7.302437005823673,7.3
280.0,40.0,365.73075921294486,340.43858640431495,7.3042863490361265,7.3
280.0,45.0,365.74836115068047,340.4444537168935,7.3061356922486,7.3
280.0,50.0,365.7659630884161,340.45032102947204,7.307985035461054,7.3
280.0,55.00000000000001,365.7835650261517,340.45618834205055,7.309834378673509,7.3
280.0,60.00000000000001,365.8011669638873,340.46205565462907,7.311683721885963,7.3
280.0,65.0,365.8187689016229,340.46792296720764,7.313533065098435,7.3
280.0,70.0,365.83637083935844,340.47379027978616,7.3153824083108905,7.3
280.0,75.0,365.85397277709404,340.4796575923647,7.317231751523344,7.3
280.0,80.0,365.87157471482965,340.48552490494325,7.319081094735817,7.3
280.0,85.00000000000001,365.88917665256525,340.49139221752176,7.320930437948271,7.3
280.0,90.0,365.90677859030086,340.4972595301003,7.322779781160726,7.3
280.0,95.0,365.92438052803647,340.5031268426788,7.32462912437318,7.3
280.0,100.0,365.941982465772,340.50899415525737,7.326478467585652,7.3
280.0,105.0,365.9595844035076,340.5148614678359,7.328327810798108,7.3
280.0,110.00000000000001,365.9771863412432,340.5207287804144,7.330177154010561,7.3
280.0,115.00000000000001,365.99478827897883,340.526596092993,7.332026497223034,7.3
280.0,120.00000000000001,366.01239021671444,340.5324634055715,7.333875840435488,7.3
280.0,125.0,366.02999215445004,340.53833071815,7.335725183647943,7.3
280.0,130.0,366.0475940921856,340.5441980307285,7.337574526860397,7.3
280.0,135.0,366.0651960299212,340.5500653433071,7.339423870072869,7.3
280.0,140.0,366.0827979676568,340.5559326558856,7.341273213285325,7.3
280.0,145.00000000000003,366.1003999053924,340.56179996846413,7.343122556497778,7.3
280.0,150.0,366.118001843128,340.5676672810427,7.344971899710251,7.3
280.0,155.0,366.13560378086356,340.5735345936212,7.346821242922705,7.3
280.0,160.0,366.1532057185992,340.57940190619973,7.34867058613516,7.3
280.0,165.0,366.1708076563348,340.58526921877825,7.350519929347614,7.4
280.0,170.00000000000003,366.1884095940704,340.5911365313568,7.352369272560086,7.4
280.0,175.0,366.206011531806,340.59700384393534,7.354218615772542,7.4
280.0,180.0,366.2236134695416,340.60287115651386,7.356067958984995,7.4
280.0,185.0,366.2412154072772,340.60873846909243,7.3579173021974675,7.4
280.0,190.0,366.25881734501274,340.61460578167095,7.359766645409922,7.4
280.0,195.00000000000003,366.27641928274835,340.62047309424946,7.361615988622377,7.4
280.0,200.0,366.29402122048396,340.626340406828,7.363465331834831,7.4
280.0,205.00000000000003,366.31162315821956,340.63220771940655,7.365314675047303,7.4
280.0,210.0,366.32922509595517,340.63807503198507,7.367164018259759,7.4
280.0,215.0,366.3468270336908,340.6439423445636,7.369013361472212,7.4
280.0,220.00000000000003,366.3644289714263,340.64980965714216,7.370862704684685,7.4
280.0,225.0,366.3820309091619,340.6556769697207,7.3727120478971395,7.4
280.0,230.00000000000003,366.39963284689753,340.6615442822992,7.3745613911095935,7.4
280.0,235.0,366.41723478463314,340.6674115948777,7.376410734322048,7.4
280.0,240.00000000000003,366.43483672236874,340.6732789074563,7.37826007753452,7.4
280.0,245.00000000000003,366.45243866010435,340.6791462200348,7.380109420746976,7.4
280.0,250.0,366.4700405978399,340.6850135326133,7.381958763959429,7.4
280.0,255.00000000000003,366.4876425355755,340.6908808451919,7.383808107171902,7.4
280.0,260.0,366.5052444733111,340.6967481577704,7.385657450384357,7.4
280.0,265.00000000000006,366.5228464110467,340.7026154703489,7.387506793596811,7.4
280.0,270.0,366.5404483487823,340.70848278292743,7.3893561368092655,7.4
280.0,275.0,366.5580502865179,340.714350095506,7.391205480021737,7.4
280.0,280.0,366.57565222425353,340.7202174080845,7.393054823234193,7.4
280.0,285.0,366.5932541619891,340.72608472066304,7.394904166446646,7.4
280.0,290.00000000000006,366.6108560997247,340.7319520332416,7.396753509659119,7.4
280.0,295.0,366.6284580374603,340.7378193458201,7.398602852871574,7.4
280.0,300.0,366.6460599751959,340.74368665839864,7.400452196084028,7.4
285.0,0.0,366.243189456369,340.60939648545633,7.358124705174551,7.4
285.0,5.0,366.2607913941046,340.6152637980349,7.359974048387023,7.4
285.0,10.0,366.2783933318402,340.6211311106134,7.361823391599478,7.4
285.0,15.000000000000002,366.29599526957577,340.62699842319194,7.3636727348119315,7.4
285.0,20.0,366.3135972073114,340.6328657357705,7.365522078024405,7.4
285.0,25.0,366.331199145047,340.638733048349,7.367371421236859,7.4
285.0,30.000000000000004,366.3488010827826,340.64460036092754,7.369220764449314,7.4
285.0,35.0,366.3664030205182,340.65046767350606,7.371070107661768,7.4
285.0,40.0,366.3840049582538,340.65633498608463,7.37291945087424,7.4
285.0,45.0,366.4016068959894,340.66220229866315,7.3747687940866955,7.4
285.0,50.0,366.41920883372495,340.66806961124166,7.376618137299149,7.4
285.0,55.00000000000001,366.43681077146056,340.67393692382024,7.378467480511622,7.4
285.0,60.00000000000001,366.45441270919616,340.67980423639875,7.380316823724076,7.4
285.0,65.0,366.47201464693177,340.68567154897727,7.382166166936531,7.4
285.0,70.0,366.4896165846674,340.6915388615558,7.384015510148985,7.4
285.0,75.0,366.5072185224029,340.6974061741343,7.38586485336144,7.4
285.0,80.0,366.5248204601385,340.7032734867128,7.387714196573894,7.4
285.0,85.00000000000001,366.54242239787413,340.7091407992914,7.389563539786366,7.4
285.0,90.0,366.56002433560974,340.71500811186996,7.391412882998839,7.4
285.0,95.0,366.57762627334534,340.7208754244485,7.393262226211293,7.4
285.0,100.0,366.59522821108095,340.726742737027,7.395111569423748,7.4
285.0,105.0,366.61283014881656,340.7326100496055,7.396960912636202,7.4
285.0,110.00000000000001,366.6304320865521,340.738477362184,7.398810255848657,7.4
285.0,115.00000000000001,366.6480340242877,340.74434467476254,7.400659599061111,7.4
285.0,120.00000000000001,366.6656359620233,340.7502119873411,7.402508942273583,7.4
285.0,125.0,366.6832378997589,340.7560792999197,7.404358285486056,7.4
285.0,130.0,366.7008398374945,340.7619466124982,7.40620762869851,7.4
285.0,135.0,366.71844177523013,340.7678139250767,7.408056971910965,7.4
285.0,140.0,366.7360437129657,340.77368123765524,7.409906315123419,7.4
285.0,145.00000000000003,366.7536456507013,340.77954855023376,7.411755658335874,7.4
285.0,150.0,366.7712475884369,340.7854158628123,7.413605001548328,7.4
285.0,155.0,366.7888495261725,340.79128317539084,7.4154543447608,7.4
285.0,160.0,366.8064514639081,340.7971504879694,7.4173036879732726,7.4
285.0,165.0,366.8240534016437,340.80301780054793,7.419153031185727,7.4
285.0,170.00000000000003,366.84165533937926,340.80888511312645,7.4210023743981814,7.4
285.0,175.0,366.85925727711486,340.81475242570497,7.422851717610636,7.4
285.0,180.0,366.87685921485047,340.8206197382835,7.42470106082309,7.4
285.0,185.0,366.8944611525861,340.826487050862,7.426550404035545,7.4
285.0,190.0,366.9120630903217,340.8323543634406,7.428399747248017,7.4
285.0,195.00000000000003,366.9296650280573,340.83822167601915,7.43024909046049,7.4
285.0,200.0,366.9472669657929,340.84408898859766,7.4320984336729445,7.4
285.0,205.00000000000003,366.96486890352844,340.8499563011762,7.4339477768853985,7.4
285.0,210.0,366.98247084126405,340.8558236137547,7.435797120097853,7.4
285.0,215.0,367.00007277899965,340.8616909263332,7.437646463310307,7.4
285.0,220.00000000000003,367.01767471673526,340.8675582389117,7.439495806522762,7.4
285.0,225.0,367.03527665447086,340.8734255514903,7.441345149735234,7.4
285.0,230.00000000000003,367.0528785922064,340.8792928640688,7.44319449294769,7.4
285.0,235.0,367.070480529942,340.88516017664733,7.445043836160143,7.4
285.0,240.00000000000003,367.0880824676776,340.8910274892259,7.446893179372616,7.4
285.0,245.00000000000003,367.10568440541323,340.8968948018044,7.4487425225850705,7.4
285.0,250.0,367.12328634314883,340.90276211438294,7.4505918657975245,7.5
285.0,255.00000000000003,367.14088828088444,340.90862942696145,7.452441209009979,7.5
285.0,260.0,367.15849021862005,340.91449673954,7.454290552222451,7.5
285.0,265.00000000000006,367.1760921563556,340.92036405211854,7.456139895434907,7.5
285.0,270.0,367.1936940940912,340.92623136469706,7.45798923864736,7.5
285.0,275.0,367.2112960318268,340.93209867727563,7.459838581859833,7.5
285.0,280.0,367.2288979695624,340.93796598985415,7.461687925072288,7.5
285.0,285.0,367.246499907298,340.94383330243267,7.463537268284742,7.5
285.0,290.00000000000006,367.26410184503357,340.9497006150112,7.4653866114971965,7.5
285.0,295.0,367.28170378276917,340.95556792758975,7.467235954709668,7.5
285.0,300.0,367.2993057205048,340.96143524016827,7.469085297922124,7.5
290.00000000000006,0.0,366.89643520167795,340.827145067226,7.426757807012664,7.4
290.00000000000006,5.0,366.9140371394135,340.83301237980453,7.428607150225119,7.4
290.00000000000006,10.0,366.9316390771491,340.83887969238305,7.430456493437573,7.4
290.00000000000006,15.000000000000002,366.9492410148847,340.84474700496156,7.432305836650028,7.4
290.00000000000006,20.0,366.9668429526203,340.8506143175401,7.434155179862482,7.4
290.00000000000006,25.0,366.9844448903559,340.85648163011865,7.436004523074954,7.4
290.00000000000006,30.000000000000004,367.00204682809147,340.86234894269717,7.437853866287409,7.4
290.00000000000006,35.0,367.01964876582707,340.8682162552757,7.4397032094998625,7.4
290.00000000000006,40.0,367.0372507035627,340.87408356785426,7.441552552712336,7.4
290.00000000000006,45.0,367.0548526412983,340.8799508804328,7.44340189592479,7.4
290.00000000000006,50.0,367.0724545790339,340.8858181930113,7.445251239137245,7.4
290.00000000000006,55.00000000000001,367.0900565167695,340.8916855055898,7.447100582349699,7.4
290.00000000000006,60.00000000000001,367.1076584545051,340.8975528181684,7.448949925562171,7.4
290.00000000000006,65.0,367.12526039224065,340.9034201307469,7.4507992687746265,7.5
290.00000000000006,70.0,367.14286232997625,340.9092874433254,7.45264861198708,7.5
290.00000000000006,75.0,367.16046426771186,340.915154755904,7.454497955199553,7.5
290.00000000000006,80.0,367.17806620544746,340.9210220684825,7.456347298412007,7.5
290.00000000000006,85.00000000000001,367.19566814318307,340.926889381061,7.458196641624462,7.5
290.00000000000006,90.0,367.2132700809187,340.93275669363953,7.460045984836916,7.5
290.00000000000006,95.0,367.2308720186542,340.9386240062181,7.461895328049388,7.5
290.00000000000006,100.0,367.24847395638983,340.9444913187966,7.463744671261844,7.5
290.00000000000006,105.0,367.26607589412544,340.95035863137514,7.465594014474297,7.5
290.00000000000006,110.00000000000001,367.28367783186104,340.9562259439537,7.46744335768677,7.5
290.00000000000006,115.00000000000001,367.30127976959665,340.9620932565322,7.469292700899224,7.5
290.00000000000006,120.00000000000001,367.31888170733225,340.96796056911074,7.471142044111679,7.5
290.00000000000006,125.0,367.3364836450678,340.97382788168926,7.472991387324133,7.5
290.00000000000006,130.0,367.3540855828034,340.97969519426783,7.474840730536605,7.5
290.00000000000006,135.0,367.371687520539,340.98556250684635,7.476690073749061,7.5
290.00000000000006,140.0,367.3892894582746,340.99142981942487,7.478539416961514,7.5
290.00000000000006,145.00000000000003,367.4068913960102,340.99729713200344,7.4803887601739865,7.5
290.00000000000006,150.0,367.42449333374583,341.00316444458196,7.482238103386441,7.5
290.00000000000006,155.0,367.4420952714814,341.00903175716047,7.484087446598895,7.5
290.00000000000006,160.0,367.459697209217,341.014899069739,7.48593678981135,7.5
290.00000000000006,165.0,367.4772991469526,341.02076638231756,7.487786133023822,7.5
290.00000000000006,170.00000000000003,367.4949010846882,341.0266336948961,7.489635476236278,7.5
290.00000000000006,175.0,367.5125030224238,341.0325010074746,7.491484819448731,7.5
290.00000000000006,180.0,367.5301049601594,341.03836832005317,7.493334162661204,7.5
290.00000000000006,185.0,367.54770689789495,341.0442356326317,7.4951835058736584,7.5
290.00000000000006,190.0,367.56530883563056,341.0501029452102,7.4970328490861124,7.5
290.00000000000006,195.00000000000003,367.58291077336617,341.0559702577887,7.498882192298567,7.5
290.00000000000006,200.0,367.60051271110177,341.0618375703673,7.500731535511039,7.5
290.00000000000006,205.00000000000003,367.6181146488374,341.0677048829458,7.502580878723495,7.5
290.00000000000006,210.0,367.635716586573,341.0735721955243,7.504430221935948,7.5
290.00000000000006,215.0,367.6533185243086,341.0794395081029,7.506279565148421,7.5
290.00000000000006,220.00000000000003,367.67092046204414,341.0853068206814,7.5081289083608755,7.5
290.00000000000006,225.0,367.68852239977974,341.0911741332599,7.5099782515733295,7.5
290.00000000000006,230.00000000000003,367.70612433751535,341.09704144583844,7.511827594785784,7.5
290.00000000000006,235.0,367.72372627525095,341.102908758417,7.513676937998256,7.5
290.00000000000006,240.00000000000003,367.74132821298656,341.10877607099553,7.515526281210712,7.5
290.00000000000006,245.00000000000003,367.7589301507221,341.11464338357405,7.517375624423165,7.5
290.00000000000006,250.0,367.7765320884577,341.1205106961526,7.519224967635638,7.5
290.00000000000006,255.00000000000003,367.7941340261933,341.12637800873114,7.521074310848093,7.5
290.00000000000006,260.0,367.8117359639289,341.13224532130965,7.522923654060547,7.5
290.00000000000006,265.00000000000006,367.82933790166453,341.13811263388817,7.5247729972730015,7.5
290.00000000000006,270.0,367.84693983940014,341.14397994646674,7.526622340485473,7.5
290.00000000000006,275.0,367.86454177713574,341.14984725904526,7.528471683697929,7.5
290.00000000000006,280.0,367.8821437148713,341.1557145716238,7.530321026910382,7.5
290.00000000000006,285.0,367.8997456526069,341.16158188420235,7.532170370122855,7.5
290.00000000000006,290.00000000000006,367.9173475903425,341.16744919678086,7.53401971333531,7.5
290.00000000000006,295.0,367.9349495280781,341.1733165093594,7.535869056547764,7.5
290.00000000000006,300.0,367.9525514658137,341.1791838219379,7.537718399760219,7.5
295.0,0.0,367.5496809469868,341.04489364899564,7.495390908850759,7.5
295.0,5.0,367.56728288472243,341.05076096157416,7.497240252063214,7.5
295.0,10.0,367.584884822458,341.0566282741527,7.4990895952756675,7.5
295.0,15.000000000000002,367.6024867601936,341.06249558673125,7.500938938488141,7.5
295.0,20.0,367.6200886979292,341.06836289930976,7.502788281700595,7.5
295.0,25.0,367.6376906356648,341.0742302118883,7.50463762491305,7.5
295.0,30.000000000000004,367.6552925734004,341.0800975244668,7.506486968125504,7.5
295.0,35.0,367.672894511136,341.08596483704537,7.508336311337976,7.5
295.0,40.0,367.6904964488716,341.0918321496239,7.5101856545504315,7.5
295.0,45.0,367.70809838660716,341.0976994622024,7.512034997762885,7.5
295.0,50.0,367.72570032434277,341.103566774781,7.513884340975358,7.5
295.0,55.00000000000001,367.7433022620784,341.1094340873595,7.515733684187812,7.5
295.0,60.00000000000001,367.760904199814,341.115301399938,7.517583027400267,7.5
295.0,65.0,367.7785061375496,341.1211687125165,7.519432370612721,7.5
295.0,70.0,367.7961080752852,341.1270360250951,7.521281713825193,7.5
295.0,75.0,367.81371001302074,341.13290333767355,7.52313105703763,7.5
295.0,80.0,367.83131195075634,341.1387706502521,7.524980400250102,7.5
295.0,85.00000000000001,367.84891388849195,341.1446379628307,7.526829743462575,7.5
295.0,90.0,367.86651582622756,341.1505052754092,7.528679086675029,7.5
295.0,95.0,367.88411776396316,341.15637258798773,7.530528429887484,7.5
295.0,100.0,367.90171970169877,341.16223990056625,7.532377773099938,7.5
295.0,105.0,367.9193216394343,341.16810721314476,7.534227116312393,7.5
295.0,110.00000000000001,367.9369235771699,341.1739745257233,7.536076459524847,7.5
295.0,115.00000000000001,367.9545255149055,341.17984183830185,7.537925802737319,7.5
295.0,120.00000000000001,367.97212745264113,341.1857091508804,7.5397751459497915,7.5
295.0,125.0,367.98972939037674,341.19157646345894,7.541624489162246,7.5
295.0,130.0,368.00733132811234,341.19744377603746,7.5434738323747,7.5
295.0,135.0,368.02493326584795,341.203311088616,7.545323175587155,7.5
295.0,140.0,368.0425352035835,341.2091784011945,7.547172518799609,7.5
295.0,145.00000000000003,368.0601371413191,341.215045713773,7.549021862012064,7.5
295.0,150.0,368.0777390790547,341.2209130263516,7.550871205224536,7.6
295.0,155.0,368.0953410167903,341.22678033893015,7.552720548437009,7.6
295.0,160.0,368.1129429545259,341.23264765150867,7.5545698916494635,7.6
295.0,165.0,368.13054489226147,341.2385149640872,7.5564192348619175,7.6
295.0,170.00000000000003,368.1481468299971,341.2443822766657,7.558268578074372,7.6
295.0,175.0,368.1657487677327,341.2502495892442,7.560117921286826,7.6
295.0,180.0,368.1833507054683,341.25611690182274,7.561967264499281,7.6
295.0,185.0,368.2009526432039,341.2619842144013,7.563816607711753,7.6
295.0,190.0,368.2185545809395,341.2678515269799,7.565665950924226,7.6
295.0,195.00000000000003,368.2361565186751,341.2737188395584,7.567515294136681,7.6
295.0,200.0,368.25375845641065,341.2795861521369,7.569364637349135,7.6
295.0,205.00000000000003,368.27136039414626,341.28545346471543,7.5712139805615895,7.6
295.0,210.0,368.28896233188186,341.29132077729395,7.5730633237740435,7.6
295.0,215.0,368.30656426961747,341.29718808987246,7.574912666986498,7.6
295.0,220.00000000000003,368.3241662073531,341.30305540245104,7.57676201019897,7.6
295.0,225.0,368.3417681450886,341.30892271502955,7.578611353411426,7.6
295.0,230.00000000000003,368.3593700828242,341.31479002760807,7.580460696623879,7.6
295.0,235.0,368.37697202055983,341.32065734018664,7.582310039836352,7.6
295.0,240.00000000000003,368.39457395829544,341.32652465276516,7.5841593830488065,7.6
295.0,245.00000000000003,368.41217589603104,341.3323919653437,7.5860087262612605,7.6
295.0,250.0,368.42977783376665,341.3382592779222,7.587858069473715,7.6
295.0,255.00000000000003,368.44737977150226,341.34412659050076,7.589707412686187,7.6
295.0,260.0,368.4649817092378,341.3499939030792,7.591556755898624,7.6
295.0,265.00000000000006,368.4825836469734,341.3558612156578,7.593406099111096,7.6
295.0,270.0,368.500185584709,341.36172852823637,7.595255442323569,7.6
295.0,275.0,368.5177875224446,341.3675958408149,7.597104785536024,7.6
295.0,280.0,368.5353894601802,341.37346315339346,7.5989541287484945,7.6
295.0,285.0,368.5529913979158,341.3793304659719,7.6008034719609325,7.6
295.0,290.00000000000006,368.5705933356514,341.3851977785505,7.602652815173403,7.6
295.0,295.0,368.588195273387,341.39106509112906,7.604502158385877,7.6
295.0,300.0,368.6057972111226,341.3969324037075,7.606351501598312,7.6
300.0,0.0,368.2029266922957,341.26264223076527,7.564024010688855,7.6
300.0,5.0,368.2205286300313,341.2685095433438,7.565873353901309,7.6
300.0,10.0,368.2381305677669,341.2743768559223,7.567722697113764,7.6
300.0,15.000000000000002,368.2557325055025,341.2802441685008,7.569572040326218,7.6
300.0,20.0,368.2733344432381,341.2861114810794,7.57142138353869,7.6
300.0,25.0,368.2909363809737,341.2919787936579,7.573270726751145,7.6
300.0,30.000000000000004,368.3085383187093,341.2978461062364,7.5751200699635985,7.6
300.0,35.0,368.3261402564449,341.303713418815,7.576969413176072,7.6
300.0,40.0,368.3437421941805,341.3095807313935,7.578818756388526,7.6
300.0,45.0,368.3613441319161,341.315448043972,7.580668099600981,7.6
300.0,50.0,368.3789460696517,341.32131535655054,7.582517442813435,7.6
300.0,55.00000000000001,368.3965480073873,341.3271826691291,7.584366786025907,7.6
300.0,60.00000000000001,368.41414994512286,341.33304998170763,7.5862161292383625,7.6
300.0,65.0,368.43175188285846,341.33891729428615,7.588065472450816,7.6
300.0,70.0,368.44935382059407,341.3447846068647,7.589914815663289,7.6
300.0,75.0,368.4669557583297,341.35065191944324,7.591764158875743,7.6
300.0,80.0,368.4845576960653,341.35651923202175,7.593613502088198,7.6
300.0,85.00000000000001,368.50215963380083,341.36238654460027,7.595462845300652,7.6
300.0,90.0,368.51976157153643,341.36825385717884,7.597312188513124,7.6
300.0,95.0,368.53736350927204,341.3741211697573,7.599161531725561,7.6
300.0,100.0,368.55496544700765,341.3799884823359,7.601010874938033,7.6
300.0,105.0,368.57256738474325,341.38585579491445,7.602860218150505,7.6
300.0,110.00000000000001,368.59016932247886,341.39172310749296,7.60470956136296,7.6
300.0,115.00000000000001,368.60777126021446,341.39759042007154,7.606558904575432,7.6
300.0,120.00000000000001,368.62537319795,341.40345773265,7.608408247787869,7.6
300.0,125.0,368.6429751356856,341.40932504522857,7.610257591000341,7.6
300.0,130.0,368.6605770734212,341.41519235780714,7.612106934212814,7.6
300.0,135.0,368.67817901115683,341.4210596703856,7.61395627742525,7.6
300.0,140.0,368.69578094889243,341.4269269829642,7.6158056206377225,7.6
300.0,145.00000000000003,368.713382886628,341.4327942955427,7.617654963850177,7.6
300.0,150.0,368.7309848243636,341.4386616081212,7.619504307062631,7.6
300.0,155.0,368.7485867620992,341.4445289206997,7.621353650275086,7.6
300.0,160.0,368.7661886998348,341.4503962332783,7.623202993487558,7.6
300.0,165.0,368.7837906375704,341.45626354585676,7.625052336699995,7.6
300.0,170.00000000000003,368.801392575306,341.46213085843533,7.626901679912467,7.6
300.0,175.0,368.8189945130416,341.4679981710139,7.62875102312494,7.6
300.0,180.0,368.83659645077717,341.47386548359236,7.630600366337376,7.6
300.0,185.0,368.85419838851277,341.47973279617094,7.6324497095498485,7.6
300.0,190.0,368.8718003262484,341.48560010874945,7.634299052762303,7.6
300.0,195.00000000000003,368.889402263984,341.491467421328,7.636148395974775,7.6
300.0,200.0,368.9070042017196,341.4973347339066,7.637997739187248,7.6
300.0,205.00000000000003,368.9246061394552,341.50320204648506,7.639847082399684,7.6
300.0,210.0,368.94220807719074,341.50906935906363,7.641696425612157,7.6
300.0,215.0,368.95981001492635,341.51493667164215,7.643545768824612,7.6
300.0,220.00000000000003,368.97741195266195,341.52080398422066,7.645395112037066,7.6
300.0,225.0,368.99501389039756,341.5266712967992,7.6472444552495205,7.6
300.0,230.00000000000003,369.01261582813316,341.53253860937775,7.649093798461992,7.6
300.0,235.0,369.03021776586877,341.5384059219562,7.650943141674429,7.7
300.0,240.00000000000003,369.0478197036043,341.5442732345348,7.652792484886901,7.7
300.0,245.00000000000003,369.0654216413399,341.55014054711336,7.654641828099374,7.7
300.0,250.0,369.08302357907553,341.5560078596918,7.65649117131181,7.7
300.0,255.00000000000003,369.10062551681114,341.5618751722704,7.658340514524283,7.7
300.0,260.0,369.11822745454674,341.5677424848489,7.6601898577367376,7.7
300.0,265.00000000000006,369.13582939228235,341.5736097974275,7.662039200949208,7.7
300.0,270.0,369.15343133001795,341.57947711000605,7.663888544161682,7.7
300.0,275.0,369.1710332677535,341.5853444225845,7.665737887374117,7.7
300.0,280.0,369.1886352054891,341.5912117351631,7.667587230586591,7.7
300.0,285.0,369.2062371432247,341.5970790477416,7.669436573799045,7.7
300.0,290.00000000000006,369.2238390809603,341.6029463603201,7.6712859170115,7.7
300.0,295.0,369.2414410186959,341.60881367289863,7.673135260223954,7.7
300.0,300.0,369.2590429564315,341.6146809854772,7.6749846034364255,7.7
